{"DqnS!TLgytMwnHfzZZUmwxoMl78=":["K8eG6xQndOzjmGySavjXHTJFX6c=","8i3RtPtGTlJAxrpx!ri47EGWw7I=","Ufk1EFYWOnatJYH4RGxEm828K9M=","Sw+TzCsiAwrN9UXbxghLeGGDSrs=","37gd3eCfRgvpJ0Ja6JvLe2z8MT8=","PpGWcQRoJWlQvAfLv18ZT6iDasw=","eDfQEM+KERz9HjkQXi5X0BcF1Ok=","fObxPejBcXJUTaLARPOKsaxinek=","y46m3LhW4VQMEQItBjWzirCK2m4=","IL5DCjHo5T2Ik+TqjFY7xhdUMoA=","j2JXl1l73rFSeCK7bVvLk+kbn38=","vdgtlKfnh1E+096uePfyg+cgsKU=","HUXY38U6tOrGFzNwkmL3pmEbTs8=","oZmWSM3B!aMVr7wG+nuIpKh!0Ds="],"6lzMDKXpwxBs!2105Fu181l6gqo=":["j2JXl1l73rFSeCK7bVvLk+kbn38=","DWQERac!rrEG8BqCztiYEtSJTkA=","VR1vNs3olhT8w8f7dwgacSKISC8=","y46m3LhW4VQMEQItBjWzirCK2m4=","O6BHaLpCEjFZgeI9963IFJP2jvs=","xp0hn31rqGHPEeoMiUpxmZAqbkM=","xgWYJfoleqPNPZnM5fwZAmYACgQ=","nEWRgiOGglWqD+cnva5Xswd0avA=","MdGu0Tc03gnRhNrjRowr2UCM4!s=","LGkgJP1YOSKhWm6PHH7Kmc6ybeY="],"!A!bbJsMWoq49gXVjnHwaMMudj8=":["O6BHaLpCEjFZgeI9963IFJP2jvs=","y46m3LhW4VQMEQItBjWzirCK2m4=","LNMKYtAnS+6rFG77FlUxnBOBJiU=","VR1vNs3olhT8w8f7dwgacSKISC8=","nEWRgiOGglWqD+cnva5Xswd0avA=","xgWYJfoleqPNPZnM5fwZAmYACgQ=","3LXerU5VwaErAp7mD3qRaiWhHPw=","bc0WjnnHn3JpiGELIby6d7VYmco=","LGkgJP1YOSKhWm6PHH7Kmc6ybeY="],"qfAJSb5fzCmga87sMcCIYIHHlFA=":["O6BHaLpCEjFZgeI9963IFJP2jvs=","3LXerU5VwaErAp7mD3qRaiWhHPw=","bICb4+fqm1yxquJwDXkuPiuXzAw=","vdgtlKfnh1E+096uePfyg+cgsKU=","9w2sb3n1sgXkILjoTQ0n8jshEMY=","y46m3LhW4VQMEQItBjWzirCK2m4=","lnsmi7asSrUWAS6pYE7qcFe91uc=","!h0RDHi2FZOY1f5kSlvfmb4VrR0=","FN1abks5Y5kfItNig4qX1WTu!T0=","zlRMAB9EBXX4voaofWSA8sluVsc=","LGkgJP1YOSKhWm6PHH7Kmc6ybeY=","LNakE1sAQJZ6ykB9KEZMKgEfyvk=","YQ3lLbCu4zfBJ+jqgs5MHC4WHx4="],"ZqiZLpS!snem08ES29EetyjSiMQ=":["j2JXl1l73rFSeCK7bVvLk+kbn38=","u87TkhE0+VLl9jyi37c4Hrw27yo=","9w2sb3n1sgXkILjoTQ0n8jshEMY=","y46m3LhW4VQMEQItBjWzirCK2m4=","vdgtlKfnh1E+096uePfyg+cgsKU=","xp0hn31rqGHPEeoMiUpxmZAqbkM=","O6BHaLpCEjFZgeI9963IFJP2jvs=","LNMKYtAnS+6rFG77FlUxnBOBJiU=","xgWYJfoleqPNPZnM5fwZAmYACgQ=","sCUMkA!5tMkp4BTIc1ylqdqpiqs=","FwCAzi9HE0B+NIPGJxho!T1lxpI=","cfwkTCCWc!jbMgvWaN8OdkxeRrU=","LGkgJP1YOSKhWm6PHH7Kmc6ybeY="],"TfCYBGzNkrNAk+qOFCRNsDESSoM=":["fObxPejBcXJUTaLARPOKsaxinek=","dYH6Qg2o7lz+eU+3G8mcbh1Btbc=","oZhyaV8fOl8inYuSuu63fSGjAfA=","bf5qD8BNdVw!HrhZgXQ6xdQy1as=","In6WEpQac1W0eEI5xeEtD47tkKc=","JeNEAsc78VK+RXnU8IceaW8Bv48=","j2JXl1l73rFSeCK7bVvLk+kbn38=","zlRMAB9EBXX4voaofWSA8sluVsc=","lnsmi7asSrUWAS6pYE7qcFe91uc=","nS9hyVBJOJ7!1jslKFhnICPl0QM=","1rfDLmiLC!XjtO4BKxg32Onpi78="],"8JwOTBZsTgGUUThktTZjQypr7lc=":["j2JXl1l73rFSeCK7bVvLk+kbn38=","9w2sb3n1sgXkILjoTQ0n8jshEMY=","O6BHaLpCEjFZgeI9963IFJP2jvs=","y46m3LhW4VQMEQItBjWzirCK2m4=","vdgtlKfnh1E+096uePfyg+cgsKU=","IL5DCjHo5T2Ik+TqjFY7xhdUMoA=","xp0hn31rqGHPEeoMiUpxmZAqbkM=","u87TkhE0+VLl9jyi37c4Hrw27yo=","SrO+Oxp2iFKkRCCL9xMS045KI2c=","sCUMkA!5tMkp4BTIc1ylqdqpiqs=","CH2w8fc6GWTXynFZeTyEKO8PouQ=","LGkgJP1YOSKhWm6PHH7Kmc6ybeY="],"WzKINMT6Vq6E0s6B5xz4kHtyD3A=":["sCUMkA!5tMkp4BTIc1ylqdqpiqs=","j2JXl1l73rFSeCK7bVvLk+kbn38=","9w2sb3n1sgXkILjoTQ0n8jshEMY=","FN1abks5Y5kfItNig4qX1WTu!T0=","y46m3LhW4VQMEQItBjWzirCK2m4=","IL5DCjHo5T2Ik+TqjFY7xhdUMoA=","O6BHaLpCEjFZgeI9963IFJP2jvs=","xgWYJfoleqPNPZnM5fwZAmYACgQ=","xp0hn31rqGHPEeoMiUpxmZAqbkM=","crud89BEx3VAspc728vGskyS46E=","LGkgJP1YOSKhWm6PHH7Kmc6ybeY="],"qI4LetJuiRZ7uQ7mbpi!B6uMMlA=":["j2JXl1l73rFSeCK7bVvLk+kbn38=","u87TkhE0+VLl9jyi37c4Hrw27yo=","dtSqj4DtKIb7dGr9T9OKzSJ3btw=","bWDM5Yt2U0JWIB00ZckTzxYsSQg=","SrO+Oxp2iFKkRCCL9xMS045KI2c=","y46m3LhW4VQMEQItBjWzirCK2m4=","sqj!4jmlRiyu6RgipxFfhWJlk30=","AzUlH9MKbR9JkGDzZShsihYZwDg=","LNMKYtAnS+6rFG77FlUxnBOBJiU=","suLcXfq7gbkpyficxTt5vSjVr+Q=","lNRraSrOkAS841OCHGkElUs!2sA="],"xkhCXWMUfDTU3uMR71RubskhHfQ=":["y46m3LhW4VQMEQItBjWzirCK2m4=","j2JXl1l73rFSeCK7bVvLk+kbn38=","bWDM5Yt2U0JWIB00ZckTzxYsSQg=","3LXerU5VwaErAp7mD3qRaiWhHPw=","4afJLkoDpjLLyPjSsdCN9pC92BA=","eDfQEM+KERz9HjkQXi5X0BcF1Ok=","IL5DCjHo5T2Ik+TqjFY7xhdUMoA=","6PPWfTMMoFHMzTMX6bFsyg6NFSU=","xp0hn31rqGHPEeoMiUpxmZAqbkM=","g8XX5A3xdwrLAvW3QOfT6QnCgH0=","bf5qD8BNdVw!HrhZgXQ6xdQy1as=","LGkgJP1YOSKhWm6PHH7Kmc6ybeY="],"yV53RR1fd2ZXjzRMWuz9hLN47Ec=":["eDfQEM+KERz9HjkQXi5X0BcF1Ok=","4XnaXCenrlJfkyPN43Sa2vx!njQ=","O6BHaLpCEjFZgeI9963IFJP2jvs=","8i3RtPtGTlJAxrpx!ri47EGWw7I=","lH1+qrsGEw4YTYdPRpG!GgG9pzU=","y46m3LhW4VQMEQItBjWzirCK2m4=","j2JXl1l73rFSeCK7bVvLk+kbn38=","3LXerU5VwaErAp7mD3qRaiWhHPw=","mDWd2MAmCYh57S+PbwpmkAvOczk=","FN1abks5Y5kfItNig4qX1WTu!T0=","vdgtlKfnh1E+096uePfyg+cgsKU=","UXNQeZJAMeE5cZJ0EiBXuPFb7WU=","JxT+iMMTUMWr6K5o9GZ6cQodoiI=","LGkgJP1YOSKhWm6PHH7Kmc6ybeY="],"F0P8BnLCZODINT2OJOmIDMGwHpU=":["j2JXl1l73rFSeCK7bVvLk+kbn38=","y46m3LhW4VQMEQItBjWzirCK2m4=","vdgtlKfnh1E+096uePfyg+cgsKU=","eDfQEM+KERz9HjkQXi5X0BcF1Ok=","xgWYJfoleqPNPZnM5fwZAmYACgQ=","LNMKYtAnS+6rFG77FlUxnBOBJiU=","O6BHaLpCEjFZgeI9963IFJP2jvs=","3LXerU5VwaErAp7mD3qRaiWhHPw=","bWDM5Yt2U0JWIB00ZckTzxYsSQg=","ldpyg9hmTq7rXu3CO9jUW3VBj5M="],"BQrnDkEVKhNJ2Hwy86Y7!3xVMTo=":["j2JXl1l73rFSeCK7bVvLk+kbn38=","y46m3LhW4VQMEQItBjWzirCK2m4=","3LXerU5VwaErAp7mD3qRaiWhHPw=","O6BHaLpCEjFZgeI9963IFJP2jvs=","fObxPejBcXJUTaLARPOKsaxinek=","vdgtlKfnh1E+096uePfyg+cgsKU=","SYaCqCn2G1Ckh2jvBWQeDVbCM70=","NFswOgta5Ogh0stVlyejxaJ+Mhk=","LGkgJP1YOSKhWm6PHH7Kmc6ybeY="],"MWwH1dfS0jaac1ZVrcXuTtTWe3U=":["xgWYJfoleqPNPZnM5fwZAmYACgQ=","y46m3LhW4VQMEQItBjWzirCK2m4=","3LXerU5VwaErAp7mD3qRaiWhHPw=","LGkgJP1YOSKhWm6PHH7Kmc6ybeY=","vdgtlKfnh1E+096uePfyg+cgsKU=","D3nR+KIfX9hlCnX7qyAYL7fFSfw=","j2JXl1l73rFSeCK7bVvLk+kbn38=","bf5qD8BNdVw!HrhZgXQ6xdQy1as=","nEWRgiOGglWqD+cnva5Xswd0avA=","QTuOQODinPkwVcsx9Ljr55+cEco="],"ONhxNGsCv2I0MBIGuGZN50D18Nw=":["suLcXfq7gbkpyficxTt5vSjVr+Q=","BXPSv!zzJjl1FleNt!EH+ykQNjw=","fObxPejBcXJUTaLARPOKsaxinek=","xp0hn31rqGHPEeoMiUpxmZAqbkM=","sCUMkA!5tMkp4BTIc1ylqdqpiqs=","bf5qD8BNdVw!HrhZgXQ6xdQy1as=","9nSTofQd7ZQ3!jUMkcNN6s8CdYI=","LNMKYtAnS+6rFG77FlUxnBOBJiU=","8Smixd93zH22iJ!jNBJ0GamiC10=","Ex!Rg66ieDfIt3pxOxumRGPKCHc=","uRcvOjsTP6CQdHFImw1ia2Eianc="],"wRVz+20faNMzwdhUbxkVflQXJ3A=":["sCUMkA!5tMkp4BTIc1ylqdqpiqs=","bf5qD8BNdVw!HrhZgXQ6xdQy1as=","LNMKYtAnS+6rFG77FlUxnBOBJiU=","dYH6Qg2o7lz+eU+3G8mcbh1Btbc=","9nSTofQd7ZQ3!jUMkcNN6s8CdYI=","fObxPejBcXJUTaLARPOKsaxinek=","nEWRgiOGglWqD+cnva5Xswd0avA=","y46m3LhW4VQMEQItBjWzirCK2m4=","xp0hn31rqGHPEeoMiUpxmZAqbkM=","6KCn1w!F8glnOqXeXE+CWjd9fpo=","!jLp16Sx3iFK!Zctzdd6feGZILQ=","uRcvOjsTP6CQdHFImw1ia2Eianc="],"tBM1dkoz9GD+cRsHEkEUEMCcNc8=":["SrO+Oxp2iFKkRCCL9xMS045KI2c=","!In!9fUpRDZHjCndOwF3l5EIFnY=","T23H7KMJlQAX1vrOzvTxtnTOpdg=","wuNl8GXi4yYBVtDzN6kjMCvvITs=","y46m3LhW4VQMEQItBjWzirCK2m4=","j2JXl1l73rFSeCK7bVvLk+kbn38=","aucOyFwSyzS7N33QssTBbcN9jtI=","3LXerU5VwaErAp7mD3qRaiWhHPw=","uRcvOjsTP6CQdHFImw1ia2Eianc="],"r7uUufHGYcLJy1GhqhkVInlSm+k=":["eDfQEM+KERz9HjkQXi5X0BcF1Ok=","P6b+SfT0p7Rlypnj5w5!Kbe9x40=","FN1abks5Y5kfItNig4qX1WTu!T0=","vR5cX+Y5!D6tA+JLO7XUEPq9ZAg=","SrO+Oxp2iFKkRCCL9xMS045KI2c=","wuNl8GXi4yYBVtDzN6kjMCvvITs=","WnUsde68OPbbEbCZtKJ9FpU!kXU=","1L22rmIXwS6x1JK3DhVR6LH9U6A="],"f!NCNlHQglg7w1dBBjh4iTXxLQQ=":["DWQERac!rrEG8BqCztiYEtSJTkA=","j2JXl1l73rFSeCK7bVvLk+kbn38=","y46m3LhW4VQMEQItBjWzirCK2m4=","4afJLkoDpjLLyPjSsdCN9pC92BA=","eDfQEM+KERz9HjkQXi5X0BcF1Ok=","LGkgJP1YOSKhWm6PHH7Kmc6ybeY=","xp0hn31rqGHPEeoMiUpxmZAqbkM=","uRcvOjsTP6CQdHFImw1ia2Eianc=","bf5qD8BNdVw!HrhZgXQ6xdQy1as=","ckNNVrF2HLvCXaFAuXEmf1RH0bs=","4xQ9mXsMtS9Ds9O9kTvFCkBoZ9w="],"uNqfCGpwvRGOgHlRX0zPshb4Pp0=":["9nSTofQd7ZQ3!jUMkcNN6s8CdYI=","LNMKYtAnS+6rFG77FlUxnBOBJiU=","cxaUkgWX+RKr7cv4WvdKsQfIoFs=","IH3MPD4oT86QpdAYKBSS0bSYSgg=","!In!9fUpRDZHjCndOwF3l5EIFnY=","L2BAKyFweVzXIITR7IDzEY0O0sU=","sCUMkA!5tMkp4BTIc1ylqdqpiqs=","bf5qD8BNdVw!HrhZgXQ6xdQy1as=","JeNEAsc78VK+RXnU8IceaW8Bv48=","SI0FbgZaJwp1EpYA4R+VzPm2v5E=","LGkgJP1YOSKhWm6PHH7Kmc6ybeY="],"9Caq!gURkL1!jeVvNaeK0mWmLKg=":["LGkgJP1YOSKhWm6PHH7Kmc6ybeY=","y46m3LhW4VQMEQItBjWzirCK2m4=","j2JXl1l73rFSeCK7bVvLk+kbn38=","O6BHaLpCEjFZgeI9963IFJP2jvs=","xp0hn31rqGHPEeoMiUpxmZAqbkM=","SUgezMtLdC46QMoHMeaAHe69GPQ="],"!0WacZ4HUIl5YamXSQt3uGxaBAY=":["y46m3LhW4VQMEQItBjWzirCK2m4=","!h0RDHi2FZOY1f5kSlvfmb4VrR0=","O6BHaLpCEjFZgeI9963IFJP2jvs=","LGkgJP1YOSKhWm6PHH7Kmc6ybeY=","wuNl8GXi4yYBVtDzN6kjMCvvITs=","j2JXl1l73rFSeCK7bVvLk+kbn38=","xp0hn31rqGHPEeoMiUpxmZAqbkM=","0CNJCr!st0k06!3tI8J8imqAhoA="],"U8Lxdsw3!Pnxh7SR5egTuHzhHqE=":["fObxPejBcXJUTaLARPOKsaxinek=","SrO+Oxp2iFKkRCCL9xMS045KI2c=","eDfQEM+KERz9HjkQXi5X0BcF1Ok=","O6BHaLpCEjFZgeI9963IFJP2jvs=","mDWd2MAmCYh57S+PbwpmkAvOczk=","teK5mn!e6qfZeuIzlPD0zN9o4IA=","vdgtlKfnh1E+096uePfyg+cgsKU=","VnRTx1g0UqiIFZuSko6Mj303xHk="],"PNddGXxVgM04um7MDf84b7pw3Oc=":["CgZOZBvdaIcH6bmzKW8zaJLtzlE=","blS8ffwKGBrBWTkwrVdYp8R48E0=","j2JXl1l73rFSeCK7bVvLk+kbn38=","DO7roVlJuuhbACHg8ysdkCgtM4E=","LGkgJP1YOSKhWm6PHH7Kmc6ybeY="],"xqa6uC1NWSzqBbagQxDoq2datWA=":["CgZOZBvdaIcH6bmzKW8zaJLtzlE=","j2JXl1l73rFSeCK7bVvLk+kbn38=","y46m3LhW4VQMEQItBjWzirCK2m4=","dqNOmrMLPkvMElcr!gYzeOuYuuo="],"l4fOlRnpqyXG57QyWi+JVIiGQjA=":["CgZOZBvdaIcH6bmzKW8zaJLtzlE=","BIrpOWXcfHSiB1Nrmq!T0X4HMM0=","EwxHOVNvQuO9OG3nHG+0A7w4Omo=","x4dPvpg!yyFlnW0br32vuAofyCU=","KtGolv1fiheSo!YPUqOl54St0iY=","gtFO9pKEepKJNCJkf+R1K1iWEUw=","Cr8BjMTdCDDykR1q44JgM54gbSE=","LGkgJP1YOSKhWm6PHH7Kmc6ybeY=","747L6F8c+aM4dnzYKG4OpBbRgns="],"QwXoXotx0CGQy727yDStA4B3Gbs=":["CgZOZBvdaIcH6bmzKW8zaJLtzlE=","BIrpOWXcfHSiB1Nrmq!T0X4HMM0=","EwxHOVNvQuO9OG3nHG+0A7w4Omo=","x4dPvpg!yyFlnW0br32vuAofyCU=","gtFO9pKEepKJNCJkf+R1K1iWEUw=","Ewy6wgIZuMt!h0eJLrTyiKHGsR8="],"zJFeisYp8w0Nse!qUSxIhyF9O8k=":["9w2sb3n1sgXkILjoTQ0n8jshEMY=","FN1abks5Y5kfItNig4qX1WTu!T0=","O6BHaLpCEjFZgeI9963IFJP2jvs=","mDWd2MAmCYh57S+PbwpmkAvOczk=","EfYa2RoaY6akGH!w4KS2HF9j9yk=","HhBkaxCNzIBErW9PJiLpSdJXaW4=","LNMKYtAnS+6rFG77FlUxnBOBJiU=","QKavbYo+6Zqi9s5LvOmVUBWSUhs="],"+FruB9Up3dAr2lSmBQAPOCiZCiQ=":["FN1abks5Y5kfItNig4qX1WTu!T0=","xp0hn31rqGHPEeoMiUpxmZAqbkM=","fObxPejBcXJUTaLARPOKsaxinek=","9JP1DbjOtGvo6Bni+caoF5YC6tY=","mDWd2MAmCYh57S+PbwpmkAvOczk=","CySdy75iJEPcv8D8kfQjHTUxIIs="],"hqzcR4kVEkQPbfGseS1N7udFS6Y=":["FvTJLMju2AkcnXdWJVKCQUXPGoo=","9JP1DbjOtGvo6Bni+caoF5YC6tY=","fObxPejBcXJUTaLARPOKsaxinek=","8i3RtPtGTlJAxrpx!ri47EGWw7I=","+DjH2+mPa7FRg9Et!NIYdmAKJ+U=","eDfQEM+KERz9HjkQXi5X0BcF1Ok=","fcNdYdIqs0DUuTAmQY8AX1i82ho="],"F+TzdW3WvIhkovLGws!0Jea9+0M=":["fObxPejBcXJUTaLARPOKsaxinek=","eDfQEM+KERz9HjkQXi5X0BcF1Ok=","IiOF6GUrv+Tj4mFMFTpmMz6N!Uc=","Tnotefd0LXqdDTba9ZdAa88p6TU=","WC+U!Ua+7e5peU8SPd1sT000vkI=","uJc4pp4UunF7TNrQmfHa!pAcKzk=","SrO+Oxp2iFKkRCCL9xMS045KI2c=","BLSQzuabCD290aSXgjFkj4rnIE4="],"mWtTEw7OispScnxSnuFijF98!pU=":["zHk0NbxqCR4Jikl6bihTARmIzCA=","+AUzZri4wsmvb2J20tKyrlVe+NQ=","hfBPXxgy+oB06b!3IJ3hHfT7FZ4=","Rat7z1eewi5tU40jLQ99wDI5UnA="],"t+FBQnrIoGYSNqeku9vnYr6+!wk=":["2rFQGQcI2!YoP0JIgu4u6n!BVUs=","zHk0NbxqCR4Jikl6bihTARmIzCA=","+AUzZri4wsmvb2J20tKyrlVe+NQ=","hfBPXxgy+oB06b!3IJ3hHfT7FZ4=","KOZ4bpcF7b1yrAZFk+kvwqLewJ4="],"0zqL6CqgvxjGxc!3iQuOwqZnN3w=":["y46m3LhW4VQMEQItBjWzirCK2m4=","LNMKYtAnS+6rFG77FlUxnBOBJiU=","O6BHaLpCEjFZgeI9963IFJP2jvs=","j2JXl1l73rFSeCK7bVvLk+kbn38=","hfBPXxgy+oB06b!3IJ3hHfT7FZ4=","9JP1DbjOtGvo6Bni+caoF5YC6tY=","fObxPejBcXJUTaLARPOKsaxinek=","FwCAzi9HE0B+NIPGJxho!T1lxpI=","cxaUkgWX+RKr7cv4WvdKsQfIoFs=","xp0hn31rqGHPEeoMiUpxmZAqbkM=","e6vcIKYD2hozOG!DcU+C0A1LEMc="],"rQArtV!bkUw!U6hM6DtuIh+zlGs=":["hbcKDRxBgmtjtA5V7c6a9z7rzIM=","9w2sb3n1sgXkILjoTQ0n8jshEMY=","FvTJLMju2AkcnXdWJVKCQUXPGoo=","EY4wSOnJY+m0REFemGyx7K3cfDw=","!h0RDHi2FZOY1f5kSlvfmb4VrR0=","3SATByHGH7Ps09yZKzy6lWLj+g4=","kwgKfKhWrcV8jd9nZoHUWFGBTHo="],"i20rTsrqLZgozpH43Fl0zgMx7Jo=":["K8eG6xQndOzjmGySavjXHTJFX6c=","fObxPejBcXJUTaLARPOKsaxinek=","n+NQgo0MEsaFIEWtsTpXCxwfhfA=","37gd3eCfRgvpJ0Ja6JvLe2z8MT8=","eDfQEM+KERz9HjkQXi5X0BcF1Ok=","y46m3LhW4VQMEQItBjWzirCK2m4=","D3nR+KIfX9hlCnX7qyAYL7fFSfw=","IiOF6GUrv+Tj4mFMFTpmMz6N!Uc=","3k087PJFcY4QtF5GXGJDV6T5Z9w=","Ummwu3WoIyqTOIUDPf2XnpqZeOc=","OW36N3GolZYlfFohz!AbCpYYB48="],"5u0EMniqJyBJi8I+LVJyxRKO26Y=":["fObxPejBcXJUTaLARPOKsaxinek=","O6BHaLpCEjFZgeI9963IFJP2jvs=","eDfQEM+KERz9HjkQXi5X0BcF1Ok=","Z0Sub2RwcIFR0wVloK5E7AcWzdk=","XhQDifJ5!P7KzOi!z9XWwXfz8gw=","37gd3eCfRgvpJ0Ja6JvLe2z8MT8=","KnvY98rlCoJqasuEFVKlqWKJJo0="],"3aq8ia3H6VY76uvGQdP4hFtG7ig=":["PpGWcQRoJWlQvAfLv18ZT6iDasw=","Sw+TzCsiAwrN9UXbxghLeGGDSrs=","eDfQEM+KERz9HjkQXi5X0BcF1Ok=","Z0Sub2RwcIFR0wVloK5E7AcWzdk=","3k087PJFcY4QtF5GXGJDV6T5Z9w=","9w2sb3n1sgXkILjoTQ0n8jshEMY=","FvTJLMju2AkcnXdWJVKCQUXPGoo=","CK4D5ltVYWc6xoFSndJVItqFrU4=","dtSqj4DtKIb7dGr9T9OKzSJ3btw=","8i3RtPtGTlJAxrpx!ri47EGWw7I=","Ufk1EFYWOnatJYH4RGxEm828K9M=","!Cdm3d7ESsjbcPnsHwN!HIvoHoI="],"lmg7oDOPTcJM1hUXgdymxeaRYYQ=":["eDfQEM+KERz9HjkQXi5X0BcF1Ok=","PpGWcQRoJWlQvAfLv18ZT6iDasw=","K8eG6xQndOzjmGySavjXHTJFX6c=","fObxPejBcXJUTaLARPOKsaxinek=","Z0Sub2RwcIFR0wVloK5E7AcWzdk=","2cmxVx+2cLVR2+yD+pxYJXfxZdk=","HUYTrr2M53rxmKl7GesK+Wpn3aE=","!PUmJDlTzw8EsKbE7YKJ9rELYR0=","37gd3eCfRgvpJ0Ja6JvLe2z8MT8=","JIcUF2AG3!qC9YlqZlgNaoJin2g=","jlw5Kum!PJJnohqxwEoPnHGtT8E="],"xCac169VqGoOJvz4mYEZoLKhN4A=":["eDfQEM+KERz9HjkQXi5X0BcF1Ok=","PpGWcQRoJWlQvAfLv18ZT6iDasw=","K8eG6xQndOzjmGySavjXHTJFX6c=","O6BHaLpCEjFZgeI9963IFJP2jvs=","fObxPejBcXJUTaLARPOKsaxinek=","n+NQgo0MEsaFIEWtsTpXCxwfhfA=","2cmxVx+2cLVR2+yD+pxYJXfxZdk=","HUYTrr2M53rxmKl7GesK+Wpn3aE=","!PUmJDlTzw8EsKbE7YKJ9rELYR0=","8i3RtPtGTlJAxrpx!ri47EGWw7I=","37gd3eCfRgvpJ0Ja6JvLe2z8MT8=","JIcUF2AG3!qC9YlqZlgNaoJin2g=","8dfIyHyLxV40xYQ9RpyuudhPC7A="],"uVkC+9wJuUrSmEviyC!xCfW0Scc=":["Sw+TzCsiAwrN9UXbxghLeGGDSrs=","eDfQEM+KERz9HjkQXi5X0BcF1Ok=","fObxPejBcXJUTaLARPOKsaxinek=","SYaCqCn2G1Ckh2jvBWQeDVbCM70=","dtSqj4DtKIb7dGr9T9OKzSJ3btw=","CK4D5ltVYWc6xoFSndJVItqFrU4=","37gd3eCfRgvpJ0Ja6JvLe2z8MT8=","D25BCyKXnRUvwdT4PCDKd4qjIkY=","OW36N3GolZYlfFohz!AbCpYYB48="],"VdVlDTMw+u3TPEhMYJy6+eIYPDU=":["n+NQgo0MEsaFIEWtsTpXCxwfhfA=","O6BHaLpCEjFZgeI9963IFJP2jvs=","y46m3LhW4VQMEQItBjWzirCK2m4=","eDfQEM+KERz9HjkQXi5X0BcF1Ok=","4XnaXCenrlJfkyPN43Sa2vx!njQ=","j2JXl1l73rFSeCK7bVvLk+kbn38=","fObxPejBcXJUTaLARPOKsaxinek=","D3nR+KIfX9hlCnX7qyAYL7fFSfw=","YyWxxVsrEpYV7Pr7IontseiUpC8=","HWhIMmsrZrgxJ!mVAMCe4ljYX4w="],"hfp9rCjlmg0uOvOWGNzonCWUAZ8=":["37gd3eCfRgvpJ0Ja6JvLe2z8MT8=","bSFBh4xEtD+NQO7YPK6pakxUlsU=","3k087PJFcY4QtF5GXGJDV6T5Z9w=","bWDM5Yt2U0JWIB00ZckTzxYsSQg=","DD6TmHwmCQRw82YRrPnVfRVi1Xk=","O6BHaLpCEjFZgeI9963IFJP2jvs=","vm4QkMIhZeg4XKtHlxFaTUUB3Q4=","OW36N3GolZYlfFohz!AbCpYYB48="],"Lao7KI0BdriDW!Hm6xK+FQ95wew=":["vgx0E+y5qEWLWh7Y70WwwZHI0wQ=","2rFQGQcI2!YoP0JIgu4u6n!BVUs=","WC+U!Ua+7e5peU8SPd1sT000vkI=","het6TcRAz0GdkiqnXIxp7NrUgmM=","Tnotefd0LXqdDTba9ZdAa88p6TU=","uJc4pp4UunF7TNrQmfHa!pAcKzk=","DD6TmHwmCQRw82YRrPnVfRVi1Xk=","KgwK9c!krJrJIJglQBMJH1wk!tM=","bSFBh4xEtD+NQO7YPK6pakxUlsU=","a4tJq3KuNyxpsFqrvlC08DHgxTo="],"IWIZ+OzjoGe8WaxZJAdAlduTeM4=":["Pz!HzIwW3dnrPSNXXN9QxIDJ+ec=","SrO+Oxp2iFKkRCCL9xMS045KI2c=","jAccnsaG6aNkeYRStKGY1utN+ok=","i0GRkmH8zZe2glnCSMWShdBGNGk=","ErrudH+ernI9euZWn+NSpzpVo2c=","aa1GPRG7npF25lScvgiKSAso25c=","eDfQEM+KERz9HjkQXi5X0BcF1Ok=","hPzmMuJQfkyzSHLSKJzZ4eL47Ds="],"lbaKvAG9cUEWUD+R5mUaCRNcMZQ=":["u87TkhE0+VLl9jyi37c4Hrw27yo=","zTKiidypycqfHRDKRf9hzABOLXA=","9nSTofQd7ZQ3!jUMkcNN6s8CdYI=","fKS2990Vo6!xja0Y5ICx4bQ!Tvc="],"Itj+h3TzfFt3ldO1pLrQ!ARbE+Q=":["jAccnsaG6aNkeYRStKGY1utN+ok=","4afJLkoDpjLLyPjSsdCN9pC92BA=","1h70uP2tjh8v7WnkenisadsaXDg=","QhI70xokMynK9ElJuTSInFhEwqM="],"JZFBz0qr62NWGTfmWnffmavVxiQ=":["K8eG6xQndOzjmGySavjXHTJFX6c=","8i3RtPtGTlJAxrpx!ri47EGWw7I=","lH1+qrsGEw4YTYdPRpG!GgG9pzU=","lnsmi7asSrUWAS6pYE7qcFe91uc=","ySbJj9Qwpbtbrc126sSSeJUqgR8=","O6BHaLpCEjFZgeI9963IFJP2jvs=","LNMKYtAnS+6rFG77FlUxnBOBJiU=","e4Vbfdq4pSzlNtMXVaDz37O5w9Q=","EkksT1r1YczfTYRMM6DlLOIhKv8=","47rfRi!gFR7Ci2v1SSJtLrBcfOc="],"S5VzSUJQK44M4oJitKjfsoTgt1Q=":["lnsmi7asSrUWAS6pYE7qcFe91uc=","KTo0tMpKP53j+pT8QcdPvBzJM6A=","EkksT1r1YczfTYRMM6DlLOIhKv8=","6PPWfTMMoFHMzTMX6bFsyg6NFSU=","dYH6Qg2o7lz+eU+3G8mcbh1Btbc=","e4Vbfdq4pSzlNtMXVaDz37O5w9Q=","O6BHaLpCEjFZgeI9963IFJP2jvs=","HAvAh2ZJIBCHvPyPBx19xvp9RBk="],"6JkYgguOk4ahjustmu+cUJFiRQo=":["jPWxXE8W0YYo1Y7mgDyxaNpvzBc=","!In!9fUpRDZHjCndOwF3l5EIFnY=","aa1GPRG7npF25lScvgiKSAso25c=","wuNl8GXi4yYBVtDzN6kjMCvvITs=","T23H7KMJlQAX1vrOzvTxtnTOpdg=","blS8ffwKGBrBWTkwrVdYp8R48E0=","SrO+Oxp2iFKkRCCL9xMS045KI2c=","63XOdOUfxTIVcurolJGWUpbHIO4="],"SakDlOFO6qrtJ+MLRo5w8kneKJo=":["EilJvqLZiT5VPMt!8kWx+eRiAzY=","1h70uP2tjh8v7WnkenisadsaXDg=","i0GRkmH8zZe2glnCSMWShdBGNGk=","wuNl8GXi4yYBVtDzN6kjMCvvITs=","T23H7KMJlQAX1vrOzvTxtnTOpdg=","blS8ffwKGBrBWTkwrVdYp8R48E0=","SrO+Oxp2iFKkRCCL9xMS045KI2c=","7OlhPXAltaMHdgx9tnmx8r6L6q8="],"OcF7NKoNK9iH9oXpPRxCPJOcqH4=":["1X+opiwKknFLuppDw+jlcnI3ayg=","U767ToLI50ByvcSdoXT8fCwrHno=","wuNl8GXi4yYBVtDzN6kjMCvvITs=","!In!9fUpRDZHjCndOwF3l5EIFnY=","blS8ffwKGBrBWTkwrVdYp8R48E0=","SrO+Oxp2iFKkRCCL9xMS045KI2c=","afB3NRjcR7itdZZ3rL0uTvi6BoM=","F+ITLYmuKVprcHNX3Do9!6TjSME="],"rsd5OTDV73+IxrP7HNLMurCYaRQ=":["t1fHmw9Q6V4EvnKzu+aQg+ppMIg=","U767ToLI50ByvcSdoXT8fCwrHno=","wuNl8GXi4yYBVtDzN6kjMCvvITs=","!In!9fUpRDZHjCndOwF3l5EIFnY=","KhlQM95CWHOrzjl0MLIzokxGwRs=","5VyCul2l+IiXCbZaGDxWhPoEQAQ=","SrO+Oxp2iFKkRCCL9xMS045KI2c=","pRh5f8n!CWRA9ohAm2X06jlL05Q="],"3+8cdkKx!lqFeuWNGcO+x4kWVsY=":["aS3rmBhBQxsF4rSun8fc+LOMOSI=","!In!9fUpRDZHjCndOwF3l5EIFnY=","afB3NRjcR7itdZZ3rL0uTvi6BoM=","wuNl8GXi4yYBVtDzN6kjMCvvITs=","T23H7KMJlQAX1vrOzvTxtnTOpdg=","SrO+Oxp2iFKkRCCL9xMS045KI2c=","blS8ffwKGBrBWTkwrVdYp8R48E0=","ONNd0ut3JdJiX8pPBo5ZurlZg+U="],"UA4SWRMuNwHAjwMbHLV+9q05Cno=":["CgZOZBvdaIcH6bmzKW8zaJLtzlE=","!In!9fUpRDZHjCndOwF3l5EIFnY=","wuNl8GXi4yYBVtDzN6kjMCvvITs=","SrO+Oxp2iFKkRCCL9xMS045KI2c=","y46m3LhW4VQMEQItBjWzirCK2m4=","T23H7KMJlQAX1vrOzvTxtnTOpdg=","blS8ffwKGBrBWTkwrVdYp8R48E0=","Go0kcW7h1dEm6tpUm2MNqGhTU70="],"+MnMQzSNR4tlWoInH2RRoXruKOw=":["4XnaXCenrlJfkyPN43Sa2vx!njQ=","eDfQEM+KERz9HjkQXi5X0BcF1Ok=","8i3RtPtGTlJAxrpx!ri47EGWw7I=","IiOF6GUrv+Tj4mFMFTpmMz6N!Uc=","O6BHaLpCEjFZgeI9963IFJP2jvs=","fObxPejBcXJUTaLARPOKsaxinek=","K8eG6xQndOzjmGySavjXHTJFX6c=","bWDM5Yt2U0JWIB00ZckTzxYsSQg=","37gd3eCfRgvpJ0Ja6JvLe2z8MT8=","3k087PJFcY4QtF5GXGJDV6T5Z9w=","lhF2BXUWvo0hcPpINZLndM6N1M8="],"rLQSuKYlqImv74rlEq7EaS2sRHM=":["9w2sb3n1sgXkILjoTQ0n8jshEMY=","FvTJLMju2AkcnXdWJVKCQUXPGoo=","hbcKDRxBgmtjtA5V7c6a9z7rzIM=","eDfQEM+KERz9HjkQXi5X0BcF1Ok=","4XnaXCenrlJfkyPN43Sa2vx!njQ=","fObxPejBcXJUTaLARPOKsaxinek=","JImlE6xJcnKfLcvjdhPAo4XUHIo=","EY4wSOnJY+m0REFemGyx7K3cfDw=","qgZHx8rZqgqGCM9pglfTuJYEUm0=","h2lt528ZluRh7ArxCPAAoiGgI9E=","8rUomgzlfsnU1nu1V!LWGc9tZZQ="],"AkEbrf+Afz6Wpw!g4CM6tpxB924=":["EY4wSOnJY+m0REFemGyx7K3cfDw=","hbcKDRxBgmtjtA5V7c6a9z7rzIM=","O6BHaLpCEjFZgeI9963IFJP2jvs=","dbkz0NEAGShUdWlS5OIQIBgueFQ=","3SATByHGH7Ps09yZKzy6lWLj+g4=","mDWd2MAmCYh57S+PbwpmkAvOczk=","eDfQEM+KERz9HjkQXi5X0BcF1Ok=","FvTJLMju2AkcnXdWJVKCQUXPGoo=","MSFpmee6yIwd!JCj6rsAXsJOnJw="],"9fRDWommgYNy96OmR3PSbWyB6Rk=":["hbcKDRxBgmtjtA5V7c6a9z7rzIM=","O6BHaLpCEjFZgeI9963IFJP2jvs=","IiOF6GUrv+Tj4mFMFTpmMz6N!Uc=","EY4wSOnJY+m0REFemGyx7K3cfDw=","3SATByHGH7Ps09yZKzy6lWLj+g4=","9w2sb3n1sgXkILjoTQ0n8jshEMY=","SrO+Oxp2iFKkRCCL9xMS045KI2c=","mDWd2MAmCYh57S+PbwpmkAvOczk=","t0o14VIRqpTfFUcfLbzapmdOfKE=","h2lt528ZluRh7ArxCPAAoiGgI9E="],"icRPx!s6Yufv9CyzO1IrO!RFFRw=":["n+NQgo0MEsaFIEWtsTpXCxwfhfA=","mDWd2MAmCYh57S+PbwpmkAvOczk=","DWQERac!rrEG8BqCztiYEtSJTkA=","LNMKYtAnS+6rFG77FlUxnBOBJiU=","O6BHaLpCEjFZgeI9963IFJP2jvs=","eDfQEM+KERz9HjkQXi5X0BcF1Ok=","4XnaXCenrlJfkyPN43Sa2vx!njQ=","vdgtlKfnh1E+096uePfyg+cgsKU=","HWhIMmsrZrgxJ!mVAMCe4ljYX4w=","lH1+qrsGEw4YTYdPRpG!GgG9pzU=","y46m3LhW4VQMEQItBjWzirCK2m4=","9JP1DbjOtGvo6Bni+caoF5YC6tY=","JyZCxBLBVw5qCRfY9MawX4mwdVk=","nO9RxO3ktSM!92UgYFpz0DK863U=","yY8GdTd5K71xhIIYZIuGoaq3Unk=","EdUucdvrlX51DgbgbSXo0jVy6H8="],"Cn+nFHu!JFqmuydSduBy1UjEpeY=":["eDfQEM+KERz9HjkQXi5X0BcF1Ok=","K8eG6xQndOzjmGySavjXHTJFX6c=","SYaCqCn2G1Ckh2jvBWQeDVbCM70=","fObxPejBcXJUTaLARPOKsaxinek=","UXNQeZJAMeE5cZJ0EiBXuPFb7WU=","O6BHaLpCEjFZgeI9963IFJP2jvs=","8i3RtPtGTlJAxrpx!ri47EGWw7I=","CXHDA77h9pdLNTza6ejtZJdIOQk=","LNMKYtAnS+6rFG77FlUxnBOBJiU=","CK4D5ltVYWc6xoFSndJVItqFrU4=","lH1+qrsGEw4YTYdPRpG!GgG9pzU=","uXDbyDaKA7BFfvQoQ3fStcpoAhs=","HWhIMmsrZrgxJ!mVAMCe4ljYX4w="],"ZlvrhXhA10X2y5m1BKtsDlMhA6w=":["eDfQEM+KERz9HjkQXi5X0BcF1Ok=","bWDM5Yt2U0JWIB00ZckTzxYsSQg=","Z0Sub2RwcIFR0wVloK5E7AcWzdk=","O6BHaLpCEjFZgeI9963IFJP2jvs=","4XnaXCenrlJfkyPN43Sa2vx!njQ=","fObxPejBcXJUTaLARPOKsaxinek=","j2JXl1l73rFSeCK7bVvLk+kbn38=","8i3RtPtGTlJAxrpx!ri47EGWw7I=","2cmxVx+2cLVR2+yD+pxYJXfxZdk=","y46m3LhW4VQMEQItBjWzirCK2m4=","9u7YyHOF4zBq9UqXISLD3lGVzjY=","HWhIMmsrZrgxJ!mVAMCe4ljYX4w="],"1ymX7BCii1tZ4wu7zDEPJksc7u8=":["DWQERac!rrEG8BqCztiYEtSJTkA=","Z0Sub2RwcIFR0wVloK5E7AcWzdk=","O6BHaLpCEjFZgeI9963IFJP2jvs=","mDWd2MAmCYh57S+PbwpmkAvOczk=","y46m3LhW4VQMEQItBjWzirCK2m4=","eDfQEM+KERz9HjkQXi5X0BcF1Ok=","4XnaXCenrlJfkyPN43Sa2vx!njQ=","j2JXl1l73rFSeCK7bVvLk+kbn38=","fObxPejBcXJUTaLARPOKsaxinek=","kAMjAaxVmbU!I2Nftama!CfZzP0=","HWhIMmsrZrgxJ!mVAMCe4ljYX4w=","Z9+VdgzcLhlxcyho0p6zRKCz1Os=","EdUucdvrlX51DgbgbSXo0jVy6H8="],"kYgjQX04ecI5jLXKObnK70gL9Zg=":["O6BHaLpCEjFZgeI9963IFJP2jvs=","y46m3LhW4VQMEQItBjWzirCK2m4=","cxaUkgWX+RKr7cv4WvdKsQfIoFs=","eDfQEM+KERz9HjkQXi5X0BcF1Ok=","dYH6Qg2o7lz+eU+3G8mcbh1Btbc=","xp0hn31rqGHPEeoMiUpxmZAqbkM=","LNMKYtAnS+6rFG77FlUxnBOBJiU=","Ii7lTlnPt9sWeF4aUqi6S1nJzZc=","Oin0wR!l3KnbN+qubesAiLEV5JU=","!Noysw+9!5cTs9!QNeSO4TgwpC0=","j2JXl1l73rFSeCK7bVvLk+kbn38="],"BZ05YwwdXGfkcbZCZeME62nH9SE=":["CXHDA77h9pdLNTza6ejtZJdIOQk=","UXNQeZJAMeE5cZJ0EiBXuPFb7WU=","O6BHaLpCEjFZgeI9963IFJP2jvs=","oZhyaV8fOl8inYuSuu63fSGjAfA=","djlNnkgMKfrSriyb7uHYBb+7HQE=","JIrbF07iZtE9hvFgOTnN9!pFcYc="],"rZnB58n5wlmnsLZRnS3YRqym4V4=":["oZhyaV8fOl8inYuSuu63fSGjAfA=","JImlE6xJcnKfLcvjdhPAo4XUHIo=","CXHDA77h9pdLNTza6ejtZJdIOQk=","djlNnkgMKfrSriyb7uHYBb+7HQE=","8i3RtPtGTlJAxrpx!ri47EGWw7I=","!h7YF0opNvI3zzqjjWqOp11z3nU="],"32CO!yWnT6JzdcgliAzaVNzA+sI=":["O6BHaLpCEjFZgeI9963IFJP2jvs=","LNMKYtAnS+6rFG77FlUxnBOBJiU=","cxaUkgWX+RKr7cv4WvdKsQfIoFs=","Ii7lTlnPt9sWeF4aUqi6S1nJzZc=","Oin0wR!l3KnbN+qubesAiLEV5JU=","SrO+Oxp2iFKkRCCL9xMS045KI2c=","fHgWw9b0Fmo8Vt66YLjy8rtJzZw=","T9BFkYXMb6+KcktSxr43Xsadjvk=","LGkgJP1YOSKhWm6PHH7Kmc6ybeY="],"T+wGsHLBfQ2Ed7kTVEXt85K6ENA=":["O6BHaLpCEjFZgeI9963IFJP2jvs=","eDfQEM+KERz9HjkQXi5X0BcF1Ok=","SYaCqCn2G1Ckh2jvBWQeDVbCM70=","mDWd2MAmCYh57S+PbwpmkAvOczk=","n+NQgo0MEsaFIEWtsTpXCxwfhfA=","y46m3LhW4VQMEQItBjWzirCK2m4=","j2JXl1l73rFSeCK7bVvLk+kbn38=","D3nR+KIfX9hlCnX7qyAYL7fFSfw=","EdUucdvrlX51DgbgbSXo0jVy6H8=","RG1n83lPBZL8ihEQIRlG9m71IoI="],"wRjPxKgOJv35oAY!Zuhk9osdR00=":["O6BHaLpCEjFZgeI9963IFJP2jvs=","eDfQEM+KERz9HjkQXi5X0BcF1Ok=","SYaCqCn2G1Ckh2jvBWQeDVbCM70=","mDWd2MAmCYh57S+PbwpmkAvOczk=","bSFBh4xEtD+NQO7YPK6pakxUlsU=","2eSBxFCPddw2qGb7KvVBwZ6oM9A=","+qmTEhreTjamh4+vEdtQb+x33BI="],"9Hy6KGXNOC7jFL61WmJAyLosUZ4=":["O6BHaLpCEjFZgeI9963IFJP2jvs=","eDfQEM+KERz9HjkQXi5X0BcF1Ok=","SYaCqCn2G1Ckh2jvBWQeDVbCM70=","mDWd2MAmCYh57S+PbwpmkAvOczk=","j2JXl1l73rFSeCK7bVvLk+kbn38=","y46m3LhW4VQMEQItBjWzirCK2m4=","LGkgJP1YOSKhWm6PHH7Kmc6ybeY=","VR1vNs3olhT8w8f7dwgacSKISC8=","nEWRgiOGglWqD+cnva5Xswd0avA=","xgWYJfoleqPNPZnM5fwZAmYACgQ=","LqdLMPEaDLIzxwYlFFm368BMWfo="],"mTBeO!vIGSPtZhzJo0zz8xIdzeQ=":["zlRMAB9EBXX4voaofWSA8sluVsc=","HhBkaxCNzIBErW9PJiLpSdJXaW4=","SnIAHjOya8RfTGOP1D7bpJQ48Js=","mDWd2MAmCYh57S+PbwpmkAvOczk=","O6BHaLpCEjFZgeI9963IFJP2jvs=","KTo0tMpKP53j+pT8QcdPvBzJM6A=","L2BAKyFweVzXIITR7IDzEY0O0sU=","jYyahrbh1E6I5w64sWROwLJlj9U=","7HtWn9!6TPjp9KNTeesSIzBJIEk="],"RZfetHqZOrsQI0gC3LpfrHjdL7U=":["Z0Sub2RwcIFR0wVloK5E7AcWzdk=","D3nR+KIfX9hlCnX7qyAYL7fFSfw=","y46m3LhW4VQMEQItBjWzirCK2m4=","FdsktS4PF6weKKsNK95KvFPCeuk=","SrO+Oxp2iFKkRCCL9xMS045KI2c=","mDWd2MAmCYh57S+PbwpmkAvOczk=","KoHronhvCfgC4k2!nPey60zulzA=","DWQERac!rrEG8BqCztiYEtSJTkA=","6Ll1JND8!c2pqsIOLz8jDsp8pho="],"vgTYpv5t5b1TqWb3UF0N1RrQf3Y=":["4dpILQ4ZVAXYI1TNnnIjFkbgrEE=","o884PUXFj!GMG4gqnK!go2b4czw=","VR1vNs3olhT8w8f7dwgacSKISC8=","UmP1M8pH7km!igDscoCmUFpAFLM=","eDfQEM+KERz9HjkQXi5X0BcF1Ok=","2rFQGQcI2!YoP0JIgu4u6n!BVUs=","kBkTho2JhftE!VUjoX2JqRmhCrY=","83D1+tTMxa0GscbDsPVO51xpxs0="],"fAOR85SWHcQxMjqZWETQeH7tfJQ=":["VR1vNs3olhT8w8f7dwgacSKISC8=","DeICNZ1AHfvDEuaKu3GbIUfj+GA=","UmP1M8pH7km!igDscoCmUFpAFLM=","0jv6bu1!sdHPO4rrct3fozgtIYM=","kBkTho2JhftE!VUjoX2JqRmhCrY="],"GlfSCAAk1cq34mMi6tAOyBsAdJA=":["KTo0tMpKP53j+pT8QcdPvBzJM6A=","4dpILQ4ZVAXYI1TNnnIjFkbgrEE=","fObxPejBcXJUTaLARPOKsaxinek=","eDfQEM+KERz9HjkQXi5X0BcF1Ok=","hbcKDRxBgmtjtA5V7c6a9z7rzIM=","DeICNZ1AHfvDEuaKu3GbIUfj+GA=","kBkTho2JhftE!VUjoX2JqRmhCrY=","BK428!0Dde9Tr9D6arfihzZbC40=","ZsuXHO3xVnhKN+RJVEna4EFsiHc="],"4V+iKE3rI9Sc1!jsAd++6YeW7mA=":["eDfQEM+KERz9HjkQXi5X0BcF1Ok=","KTo0tMpKP53j+pT8QcdPvBzJM6A=","BK428!0Dde9Tr9D6arfihzZbC40=","4dpILQ4ZVAXYI1TNnnIjFkbgrEE=","fObxPejBcXJUTaLARPOKsaxinek=","ScH+jFwhLDAS2hLIccJzMCjgbdo=","UFGEarzd3agWZHr4QUAqv2gVnPU=","9w2sb3n1sgXkILjoTQ0n8jshEMY=","FvTJLMju2AkcnXdWJVKCQUXPGoo=","DeICNZ1AHfvDEuaKu3GbIUfj+GA="],"TiI3kArYWszkoqS!xhpq7QOv!4I=":["UmP1M8pH7km!igDscoCmUFpAFLM=","DeICNZ1AHfvDEuaKu3GbIUfj+GA=","o884PUXFj!GMG4gqnK!go2b4czw=","xp0hn31rqGHPEeoMiUpxmZAqbkM=","hL!NFeE!rJ2XagrV3O8wPNEcm6k="],"Y4Q3BpiAl6dAEVqWZ4AQN5FdGEI=":["UmP1M8pH7km!igDscoCmUFpAFLM=","4dpILQ4ZVAXYI1TNnnIjFkbgrEE=","eDfQEM+KERz9HjkQXi5X0BcF1Ok=","ScH+jFwhLDAS2hLIccJzMCjgbdo=","BK428!0Dde9Tr9D6arfihzZbC40=","O5zya+glbis+8wRnQYpHuUJGLIs=","kBkTho2JhftE!VUjoX2JqRmhCrY="],"QBXoNztTcV!Rhiel5bhxIcJdDdU=":["j2JXl1l73rFSeCK7bVvLk+kbn38=","dYH6Qg2o7lz+eU+3G8mcbh1Btbc=","Z0Sub2RwcIFR0wVloK5E7AcWzdk=","O6BHaLpCEjFZgeI9963IFJP2jvs=","eDfQEM+KERz9HjkQXi5X0BcF1Ok=","!jLp16Sx3iFK!Zctzdd6feGZILQ=","4XnaXCenrlJfkyPN43Sa2vx!njQ=","y46m3LhW4VQMEQItBjWzirCK2m4=","4afJLkoDpjLLyPjSsdCN9pC92BA=","IL5DCjHo5T2Ik+TqjFY7xhdUMoA=","3pK+iAHhBnu313te25nKGZUEmK8=","9w2sb3n1sgXkILjoTQ0n8jshEMY=","vdgtlKfnh1E+096uePfyg+cgsKU=","zTKiidypycqfHRDKRf9hzABOLXA=","HWhIMmsrZrgxJ!mVAMCe4ljYX4w=","fW7W7cxosBS!EkOx243WkZGowlc=","8rUomgzlfsnU1nu1V!LWGc9tZZQ=","BKARpxkHi4DX0S5MqP+T2egbGOU=","EdUucdvrlX51DgbgbSXo0jVy6H8="],"PnJSOwxTT66QKCte7qG+jzK7GQs=":["eDfQEM+KERz9HjkQXi5X0BcF1Ok=","Z0Sub2RwcIFR0wVloK5E7AcWzdk=","y46m3LhW4VQMEQItBjWzirCK2m4=","j2JXl1l73rFSeCK7bVvLk+kbn38=","4XnaXCenrlJfkyPN43Sa2vx!njQ=","vdgtlKfnh1E+096uePfyg+cgsKU=","lH1+qrsGEw4YTYdPRpG!GgG9pzU=","IL5DCjHo5T2Ik+TqjFY7xhdUMoA=","fObxPejBcXJUTaLARPOKsaxinek=","8i3RtPtGTlJAxrpx!ri47EGWw7I=","4afJLkoDpjLLyPjSsdCN9pC92BA=","O6BHaLpCEjFZgeI9963IFJP2jvs=","3pK+iAHhBnu313te25nKGZUEmK8=","dYH6Qg2o7lz+eU+3G8mcbh1Btbc=","M43oZ7wtkyLo4+x!XNxb3RS9TKU=","8rUomgzlfsnU1nu1V!LWGc9tZZQ=","BKARpxkHi4DX0S5MqP+T2egbGOU=","EdUucdvrlX51DgbgbSXo0jVy6H8="],"pmxlmmyt9u25dy8s+MLZRqZP95E=":["XhQDifJ5!P7KzOi!z9XWwXfz8gw=","DWQERac!rrEG8BqCztiYEtSJTkA=","O6BHaLpCEjFZgeI9963IFJP2jvs=","Z0Sub2RwcIFR0wVloK5E7AcWzdk=","cxaUkgWX+RKr7cv4WvdKsQfIoFs=","y46m3LhW4VQMEQItBjWzirCK2m4=","mDWd2MAmCYh57S+PbwpmkAvOczk=","D3nR+KIfX9hlCnX7qyAYL7fFSfw=","eDfQEM+KERz9HjkQXi5X0BcF1Ok=","K!Wh550sI4zARSY6HiqQP4ezmv8=","3pK+iAHhBnu313te25nKGZUEmK8=","hmpfAeCiGif1Zt0CUBVr5YLPnxk=","8rUomgzlfsnU1nu1V!LWGc9tZZQ="],"wFnSPVxMoWycWoDQrqAiDti5nzQ=":["bWDM5Yt2U0JWIB00ZckTzxYsSQg=","O6BHaLpCEjFZgeI9963IFJP2jvs=","y46m3LhW4VQMEQItBjWzirCK2m4=","eDfQEM+KERz9HjkQXi5X0BcF1Ok=","4XnaXCenrlJfkyPN43Sa2vx!njQ=","j2JXl1l73rFSeCK7bVvLk+kbn38=","Z0Sub2RwcIFR0wVloK5E7AcWzdk=","fObxPejBcXJUTaLARPOKsaxinek=","8Hqtzp6+gLDAqxOqcJlnVPDiRP4=","K!Wh550sI4zARSY6HiqQP4ezmv8="],"dQnVgBmnRL+PgYSmjs26XMxiKec=":["K!Wh550sI4zARSY6HiqQP4ezmv8=","eDfQEM+KERz9HjkQXi5X0BcF1Ok=","LNMKYtAnS+6rFG77FlUxnBOBJiU=","6PPWfTMMoFHMzTMX6bFsyg6NFSU=","y46m3LhW4VQMEQItBjWzirCK2m4=","xT8HP0SEJmgmQdQBm79mWQj+zHw=","j2JXl1l73rFSeCK7bVvLk+kbn38=","EdUucdvrlX51DgbgbSXo0jVy6H8="],"9zMxnPkJ6Oi6AFiO1uHgNFO2ILs=":["y46m3LhW4VQMEQItBjWzirCK2m4=","D3nR+KIfX9hlCnX7qyAYL7fFSfw=","j2JXl1l73rFSeCK7bVvLk+kbn38=","Z0Sub2RwcIFR0wVloK5E7AcWzdk=","LNMKYtAnS+6rFG77FlUxnBOBJiU=","mDWd2MAmCYh57S+PbwpmkAvOczk=","vdgtlKfnh1E+096uePfyg+cgsKU=","6PPWfTMMoFHMzTMX6bFsyg6NFSU=","4afJLkoDpjLLyPjSsdCN9pC92BA=","K!Wh550sI4zARSY6HiqQP4ezmv8=","Z9+VdgzcLhlxcyho0p6zRKCz1Os=","msKW7jaFq6AFxzpT+xuD9DefF+s=","LGkgJP1YOSKhWm6PHH7Kmc6ybeY="],"r3WU+jLqxhTQPBzDYh0Rtv6ReYk=":["y46m3LhW4VQMEQItBjWzirCK2m4=","j2JXl1l73rFSeCK7bVvLk+kbn38=","lnsmi7asSrUWAS6pYE7qcFe91uc=","D3nR+KIfX9hlCnX7qyAYL7fFSfw=","bWDM5Yt2U0JWIB00ZckTzxYsSQg=","6PPWfTMMoFHMzTMX6bFsyg6NFSU=","jM6KevUw9+znWQIRRO0FI1YLWik="],"XlUXGdm7nZSLSwdnol2AVqGLvG4=":["j2JXl1l73rFSeCK7bVvLk+kbn38=","y46m3LhW4VQMEQItBjWzirCK2m4=","cxaUkgWX+RKr7cv4WvdKsQfIoFs=","4afJLkoDpjLLyPjSsdCN9pC92BA=","O6BHaLpCEjFZgeI9963IFJP2jvs=","a3Fngr2Y9qC1i4BAbWXCriOXKSA=","D3nR+KIfX9hlCnX7qyAYL7fFSfw=","Z9+VdgzcLhlxcyho0p6zRKCz1Os=","mWoNQDqGrbGABzwoULNVBnvzBxA="],"E!4H2phLBh5XxES1vpkoBnT78nc=":["eDfQEM+KERz9HjkQXi5X0BcF1Ok=","4XnaXCenrlJfkyPN43Sa2vx!njQ=","SYaCqCn2G1Ckh2jvBWQeDVbCM70=","Ufk1EFYWOnatJYH4RGxEm828K9M=","vgx0E+y5qEWLWh7Y70WwwZHI0wQ=","KgwK9c!krJrJIJglQBMJH1wk!tM=","RNB9CS8uMYREZAQ+!zHlXExzaO4="],"fciaalDPwevSFffExHAr00YfZSA=":["vgx0E+y5qEWLWh7Y70WwwZHI0wQ=","2rFQGQcI2!YoP0JIgu4u6n!BVUs=","WC+U!Ua+7e5peU8SPd1sT000vkI=","het6TcRAz0GdkiqnXIxp7NrUgmM=","Tnotefd0LXqdDTba9ZdAa88p6TU=","uJc4pp4UunF7TNrQmfHa!pAcKzk=","UXNQeZJAMeE5cZJ0EiBXuPFb7WU=","dN4xMdo1pn6phBuPbQhk3n3ic1c="],"aKvWnQcJABeVM3M6k!yABtlq2pI=":["O6BHaLpCEjFZgeI9963IFJP2jvs=","eDfQEM+KERz9HjkQXi5X0BcF1Ok=","8i3RtPtGTlJAxrpx!ri47EGWw7I=","4afJLkoDpjLLyPjSsdCN9pC92BA=","y46m3LhW4VQMEQItBjWzirCK2m4=","vdgtlKfnh1E+096uePfyg+cgsKU=","j2JXl1l73rFSeCK7bVvLk+kbn38=","fObxPejBcXJUTaLARPOKsaxinek=","SrO+Oxp2iFKkRCCL9xMS045KI2c=","dYH6Qg2o7lz+eU+3G8mcbh1Btbc=","xp0hn31rqGHPEeoMiUpxmZAqbkM=","In6WEpQac1W0eEI5xeEtD47tkKc=","oZhyaV8fOl8inYuSuu63fSGjAfA=","QeBlDIeV17!6IyzbpOJSK1DwPaI=","3!8x9rLG10JO1vkC78Pwf!eelBI=","c7pGdg2RjwG6FoVpxV0bjDuzTxQ=","qKzzpuXDH+wkn8Bz8avFtKV4Cn4=","oZmWSM3B!aMVr7wG+nuIpKh!0Ds=","LGkgJP1YOSKhWm6PHH7Kmc6ybeY="],"bPn+uFv5gO3+YDyXkxAk3mN!1Bk=":["CgZOZBvdaIcH6bmzKW8zaJLtzlE=","j2JXl1l73rFSeCK7bVvLk+kbn38=","4afJLkoDpjLLyPjSsdCN9pC92BA=","D3nR+KIfX9hlCnX7qyAYL7fFSfw=","DWQERac!rrEG8BqCztiYEtSJTkA=","a3Fngr2Y9qC1i4BAbWXCriOXKSA=","AzUlH9MKbR9JkGDzZShsihYZwDg=","y46m3LhW4VQMEQItBjWzirCK2m4=","EdUucdvrlX51DgbgbSXo0jVy6H8=","Z9+VdgzcLhlxcyho0p6zRKCz1Os=","6QMMR+yatimdnidZ0o3WBVP44YQ="],"iB+!7cnd+CkW1mOyRcQ14cl2NXo=":["fObxPejBcXJUTaLARPOKsaxinek=","9w2sb3n1sgXkILjoTQ0n8jshEMY=","IiOF6GUrv+Tj4mFMFTpmMz6N!Uc=","O6BHaLpCEjFZgeI9963IFJP2jvs=","a3Fngr2Y9qC1i4BAbWXCriOXKSA=","LGkgJP1YOSKhWm6PHH7Kmc6ybeY=","xJWnx!8QC3UJcpYPAfYNNCApQq0=","zTKiidypycqfHRDKRf9hzABOLXA=","teK5mn!e6qfZeuIzlPD0zN9o4IA=","GTRJj9DhX8JkzqGwsAVoOz6qFM0=","Cr8BjMTdCDDykR1q44JgM54gbSE="],"aOW7lVeueOkm6IZNou1201JfsKQ=":["y46m3LhW4VQMEQItBjWzirCK2m4=","K8eG6xQndOzjmGySavjXHTJFX6c=","3k087PJFcY4QtF5GXGJDV6T5Z9w=","bWDM5Yt2U0JWIB00ZckTzxYsSQg=","bSFBh4xEtD+NQO7YPK6pakxUlsU=","Ufk1EFYWOnatJYH4RGxEm828K9M=","9w2sb3n1sgXkILjoTQ0n8jshEMY=","FvTJLMju2AkcnXdWJVKCQUXPGoo=","fObxPejBcXJUTaLARPOKsaxinek=","nS9hyVBJOJ7!1jslKFhnICPl0QM=","ubV3g!P4guokJOs+Ws1D!VFzwLs=","Cr8BjMTdCDDykR1q44JgM54gbSE="],"d8Nzm09n!njw!3I1odUHjbO+iSY=":["fObxPejBcXJUTaLARPOKsaxinek=","xp0hn31rqGHPEeoMiUpxmZAqbkM=","dYH6Qg2o7lz+eU+3G8mcbh1Btbc=","teK5mn!e6qfZeuIzlPD0zN9o4IA=","XPICLtHjNwNDl733Gqe2MolpXGk=","i6jL6bhQC2YLPWZHXMDkeBrFmwQ=","+iKf4PCWQE7PIU8SI+EOb9INYmQ="],"9IqMXRp1FCF4UyaZRMk6b8xX92g=":["FN1abks5Y5kfItNig4qX1WTu!T0=","fObxPejBcXJUTaLARPOKsaxinek=","lnsmi7asSrUWAS6pYE7qcFe91uc=","!jLp16Sx3iFK!Zctzdd6feGZILQ=","xJWnx!8QC3UJcpYPAfYNNCApQq0=","IiOF6GUrv+Tj4mFMFTpmMz6N!Uc=","O6BHaLpCEjFZgeI9963IFJP2jvs=","0CjjADoV!xNegl!XSkb9AZmvQoo=","LNMKYtAnS+6rFG77FlUxnBOBJiU=","YhjpNjtdyqLjsFSmLPpH15C8snw="],"cyRhgR5o4GBNUT2Z2NZjgYVU06c=":["hbcKDRxBgmtjtA5V7c6a9z7rzIM=","FvTJLMju2AkcnXdWJVKCQUXPGoo=","h2lt528ZluRh7ArxCPAAoiGgI9E=","JeNEAsc78VK+RXnU8IceaW8Bv48=","KTo0tMpKP53j+pT8QcdPvBzJM6A=","SnIAHjOya8RfTGOP1D7bpJQ48Js=","BFzZsphxr9zFg3q7DyAM2n!mWkI=","AzUlH9MKbR9JkGDzZShsihYZwDg=","LGkgJP1YOSKhWm6PHH7Kmc6ybeY=","L1N9bVVtyUCSmD5v2nF!xkG4lIE="],"FXC49gelAuz10QSrosH42ATRB3U=":["nO9RxO3ktSM!92UgYFpz0DK863U=","fObxPejBcXJUTaLARPOKsaxinek=","LNMKYtAnS+6rFG77FlUxnBOBJiU=","O6BHaLpCEjFZgeI9963IFJP2jvs=","n+NQgo0MEsaFIEWtsTpXCxwfhfA=","9JP1DbjOtGvo6Bni+caoF5YC6tY=","FN1abks5Y5kfItNig4qX1WTu!T0=","hbcKDRxBgmtjtA5V7c6a9z7rzIM=","SrO+Oxp2iFKkRCCL9xMS045KI2c=","8i3RtPtGTlJAxrpx!ri47EGWw7I=","Nr2wat1d5mAh7cr4AmcUSFx1CaA=","BKARpxkHi4DX0S5MqP+T2egbGOU="],"qsMBeP3wPB1UEMdypYH5L99z5NA=":["DWQERac!rrEG8BqCztiYEtSJTkA=","j2JXl1l73rFSeCK7bVvLk+kbn38=","mDWd2MAmCYh57S+PbwpmkAvOczk=","O6BHaLpCEjFZgeI9963IFJP2jvs=","eDfQEM+KERz9HjkQXi5X0BcF1Ok=","lH1+qrsGEw4YTYdPRpG!GgG9pzU=","4XnaXCenrlJfkyPN43Sa2vx!njQ=","9JP1DbjOtGvo6Bni+caoF5YC6tY=","HWhIMmsrZrgxJ!mVAMCe4ljYX4w=","3pK+iAHhBnu313te25nKGZUEmK8=","vdgtlKfnh1E+096uePfyg+cgsKU=","y46m3LhW4VQMEQItBjWzirCK2m4=","Z0Sub2RwcIFR0wVloK5E7AcWzdk=","t!iGT458Dh6CpfG3HnYtrhmc9Ek=","BKARpxkHi4DX0S5MqP+T2egbGOU=","nO9RxO3ktSM!92UgYFpz0DK863U="],"SEawNajCvXA2ZMp6lfwqlQUm91U=":["2cmxVx+2cLVR2+yD+pxYJXfxZdk=","eDfQEM+KERz9HjkQXi5X0BcF1Ok=","4XnaXCenrlJfkyPN43Sa2vx!njQ=","fObxPejBcXJUTaLARPOKsaxinek=","K8eG6xQndOzjmGySavjXHTJFX6c=","n+NQgo0MEsaFIEWtsTpXCxwfhfA=","j2JXl1l73rFSeCK7bVvLk+kbn38=","FvTJLMju2AkcnXdWJVKCQUXPGoo=","hbcKDRxBgmtjtA5V7c6a9z7rzIM=","Qz6i9a!p!nvMylcqHSz0di+8f28=","y46m3LhW4VQMEQItBjWzirCK2m4=","BKARpxkHi4DX0S5MqP+T2egbGOU=","yY8GdTd5K71xhIIYZIuGoaq3Unk="],"YlQLATZHBfWGfiNj0pJDAoKd+Mg=":["K8eG6xQndOzjmGySavjXHTJFX6c=","O6BHaLpCEjFZgeI9963IFJP2jvs=","8i3RtPtGTlJAxrpx!ri47EGWw7I=","j2JXl1l73rFSeCK7bVvLk+kbn38=","9w2sb3n1sgXkILjoTQ0n8jshEMY=","Sw+TzCsiAwrN9UXbxghLeGGDSrs=","DWQERac!rrEG8BqCztiYEtSJTkA=","HWhIMmsrZrgxJ!mVAMCe4ljYX4w=","y46m3LhW4VQMEQItBjWzirCK2m4=","nO9RxO3ktSM!92UgYFpz0DK863U=","+iZGhHpDqbUJJboZgw+wid8DHMk=","8rUomgzlfsnU1nu1V!LWGc9tZZQ="],"rA9Tbari0sdgknPOGl53IZrjtgo=":["eDfQEM+KERz9HjkQXi5X0BcF1Ok=","FvTJLMju2AkcnXdWJVKCQUXPGoo=","fObxPejBcXJUTaLARPOKsaxinek=","8i3RtPtGTlJAxrpx!ri47EGWw7I=","WC+U!Ua+7e5peU8SPd1sT000vkI=","SYaCqCn2G1Ckh2jvBWQeDVbCM70=","BnpROxYiEKH2VmZMHGB3edlI2EM=","LGkgJP1YOSKhWm6PHH7Kmc6ybeY="],"Ydwft3mUE!4PQZTplaY0LQfYzOg=":["SYaCqCn2G1Ckh2jvBWQeDVbCM70=","IiOF6GUrv+Tj4mFMFTpmMz6N!Uc=","9JP1DbjOtGvo6Bni+caoF5YC6tY=","FN1abks5Y5kfItNig4qX1WTu!T0=","8i3RtPtGTlJAxrpx!ri47EGWw7I=","u87TkhE0+VLl9jyi37c4Hrw27yo=","1KcKQxC0bv340YcMJ8Y+Zuy6cxM=","LGkgJP1YOSKhWm6PHH7Kmc6ybeY="],"USQ4F4rW7ESDptMVDXR3kigzsOU=":["37gd3eCfRgvpJ0Ja6JvLe2z8MT8=","bSFBh4xEtD+NQO7YPK6pakxUlsU=","eDfQEM+KERz9HjkQXi5X0BcF1Ok=","Z0Sub2RwcIFR0wVloK5E7AcWzdk=","bWDM5Yt2U0JWIB00ZckTzxYsSQg=","FvTJLMju2AkcnXdWJVKCQUXPGoo=","oxtfup3MQ7Gq!jGP8Uh4dNObQUo=","h2lt528ZluRh7ArxCPAAoiGgI9E="],"VZOhwpFXeQ1Ztcc+hXquroP9GUg=":["fObxPejBcXJUTaLARPOKsaxinek=","8i3RtPtGTlJAxrpx!ri47EGWw7I=","4XnaXCenrlJfkyPN43Sa2vx!njQ=","nO9RxO3ktSM!92UgYFpz0DK863U=","Z0Sub2RwcIFR0wVloK5E7AcWzdk=","j2JXl1l73rFSeCK7bVvLk+kbn38=","9w2sb3n1sgXkILjoTQ0n8jshEMY=","FvTJLMju2AkcnXdWJVKCQUXPGoo=","hbcKDRxBgmtjtA5V7c6a9z7rzIM=","dYH6Qg2o7lz+eU+3G8mcbh1Btbc=","DWQERac!rrEG8BqCztiYEtSJTkA=","wSDJGss2rzNHNCy9LRtxl3JHKOQ="],"jcv4Uzi4ZHMmPdkYgqz60Xj9ejw=":["fObxPejBcXJUTaLARPOKsaxinek=","eDfQEM+KERz9HjkQXi5X0BcF1Ok=","4XnaXCenrlJfkyPN43Sa2vx!njQ=","Ufk1EFYWOnatJYH4RGxEm828K9M=","n+NQgo0MEsaFIEWtsTpXCxwfhfA=","FvTJLMju2AkcnXdWJVKCQUXPGoo=","hbcKDRxBgmtjtA5V7c6a9z7rzIM=","VDwI5czaem2Q0sXz0QfvzejE3mo=","h2lt528ZluRh7ArxCPAAoiGgI9E="],"rB0F!ehvl4EHiHVtDpQKFodjzsU=":["eDfQEM+KERz9HjkQXi5X0BcF1Ok=","O6BHaLpCEjFZgeI9963IFJP2jvs=","Ufk1EFYWOnatJYH4RGxEm828K9M=","fObxPejBcXJUTaLARPOKsaxinek=","9JP1DbjOtGvo6Bni+caoF5YC6tY=","9w2sb3n1sgXkILjoTQ0n8jshEMY=","hbcKDRxBgmtjtA5V7c6a9z7rzIM=","FvTJLMju2AkcnXdWJVKCQUXPGoo=","8i3RtPtGTlJAxrpx!ri47EGWw7I=","h3j8xSl2+Eqk5y4jp!4NvxU5bA0=","LGkgJP1YOSKhWm6PHH7Kmc6ybeY=","FN1abks5Y5kfItNig4qX1WTu!T0="],"Vyzh4oc3PLK90kA!5aacu1QmKdk=":["SYaCqCn2G1Ckh2jvBWQeDVbCM70=","fObxPejBcXJUTaLARPOKsaxinek=","eDfQEM+KERz9HjkQXi5X0BcF1Ok=","O6BHaLpCEjFZgeI9963IFJP2jvs=","dYH6Qg2o7lz+eU+3G8mcbh1Btbc=","8i3RtPtGTlJAxrpx!ri47EGWw7I=","4oQd6tznWoMWD5uXwc2gcmUm1d8=","bSFBh4xEtD+NQO7YPK6pakxUlsU="],"RSlJTfPF99PwkP3JCNp2+fDHuz0=":["eDfQEM+KERz9HjkQXi5X0BcF1Ok=","IiOF6GUrv+Tj4mFMFTpmMz6N!Uc=","O6BHaLpCEjFZgeI9963IFJP2jvs=","4XnaXCenrlJfkyPN43Sa2vx!njQ=","fObxPejBcXJUTaLARPOKsaxinek=","9w2sb3n1sgXkILjoTQ0n8jshEMY=","FN1abks5Y5kfItNig4qX1WTu!T0=","n+NQgo0MEsaFIEWtsTpXCxwfhfA=","zQAjIy8YTPNKuUSML8DtJzL!e88="],"ZsDohOTHJ0AZmR5cT7MWs7qW4xk=":["fObxPejBcXJUTaLARPOKsaxinek=","8i3RtPtGTlJAxrpx!ri47EGWw7I=","eDfQEM+KERz9HjkQXi5X0BcF1Ok=","O6BHaLpCEjFZgeI9963IFJP2jvs=","SYaCqCn2G1Ckh2jvBWQeDVbCM70=","Ufk1EFYWOnatJYH4RGxEm828K9M=","QeBlDIeV17!6IyzbpOJSK1DwPaI=","FvTJLMju2AkcnXdWJVKCQUXPGoo=","LGkgJP1YOSKhWm6PHH7Kmc6ybeY=","y46m3LhW4VQMEQItBjWzirCK2m4=","IVx0blpO62MnbdJ+KudEfHrpBb0="],"lZw9KtoZMBGMaszQdQ3EjPvicFQ=":["eDfQEM+KERz9HjkQXi5X0BcF1Ok=","fObxPejBcXJUTaLARPOKsaxinek=","SYaCqCn2G1Ckh2jvBWQeDVbCM70=","Sw+TzCsiAwrN9UXbxghLeGGDSrs=","8i3RtPtGTlJAxrpx!ri47EGWw7I=","LNMKYtAnS+6rFG77FlUxnBOBJiU=","O6BHaLpCEjFZgeI9963IFJP2jvs=","9JP1DbjOtGvo6Bni+caoF5YC6tY=","O7Nage!5PxVlRRdDVJL7G2CUmAk=","DeICNZ1AHfvDEuaKu3GbIUfj+GA="],"+QRi9IRzKnrVe0ehyHRmusFogao=":["CgZOZBvdaIcH6bmzKW8zaJLtzlE=","BIrpOWXcfHSiB1Nrmq!T0X4HMM0=","EwxHOVNvQuO9OG3nHG+0A7w4Omo=","c7pYmcdiCPGSn!fbs2zltLS5BLM=","gtFO9pKEepKJNCJkf+R1K1iWEUw=","1mceK1kpyuy+iRwIuUd0oKCATRA="],"YvWgAC94G8KyYtHNc05dRpKTs08=":["fObxPejBcXJUTaLARPOKsaxinek=","eDfQEM+KERz9HjkQXi5X0BcF1Ok=","8i3RtPtGTlJAxrpx!ri47EGWw7I=","O6BHaLpCEjFZgeI9963IFJP2jvs=","dYH6Qg2o7lz+eU+3G8mcbh1Btbc=","xJWnx!8QC3UJcpYPAfYNNCApQq0=","zTKiidypycqfHRDKRf9hzABOLXA=","LNMKYtAnS+6rFG77FlUxnBOBJiU=","suLcXfq7gbkpyficxTt5vSjVr+Q=","XlFxofReiGCbX7GgUIVJLI8eu9s=","y46m3LhW4VQMEQItBjWzirCK2m4=","LGkgJP1YOSKhWm6PHH7Kmc6ybeY=","RAum86ssDRseMX5OThjnXwBnTbs="],"ybsT3GG7HCItyOugV+NMcehfGxA=":["j2JXl1l73rFSeCK7bVvLk+kbn38=","4XnaXCenrlJfkyPN43Sa2vx!njQ=","dYH6Qg2o7lz+eU+3G8mcbh1Btbc=","fObxPejBcXJUTaLARPOKsaxinek=","eDfQEM+KERz9HjkQXi5X0BcF1Ok=","nO9RxO3ktSM!92UgYFpz0DK863U=","LNMKYtAnS+6rFG77FlUxnBOBJiU=","FvTJLMju2AkcnXdWJVKCQUXPGoo=","KTo0tMpKP53j+pT8QcdPvBzJM6A=","a3Fngr2Y9qC1i4BAbWXCriOXKSA=","IqX6BTQrDQyK5fAPBjMqCLwsZGc=","g!KuLfS2Xra7L8ZiEkNvpw7znLM=","DeICNZ1AHfvDEuaKu3GbIUfj+GA="],"!MT9cMUO6DoNY5IxFKVsdSDRa68=":["fObxPejBcXJUTaLARPOKsaxinek=","eDfQEM+KERz9HjkQXi5X0BcF1Ok=","FvTJLMju2AkcnXdWJVKCQUXPGoo=","xp0hn31rqGHPEeoMiUpxmZAqbkM=","AzUlH9MKbR9JkGDzZShsihYZwDg=","UXNQeZJAMeE5cZJ0EiBXuPFb7WU=","IqX6BTQrDQyK5fAPBjMqCLwsZGc=","68BQd5RQNlplAC!pxO0ZSZrLkjY="],"OlVDSJ+u39z5AHFxdW898lIKDGk=":["2eSBxFCPddw2qGb7KvVBwZ6oM9A=","FdsktS4PF6weKKsNK95KvFPCeuk=","EkksT1r1YczfTYRMM6DlLOIhKv8=","IqX6BTQrDQyK5fAPBjMqCLwsZGc=","SnIAHjOya8RfTGOP1D7bpJQ48Js=","BXPSv!zzJjl1FleNt!EH+ykQNjw=","LNMKYtAnS+6rFG77FlUxnBOBJiU=","9nSTofQd7ZQ3!jUMkcNN6s8CdYI=","suLcXfq7gbkpyficxTt5vSjVr+Q=","UmP1M8pH7km!igDscoCmUFpAFLM=","!In!9fUpRDZHjCndOwF3l5EIFnY=","xp0hn31rqGHPEeoMiUpxmZAqbkM=","FvTJLMju2AkcnXdWJVKCQUXPGoo=","fObxPejBcXJUTaLARPOKsaxinek=","cTa0zsHWyH0OVuH6z8rn!Lq8Qjw="],"oPCVOTXvLSmw0dIituEHDx6QYb8=":["jAccnsaG6aNkeYRStKGY1utN+ok=","LNMKYtAnS+6rFG77FlUxnBOBJiU=","JFsf3t18E+RiLMghxHhAKo+UmN4=","!In!9fUpRDZHjCndOwF3l5EIFnY=","a3Fngr2Y9qC1i4BAbWXCriOXKSA=","u87TkhE0+VLl9jyi37c4Hrw27yo=","bf5qD8BNdVw!HrhZgXQ6xdQy1as=","y46m3LhW4VQMEQItBjWzirCK2m4=","kgnRe8edgop3vRI3vphQ8TK1f+8=","D2S5PnsabFuHbpizweAgG8QJwn8=","yxSoFh+ZDFmFfKvDX31jGqGHOG0=","Cr8BjMTdCDDykR1q44JgM54gbSE="],"Y6wme1ToTKy1eQKkDAvK3zOk9dk=":["zTKiidypycqfHRDKRf9hzABOLXA=","LNMKYtAnS+6rFG77FlUxnBOBJiU=","dW62ds2pJO4OTgd!ofXKmbkpQxk=","fwSu6Ro!u24RAObw5fXe1XP0Dx8=","9nSTofQd7ZQ3!jUMkcNN6s8CdYI=","teK5mn!e6qfZeuIzlPD0zN9o4IA=","D2S5PnsabFuHbpizweAgG8QJwn8=","b1IYvkcLnJJCcfT6Jo5hP6O!PlY=","8Smixd93zH22iJ!jNBJ0GamiC10="],"HQUuJ24bF0nkYobQ0tjRvPsUTsU=":["LNMKYtAnS+6rFG77FlUxnBOBJiU=","zTKiidypycqfHRDKRf9hzABOLXA=","O6BHaLpCEjFZgeI9963IFJP2jvs=","IiOF6GUrv+Tj4mFMFTpmMz6N!Uc=","fwSu6Ro!u24RAObw5fXe1XP0Dx8=","9nSTofQd7ZQ3!jUMkcNN6s8CdYI=","D2S5PnsabFuHbpizweAgG8QJwn8=","j8kNtUTFK+Aavffp7c4mViTBFuk="],"Nzj!+EbFpdJjdE26JF3Fw49LMMo=":["a3Fngr2Y9qC1i4BAbWXCriOXKSA=","eDfQEM+KERz9HjkQXi5X0BcF1Ok=","IL5DCjHo5T2Ik+TqjFY7xhdUMoA=","bf5qD8BNdVw!HrhZgXQ6xdQy1as=","Sw+TzCsiAwrN9UXbxghLeGGDSrs=","BkYjkvY9TZqlpxpQH1sld57h9ks=","0bptEqEXaB77x7uFkTzUk8dOhjk=","IqX6BTQrDQyK5fAPBjMqCLwsZGc=","9nSTofQd7ZQ3!jUMkcNN6s8CdYI=","dW62ds2pJO4OTgd!ofXKmbkpQxk=","RvYmG6jZLBrEJTi1Gx3SmnIvucw=","Cr8BjMTdCDDykR1q44JgM54gbSE="],"pHX8OgG17v7a7jAOGld13HE4KWY=":["fObxPejBcXJUTaLARPOKsaxinek=","!In!9fUpRDZHjCndOwF3l5EIFnY=","s787KIc2oHNCR+3r+em42L5Yaow=","IL5DCjHo5T2Ik+TqjFY7xhdUMoA=","cxaUkgWX+RKr7cv4WvdKsQfIoFs=","RCxe8UunYbOaTYNmFlQ4CRxnQ!o=","bSFBh4xEtD+NQO7YPK6pakxUlsU=","uesdKLUsqtZq8B7sVprnINhfOH0="],"tXC06vUKQYWFDtMWIxKqxSB34OE=":["pXYB6+Fm!3cBuuH8tUaD80YIW6M=","RCxe8UunYbOaTYNmFlQ4CRxnQ!o=","BXPSv!zzJjl1FleNt!EH+ykQNjw=","fObxPejBcXJUTaLARPOKsaxinek=","bf5qD8BNdVw!HrhZgXQ6xdQy1as=","sCUMkA!5tMkp4BTIc1ylqdqpiqs=","!7tEvClrTinMttq5e6Q992blxy0=","LGkgJP1YOSKhWm6PHH7Kmc6ybeY="],"MiHeZkfhBtEzJ47tREzWpkle0aE=":["bSFBh4xEtD+NQO7YPK6pakxUlsU=","DD6TmHwmCQRw82YRrPnVfRVi1Xk=","2eSBxFCPddw2qGb7KvVBwZ6oM9A=","RCxe8UunYbOaTYNmFlQ4CRxnQ!o=","s787KIc2oHNCR+3r+em42L5Yaow=","pc24SPEtxDAAevt3nLQvvY2655E=","FTQBXSU!kayAU0bQWECjobd6OSc=","XqW1yC!yDu4sOhbdmsMOzh9fu7I=","BXPSv!zzJjl1FleNt!EH+ykQNjw="],"aqHYfdWKBEzsAxDpo5VNYhU8jcs=":["2eSBxFCPddw2qGb7KvVBwZ6oM9A=","bSFBh4xEtD+NQO7YPK6pakxUlsU=","DD6TmHwmCQRw82YRrPnVfRVi1Xk=","BXPSv!zzJjl1FleNt!EH+ykQNjw=","FTQBXSU!kayAU0bQWECjobd6OSc=","Mnd9VUY5RTb2gkCcQCWu3Rk0xz0=","pc24SPEtxDAAevt3nLQvvY2655E=","s787KIc2oHNCR+3r+em42L5Yaow=","f6BNJDT5ggU+uCdULI1NY+8mxso="],"fdwLeHSNBQm0cgfhd2TZYzy0qGY=":["bSFBh4xEtD+NQO7YPK6pakxUlsU=","DD6TmHwmCQRw82YRrPnVfRVi1Xk=","BXPSv!zzJjl1FleNt!EH+ykQNjw=","Mnd9VUY5RTb2gkCcQCWu3Rk0xz0=","s787KIc2oHNCR+3r+em42L5Yaow=","S5XqmPMekG6Wbr4NkAovkLoadTg="],"GOlv8Y0fTlp72QRn6Hc7ZcHtul0=":["bSFBh4xEtD+NQO7YPK6pakxUlsU=","pc24SPEtxDAAevt3nLQvvY2655E=","s787KIc2oHNCR+3r+em42L5Yaow=","BXPSv!zzJjl1FleNt!EH+ykQNjw=","FTQBXSU!kayAU0bQWECjobd6OSc=","2eSBxFCPddw2qGb7KvVBwZ6oM9A=","DD6TmHwmCQRw82YRrPnVfRVi1Xk=","8MPaomLJCS7XHRwdOsWWhH8xnn0="],"jahUAfwYlaRk2q9O+dVZzO32sxI=":["pc24SPEtxDAAevt3nLQvvY2655E=","DD6TmHwmCQRw82YRrPnVfRVi1Xk=","s787KIc2oHNCR+3r+em42L5Yaow=","bSFBh4xEtD+NQO7YPK6pakxUlsU=","2eSBxFCPddw2qGb7KvVBwZ6oM9A=","teK5mn!e6qfZeuIzlPD0zN9o4IA=","fObxPejBcXJUTaLARPOKsaxinek=","Bsy3HNv3Y9EwCYy761cUv+6kXSI="],"MloBs6ImDLGx!+8xraIMI5d8J8o=":["BXPSv!zzJjl1FleNt!EH+ykQNjw=","2eSBxFCPddw2qGb7KvVBwZ6oM9A=","pc24SPEtxDAAevt3nLQvvY2655E=","bSFBh4xEtD+NQO7YPK6pakxUlsU=","A65NrxA1guphWhB6l5cUc9wqee4="],"glodVI75aus4ydd4dXu72ypdgFs=":["pc24SPEtxDAAevt3nLQvvY2655E=","s787KIc2oHNCR+3r+em42L5Yaow=","BXPSv!zzJjl1FleNt!EH+ykQNjw=","2eSBxFCPddw2qGb7KvVBwZ6oM9A=","bSFBh4xEtD+NQO7YPK6pakxUlsU=","nggD+a+7UxbkAPdrwN1GnPz5PHo="],"cmRAjww!46TOSU9WzCJa!WxjiEs=":["fObxPejBcXJUTaLARPOKsaxinek=","9w2sb3n1sgXkILjoTQ0n8jshEMY=","FvTJLMju2AkcnXdWJVKCQUXPGoo=","BXPSv!zzJjl1FleNt!EH+ykQNjw=","bSFBh4xEtD+NQO7YPK6pakxUlsU=","teK5mn!e6qfZeuIzlPD0zN9o4IA=","pc24SPEtxDAAevt3nLQvvY2655E=","FTQBXSU!kayAU0bQWECjobd6OSc=","pXYB6+Fm!3cBuuH8tUaD80YIW6M=","314Tw8mbGSjiq+iyfV6GbFvk3hw="],"iRPBCXpKA0lEWJvSJtNMtxKUnWU=":["pc24SPEtxDAAevt3nLQvvY2655E=","9w2sb3n1sgXkILjoTQ0n8jshEMY=","FvTJLMju2AkcnXdWJVKCQUXPGoo=","fObxPejBcXJUTaLARPOKsaxinek=","BXPSv!zzJjl1FleNt!EH+ykQNjw=","FTQBXSU!kayAU0bQWECjobd6OSc=","pXYB6+Fm!3cBuuH8tUaD80YIW6M=","2eSBxFCPddw2qGb7KvVBwZ6oM9A=","s787KIc2oHNCR+3r+em42L5Yaow=","fj+rFamvbJGrNT3JyqVRce4n2tY="],"mGasIbZEUBtsSEWDi!sNA+ByAdY=":["BXPSv!zzJjl1FleNt!EH+ykQNjw=","teK5mn!e6qfZeuIzlPD0zN9o4IA=","pXYB6+Fm!3cBuuH8tUaD80YIW6M=","bf5qD8BNdVw!HrhZgXQ6xdQy1as=","FTQBXSU!kayAU0bQWECjobd6OSc=","sCUMkA!5tMkp4BTIc1ylqdqpiqs=","fCam+mbp91wjKBFkobcHvsokfV8="],"tgXYhhtgWOFCcOwmbhTu8+OcAho=":["dYH6Qg2o7lz+eU+3G8mcbh1Btbc=","xp0hn31rqGHPEeoMiUpxmZAqbkM=","9w2sb3n1sgXkILjoTQ0n8jshEMY=","FvTJLMju2AkcnXdWJVKCQUXPGoo=","suLcXfq7gbkpyficxTt5vSjVr+Q=","e4Vbfdq4pSzlNtMXVaDz37O5w9Q=","IKTJbbK11a4CGjMfgZOiWGQyI1E=","0sDe7+oJHLP+oRhb!ALQxiJWi4c=","o884PUXFj!GMG4gqnK!go2b4czw=","nEWRgiOGglWqD+cnva5Xswd0avA=","fObxPejBcXJUTaLARPOKsaxinek=","O6BHaLpCEjFZgeI9963IFJP2jvs=","2eSBxFCPddw2qGb7KvVBwZ6oM9A=","XlFxofReiGCbX7GgUIVJLI8eu9s=","JkTu54u5ZA3JS!pdBGj84U!JfDw="],"C592cMvctuWXIm!lT8MSWEIJk4I=":["DGhlNDJPa6OJkKymROzo59JcAq0=","dYH6Qg2o7lz+eU+3G8mcbh1Btbc=","xp0hn31rqGHPEeoMiUpxmZAqbkM=","9w2sb3n1sgXkILjoTQ0n8jshEMY=","FvTJLMju2AkcnXdWJVKCQUXPGoo=","suLcXfq7gbkpyficxTt5vSjVr+Q=","e4Vbfdq4pSzlNtMXVaDz37O5w9Q=","o884PUXFj!GMG4gqnK!go2b4czw=","0sDe7+oJHLP+oRhb!ALQxiJWi4c=","XlFxofReiGCbX7GgUIVJLI8eu9s=","fObxPejBcXJUTaLARPOKsaxinek=","nEWRgiOGglWqD+cnva5Xswd0avA=","6Nwp7cmzFB8npzZebmBeiVUfeEU=","l+N+bdiQXmwGnQvEFxakF8pmRyE=","D6J6FCjX5tN5CeI0K!lMzqyGguI=","+iKf4PCWQE7PIU8SI+EOb9INYmQ="],"P2sSZ2Dl3JFiAGm0pLMfbrFEYvk=":["DGhlNDJPa6OJkKymROzo59JcAq0=","dYH6Qg2o7lz+eU+3G8mcbh1Btbc=","fObxPejBcXJUTaLARPOKsaxinek=","9w2sb3n1sgXkILjoTQ0n8jshEMY=","FvTJLMju2AkcnXdWJVKCQUXPGoo=","O6BHaLpCEjFZgeI9963IFJP2jvs=","nEWRgiOGglWqD+cnva5Xswd0avA=","lnsmi7asSrUWAS6pYE7qcFe91uc=","XlFxofReiGCbX7GgUIVJLI8eu9s=","xp0hn31rqGHPEeoMiUpxmZAqbkM=","suLcXfq7gbkpyficxTt5vSjVr+Q=","VS1hgPjtTdzUQFu4zuJl7ebikfc=","6Nwp7cmzFB8npzZebmBeiVUfeEU=","lNRraSrOkAS841OCHGkElUs!2sA=","+iKf4PCWQE7PIU8SI+EOb9INYmQ="],"qfpqLe1yzue1FAlOHYAH!yTEDvs=":["DGhlNDJPa6OJkKymROzo59JcAq0=","blS8ffwKGBrBWTkwrVdYp8R48E0=","D6J6FCjX5tN5CeI0K!lMzqyGguI=","qt8zr3+La72beEvbA5GwL5VV27Q=","FvTJLMju2AkcnXdWJVKCQUXPGoo=","2eSBxFCPddw2qGb7KvVBwZ6oM9A=","9nSTofQd7ZQ3!jUMkcNN6s8CdYI=","xp0hn31rqGHPEeoMiUpxmZAqbkM=","IKTJbbK11a4CGjMfgZOiWGQyI1E=","suLcXfq7gbkpyficxTt5vSjVr+Q=","bf5qD8BNdVw!HrhZgXQ6xdQy1as=","zDX8As771n75Rk30wStc5mhg5hs="],"2LhhAm4wSkwP3QMfJqhh94b3ZdU=":["DGhlNDJPa6OJkKymROzo59JcAq0=","fObxPejBcXJUTaLARPOKsaxinek=","FvTJLMju2AkcnXdWJVKCQUXPGoo=","nEWRgiOGglWqD+cnva5Xswd0avA=","xp0hn31rqGHPEeoMiUpxmZAqbkM=","dYH6Qg2o7lz+eU+3G8mcbh1Btbc=","suLcXfq7gbkpyficxTt5vSjVr+Q=","LNMKYtAnS+6rFG77FlUxnBOBJiU=","D6J6FCjX5tN5CeI0K!lMzqyGguI=","F4zw2svNehvqO5hAGBZDgczZVB0=","+iKf4PCWQE7PIU8SI+EOb9INYmQ="],"epZg9gH!qguzDlBIeKkgdxqHnQ8=":["DGhlNDJPa6OJkKymROzo59JcAq0=","lNRraSrOkAS841OCHGkElUs!2sA=","MmhXdAL1sRhSoiZkxAKU4X5lmok=","wT11pTclO3eqxcO3SybEFbAQbyo=","a3Fngr2Y9qC1i4BAbWXCriOXKSA=","AzUlH9MKbR9JkGDzZShsihYZwDg=","trSFLo24z2Rsi7ls56ezpc3Y+!s=","rPyVRjaJwLbTHFZxb1uen5rhuoQ=","+iKf4PCWQE7PIU8SI+EOb9INYmQ="],"WYve6mHx6vQcC1ME78b5RFvoWNU=":["fObxPejBcXJUTaLARPOKsaxinek=","eDfQEM+KERz9HjkQXi5X0BcF1Ok=","IiOF6GUrv+Tj4mFMFTpmMz6N!Uc=","0CjjADoV!xNegl!XSkb9AZmvQoo=","dYH6Qg2o7lz+eU+3G8mcbh1Btbc=","xp0hn31rqGHPEeoMiUpxmZAqbkM=","QeBlDIeV17!6IyzbpOJSK1DwPaI=","LNMKYtAnS+6rFG77FlUxnBOBJiU=","suLcXfq7gbkpyficxTt5vSjVr+Q=","vR5cX+Y5!D6tA+JLO7XUEPq9ZAg=","YTzC99hNB6cUcl+2sjJrpcLHngE=","8Smixd93zH22iJ!jNBJ0GamiC10="],"Kcj34wb1wI!IQaZ!ynzekoCw398=":["eDfQEM+KERz9HjkQXi5X0BcF1Ok=","fObxPejBcXJUTaLARPOKsaxinek=","9w2sb3n1sgXkILjoTQ0n8jshEMY=","FvTJLMju2AkcnXdWJVKCQUXPGoo=","dYH6Qg2o7lz+eU+3G8mcbh1Btbc=","8Smixd93zH22iJ!jNBJ0GamiC10=","lnsmi7asSrUWAS6pYE7qcFe91uc=","6PPWfTMMoFHMzTMX6bFsyg6NFSU=","xJWnx!8QC3UJcpYPAfYNNCApQq0=","fovy5TPK!ChyNJKXNQzGVZ09iUY=","LGkgJP1YOSKhWm6PHH7Kmc6ybeY="],"VZryWUOa+ybEjr9618s5GzdSCUg=":["jAccnsaG6aNkeYRStKGY1utN+ok=","OQLTFn5Bg563E6VuUiQtEQH84Oc=","JeNEAsc78VK+RXnU8IceaW8Bv48=","1h70uP2tjh8v7WnkenisadsaXDg=","i0GRkmH8zZe2glnCSMWShdBGNGk=","qCqiyZyc53PwwUeQmcWFRf5i3sU=","MLYibfuYSLKVpZsWWpycl8rRFVQ="],"nvPEYF5ecfCgeZtz0b79BJc10hQ=":["ErrudH+ernI9euZWn+NSpzpVo2c=","1h70uP2tjh8v7WnkenisadsaXDg=","jAccnsaG6aNkeYRStKGY1utN+ok=","i0GRkmH8zZe2glnCSMWShdBGNGk=","aa1GPRG7npF25lScvgiKSAso25c=","zTKiidypycqfHRDKRf9hzABOLXA=","LwoOHBvT1ZKvYGQkz0oZ82IRFDY=","XWqKWarD3shB7roze514HL6oGuw="],"ZGwpbWPzglCF152fZc1TTRugyf8=":["O6BHaLpCEjFZgeI9963IFJP2jvs=","eDfQEM+KERz9HjkQXi5X0BcF1Ok=","mDWd2MAmCYh57S+PbwpmkAvOczk=","!In!9fUpRDZHjCndOwF3l5EIFnY=","vdgtlKfnh1E+096uePfyg+cgsKU=","vgx0E+y5qEWLWh7Y70WwwZHI0wQ=","3o1v4xZQuMPuNPAKVEUT2ilTzdA=","0bptEqEXaB77x7uFkTzUk8dOhjk=","1ybXGVnv6eFHmt2pyK34UgcZw!I=","4SN0p4T3TS4kCZdkTgsS8hJp92g=","JFsf3t18E+RiLMghxHhAKo+UmN4=","qKzzpuXDH+wkn8Bz8avFtKV4Cn4=","HkEMsyxFHe+6h0gbWjLXidX!Q54=","6Ll1JND8!c2pqsIOLz8jDsp8pho="],"XZ8dHMxMyL7NiKCGAgzDaqKsPL0=":["!In!9fUpRDZHjCndOwF3l5EIFnY=","kgnRe8edgop3vRI3vphQ8TK1f+8=","B9c04r+HtReBTpZjP4Bj7BcRLeE=","lnsmi7asSrUWAS6pYE7qcFe91uc=","FN1abks5Y5kfItNig4qX1WTu!T0=","JFsf3t18E+RiLMghxHhAKo+UmN4=","afB3NRjcR7itdZZ3rL0uTvi6BoM=","4SN0p4T3TS4kCZdkTgsS8hJp92g=","u87TkhE0+VLl9jyi37c4Hrw27yo=","xDGd6t+4PL1tjy0Qg6!RwFhCDRI="],"QqxjPCTQkYRZpNXxa!v6+EID1Eo=":["Z3+ZTIg5GH6rk7tx9PKK5MryoMs=","!In!9fUpRDZHjCndOwF3l5EIFnY=","B9c04r+HtReBTpZjP4Bj7BcRLeE=","JFsf3t18E+RiLMghxHhAKo+UmN4=","kgnRe8edgop3vRI3vphQ8TK1f+8=","afB3NRjcR7itdZZ3rL0uTvi6BoM=","1ybXGVnv6eFHmt2pyK34UgcZw!I=","qyJmdKHPX0m1ZayXeTgAJzx+gck="],"WEn8q7V9nT!rthk0Xc+MijAm06c=":["ySbJj9Qwpbtbrc126sSSeJUqgR8=","dtSqj4DtKIb7dGr9T9OKzSJ3btw=","O6BHaLpCEjFZgeI9963IFJP2jvs=","LNMKYtAnS+6rFG77FlUxnBOBJiU=","0CjjADoV!xNegl!XSkb9AZmvQoo=","mDWd2MAmCYh57S+PbwpmkAvOczk=","SrO+Oxp2iFKkRCCL9xMS045KI2c=","eDfQEM+KERz9HjkQXi5X0BcF1Ok=","Ufk1EFYWOnatJYH4RGxEm828K9M=","nS9hyVBJOJ7!1jslKFhnICPl0QM=","sco+l7NlECx3pYdbKB1cW8mVCb4="],"8hAeC!sAzMz9aBuKCQBCESSJ0Jw=":["ySbJj9Qwpbtbrc126sSSeJUqgR8=","!SC4Kcs0rF9pROAb0phC3NWKH60=","vdgtlKfnh1E+096uePfyg+cgsKU=","zTKiidypycqfHRDKRf9hzABOLXA=","0CjjADoV!xNegl!XSkb9AZmvQoo=","i0GRkmH8zZe2glnCSMWShdBGNGk=","CK4D5ltVYWc6xoFSndJVItqFrU4=","XlFxofReiGCbX7GgUIVJLI8eu9s=","nS9hyVBJOJ7!1jslKFhnICPl0QM=","bHQjkWTzl6iOLfvK4abKSyoPZb4="],"p+1+kKoBePHwa6IvFWiDkHpqrFY=":["zTKiidypycqfHRDKRf9hzABOLXA=","0CjjADoV!xNegl!XSkb9AZmvQoo=","O6BHaLpCEjFZgeI9963IFJP2jvs=","n+NQgo0MEsaFIEWtsTpXCxwfhfA=","vdgtlKfnh1E+096uePfyg+cgsKU=","eDfQEM+KERz9HjkQXi5X0BcF1Ok=","mDWd2MAmCYh57S+PbwpmkAvOczk=","dtSqj4DtKIb7dGr9T9OKzSJ3btw=","!SC4Kcs0rF9pROAb0phC3NWKH60=","XlFxofReiGCbX7GgUIVJLI8eu9s=","ySbJj9Qwpbtbrc126sSSeJUqgR8=","CK4D5ltVYWc6xoFSndJVItqFrU4=","nS9hyVBJOJ7!1jslKFhnICPl0QM=","WXdOuPqjVHL8L8F4SjKeqcR1DrI="],"mnM2vsiFWfTMY7yTDfnNoHTjK5Q=":["u87TkhE0+VLl9jyi37c4Hrw27yo=","SrO+Oxp2iFKkRCCL9xMS045KI2c=","!In!9fUpRDZHjCndOwF3l5EIFnY=","h8lXHh!SqKPIbuotlUgIAA8!OfI=","BkYjkvY9TZqlpxpQH1sld57h9ks="],"TmUqU6XKvnRfvPv1eNVev1xT3eE=":["u87TkhE0+VLl9jyi37c4Hrw27yo=","BkYjkvY9TZqlpxpQH1sld57h9ks=","dW62ds2pJO4OTgd!ofXKmbkpQxk=","9nSTofQd7ZQ3!jUMkcNN6s8CdYI=","LNMKYtAnS+6rFG77FlUxnBOBJiU=","JFsf3t18E+RiLMghxHhAKo+UmN4=","XlFxofReiGCbX7GgUIVJLI8eu9s=","EyeyCJKzKaIZD6fdsqIlfqaQE8o=","kgnRe8edgop3vRI3vphQ8TK1f+8="],"LVC3ZXEQXBybzsWEU7IvtweguLk=":["jAccnsaG6aNkeYRStKGY1utN+ok=","9nSTofQd7ZQ3!jUMkcNN6s8CdYI=","i0GRkmH8zZe2glnCSMWShdBGNGk=","XlFxofReiGCbX7GgUIVJLI8eu9s=","JFsf3t18E+RiLMghxHhAKo+UmN4=","LBDRjsifHRaTTSQsD0CBsNax9e8=","0nenTrR8OyZj64lx2cj8swpDcP0="],"u!z!pVZqCMDQvOWIzXAWgSZwy3k=":["eDfQEM+KERz9HjkQXi5X0BcF1Ok=","4XnaXCenrlJfkyPN43Sa2vx!njQ=","KTo0tMpKP53j+pT8QcdPvBzJM6A=","!In!9fUpRDZHjCndOwF3l5EIFnY=","3LXerU5VwaErAp7mD3qRaiWhHPw=","T23H7KMJlQAX1vrOzvTxtnTOpdg=","3pK+iAHhBnu313te25nKGZUEmK8=","H8MUIj6KSAymvO2ntMYSNtOhxpU="],"AY!SAdOGnaq4cYHwhN7v9jGeLbs=":["LBDRjsifHRaTTSQsD0CBsNax9e8=","u87TkhE0+VLl9jyi37c4Hrw27yo=","9nSTofQd7ZQ3!jUMkcNN6s8CdYI=","LNMKYtAnS+6rFG77FlUxnBOBJiU=","fObxPejBcXJUTaLARPOKsaxinek=","JFsf3t18E+RiLMghxHhAKo+UmN4=","0CjjADoV!xNegl!XSkb9AZmvQoo=","peMoUwDHF7sBCx+2C7t3wXDP4B8="],"mcVUqqKpbsQ+ggBiFMEdX4yO41k=":["OQLTFn5Bg563E6VuUiQtEQH84Oc=","1h70uP2tjh8v7WnkenisadsaXDg=","i0GRkmH8zZe2glnCSMWShdBGNGk=","wuNl8GXi4yYBVtDzN6kjMCvvITs=","hMt6QP8wGRTwOI530HMH5J6Z+JQ=","eDfQEM+KERz9HjkQXi5X0BcF1Ok=","MsLtcUc+ZdSbK4jCiURzAhjLJcQ="],"0EC4BnwgLw4AdOVe1IXZWiXHsls=":["!In!9fUpRDZHjCndOwF3l5EIFnY=","zTKiidypycqfHRDKRf9hzABOLXA=","LNMKYtAnS+6rFG77FlUxnBOBJiU=","!SC4Kcs0rF9pROAb0phC3NWKH60=","B9c04r+HtReBTpZjP4Bj7BcRLeE=","TByjzp!RmQ3aTvEDh7xE!N34!zs=","6Ll1JND8!c2pqsIOLz8jDsp8pho=","O6BHaLpCEjFZgeI9963IFJP2jvs=","EfYa2RoaY6akGH!w4KS2HF9j9yk=","MB7!qil25R+jVbXkoOyl+LHPuaI="],"d3ixPRFLYHKzY7e581cFhJ8Jc9c=":["ErrudH+ernI9euZWn+NSpzpVo2c=","SrO+Oxp2iFKkRCCL9xMS045KI2c=","wuNl8GXi4yYBVtDzN6kjMCvvITs=","aa1GPRG7npF25lScvgiKSAso25c=","hMt6QP8wGRTwOI530HMH5J6Z+JQ=","Pz!HzIwW3dnrPSNXXN9QxIDJ+ec=","eDfQEM+KERz9HjkQXi5X0BcF1Ok=","wXtpXQmimx8kbDCd0ouY!1gBjXc="],"yRAXx7T09EN8A7723lQeqUOayAo=":["1ybXGVnv6eFHmt2pyK34UgcZw!I=","Z3+ZTIg5GH6rk7tx9PKK5MryoMs=","hMt6QP8wGRTwOI530HMH5J6Z+JQ=","!In!9fUpRDZHjCndOwF3l5EIFnY=","afB3NRjcR7itdZZ3rL0uTvi6BoM=","Ufk1EFYWOnatJYH4RGxEm828K9M=","eDfQEM+KERz9HjkQXi5X0BcF1Ok=","SrO+Oxp2iFKkRCCL9xMS045KI2c=","dxbs07PwOlpZl3rowU839Z+lYjU="],"6r5dv6vTx5ikW7QOcqFPcRR76as=":["1h70uP2tjh8v7WnkenisadsaXDg=","ErrudH+ernI9euZWn+NSpzpVo2c=","SrO+Oxp2iFKkRCCL9xMS045KI2c=","aa1GPRG7npF25lScvgiKSAso25c=","OQLTFn5Bg563E6VuUiQtEQH84Oc=","orEeTy0qbe+OF!uHRSs1Ikm9klc="],"vqc38ssBxxj1YgLdMl2vG4aBk34=":["EilJvqLZiT5VPMt!8kWx+eRiAzY=","!In!9fUpRDZHjCndOwF3l5EIFnY=","MmhXdAL1sRhSoiZkxAKU4X5lmok=","1wa4hmYX+NukmdkSdflKI0vABZw=","gJbM898b11mxTJdLnxiGf0v3siE=","gtFO9pKEepKJNCJkf+R1K1iWEUw=","BUdj9SizXM!wrEEvgafw9adbe64=","R2CYfcpZ37d0mbt1uD+rT!FzVW0=","aSCr8T09a2Nmlyujin+NksvKaW0="],"vZaFAJG+5vpR0T31nsgmFFwwU4E=":["jPWxXE8W0YYo1Y7mgDyxaNpvzBc=","!In!9fUpRDZHjCndOwF3l5EIFnY=","MmhXdAL1sRhSoiZkxAKU4X5lmok=","1wa4hmYX+NukmdkSdflKI0vABZw=","gtFO9pKEepKJNCJkf+R1K1iWEUw=","BUdj9SizXM!wrEEvgafw9adbe64=","!pvZIbiSwfmME!ikEvj4KC694t4=","aSCr8T09a2Nmlyujin+NksvKaW0="],"KAehnfe21qBQrxzcBDl230LnBas=":["aS3rmBhBQxsF4rSun8fc+LOMOSI=","!In!9fUpRDZHjCndOwF3l5EIFnY=","MmhXdAL1sRhSoiZkxAKU4X5lmok=","1wa4hmYX+NukmdkSdflKI0vABZw=","gtFO9pKEepKJNCJkf+R1K1iWEUw=","BUdj9SizXM!wrEEvgafw9adbe64=","XDMkSBKDXBozAmgu0xVBAqfEeqA=","aSCr8T09a2Nmlyujin+NksvKaW0="],"il53WPOj7yZ3Xiosy9AHDx!zmXc=":["aS3rmBhBQxsF4rSun8fc+LOMOSI=","!In!9fUpRDZHjCndOwF3l5EIFnY=","MmhXdAL1sRhSoiZkxAKU4X5lmok=","1wa4hmYX+NukmdkSdflKI0vABZw=","gJbM898b11mxTJdLnxiGf0v3siE=","gtFO9pKEepKJNCJkf+R1K1iWEUw=","BUdj9SizXM!wrEEvgafw9adbe64=","EzLj4b7u8RzkNgrFf5U500hSYL0=","aSCr8T09a2Nmlyujin+NksvKaW0="],"ga0oa7cCrYlEwXsOlBYpyXOntzo=":["3JRzjMKJFju0uSbjX4Zvp8zhzrw=","6+jtXU1yGHwXsZB8xKRxgEg!7Y0=","U767ToLI50ByvcSdoXT8fCwrHno=","wuNl8GXi4yYBVtDzN6kjMCvvITs=","dW62ds2pJO4OTgd!ofXKmbkpQxk=","!In!9fUpRDZHjCndOwF3l5EIFnY=","blS8ffwKGBrBWTkwrVdYp8R48E0=","aa1GPRG7npF25lScvgiKSAso25c=","3sQRHYIIWl3scFCHcgVXFX4aK90="],"ZEVCSMHdftW!A3ppSGsrRDGW!jU=":["3JRzjMKJFju0uSbjX4Zvp8zhzrw=","wuNl8GXi4yYBVtDzN6kjMCvvITs=","!In!9fUpRDZHjCndOwF3l5EIFnY=","blS8ffwKGBrBWTkwrVdYp8R48E0=","5VyCul2l+IiXCbZaGDxWhPoEQAQ=","Esvl0qRpvAassXd5MRH35ISJc2I="],"iC1N99fh3DNmfoWniymqLUmNnXQ=":["HSodnaSz1s!je7nGTJTSiSXoMrw=","6+jtXU1yGHwXsZB8xKRxgEg!7Y0=","U767ToLI50ByvcSdoXT8fCwrHno=","wuNl8GXi4yYBVtDzN6kjMCvvITs=","dW62ds2pJO4OTgd!ofXKmbkpQxk=","!In!9fUpRDZHjCndOwF3l5EIFnY=","blS8ffwKGBrBWTkwrVdYp8R48E0=","afB3NRjcR7itdZZ3rL0uTvi6BoM=","c!aDftE+sqlo4L3aTSTA8ZdSUJU="],"KgQBEVyQlwmXFr1fac0TUgU2Pfw=":["HSodnaSz1s!je7nGTJTSiSXoMrw=","wuNl8GXi4yYBVtDzN6kjMCvvITs=","!In!9fUpRDZHjCndOwF3l5EIFnY=","blS8ffwKGBrBWTkwrVdYp8R48E0=","5VyCul2l+IiXCbZaGDxWhPoEQAQ=","EiOKTnH+9eCrzghQuqRaoFtsOYk="],"uX6OHtdKqFGBtr3ZUsci2jE+Qtw=":["t1fHmw9Q6V4EvnKzu+aQg+ppMIg=","6+jtXU1yGHwXsZB8xKRxgEg!7Y0=","U767ToLI50ByvcSdoXT8fCwrHno=","wuNl8GXi4yYBVtDzN6kjMCvvITs=","dW62ds2pJO4OTgd!ofXKmbkpQxk=","!In!9fUpRDZHjCndOwF3l5EIFnY=","blS8ffwKGBrBWTkwrVdYp8R48E0=","afB3NRjcR7itdZZ3rL0uTvi6BoM=","OW8ea+GEMBSpnIdqcjUYl6iwI!Q="],"gP87rKIiTMmup0K8ygTAxZ!A9vQ=":["t1fHmw9Q6V4EvnKzu+aQg+ppMIg=","wuNl8GXi4yYBVtDzN6kjMCvvITs=","!In!9fUpRDZHjCndOwF3l5EIFnY=","blS8ffwKGBrBWTkwrVdYp8R48E0=","5VyCul2l+IiXCbZaGDxWhPoEQAQ=","84kCJiE657C72Xm2jwxSaxKfFgk="],"c!GkI9Dy1MmFINW0DrIYjTYsPhM=":["HSodnaSz1s!je7nGTJTSiSXoMrw=","wuNl8GXi4yYBVtDzN6kjMCvvITs=","!In!9fUpRDZHjCndOwF3l5EIFnY=","JFsf3t18E+RiLMghxHhAKo+UmN4=","afB3NRjcR7itdZZ3rL0uTvi6BoM=","hp30GfK6OTYEId7mxR4Ydsp9zOg="],"qOYDTIPmm0B66OPOalImMLiTUn8=":["jPWxXE8W0YYo1Y7mgDyxaNpvzBc=","!In!9fUpRDZHjCndOwF3l5EIFnY=","aa1GPRG7npF25lScvgiKSAso25c=","wuNl8GXi4yYBVtDzN6kjMCvvITs=","T23H7KMJlQAX1vrOzvTxtnTOpdg=","blS8ffwKGBrBWTkwrVdYp8R48E0=","SrO+Oxp2iFKkRCCL9xMS045KI2c=","OX6RTX9722KbLmtwR5Mi!lwFNhU="],"BXGYbaZs7hPBTZIqM798R5tAa6g=":["jPWxXE8W0YYo1Y7mgDyxaNpvzBc=","gtFO9pKEepKJNCJkf+R1K1iWEUw=","MmhXdAL1sRhSoiZkxAKU4X5lmok=","UhWz!bE7qhVPxsLdm7!Iw9miBtE=","xp0hn31rqGHPEeoMiUpxmZAqbkM=","rHsZpxrqTCRVFMrfaadQhCMS+Xo=","BUdj9SizXM!wrEEvgafw9adbe64=","lLGUk3DwE5QOOWR7832FgYYkVRE=","EwxHOVNvQuO9OG3nHG+0A7w4Omo="],"QkhXvL1qEXQI2RFcix3aH!8xGlo=":["jPWxXE8W0YYo1Y7mgDyxaNpvzBc=","gtFO9pKEepKJNCJkf+R1K1iWEUw=","MmhXdAL1sRhSoiZkxAKU4X5lmok=","UhWz!bE7qhVPxsLdm7!Iw9miBtE=","xp0hn31rqGHPEeoMiUpxmZAqbkM=","rHsZpxrqTCRVFMrfaadQhCMS+Xo=","BUdj9SizXM!wrEEvgafw9adbe64=","x4dPvpg!yyFlnW0br32vuAofyCU=","8i8uW8ngmfcStbh3rZaXlKeHISI=","X6Zh42eylmvkcCmntQzxmN+oZlI=","EwxHOVNvQuO9OG3nHG+0A7w4Omo="],"kyhLLd4oc2OpM5ubMWEu5Qhj!9A=":["jPWxXE8W0YYo1Y7mgDyxaNpvzBc=","!In!9fUpRDZHjCndOwF3l5EIFnY=","aa1GPRG7npF25lScvgiKSAso25c=","wuNl8GXi4yYBVtDzN6kjMCvvITs=","T23H7KMJlQAX1vrOzvTxtnTOpdg=","SrO+Oxp2iFKkRCCL9xMS045KI2c=","blS8ffwKGBrBWTkwrVdYp8R48E0=","fanPknQFkwACsYHAC5k25RcGSPE="],"BCGpoj3t4PQxeSczpaJJG0LDrwY=":["jPWxXE8W0YYo1Y7mgDyxaNpvzBc=","!In!9fUpRDZHjCndOwF3l5EIFnY=","aa1GPRG7npF25lScvgiKSAso25c=","wuNl8GXi4yYBVtDzN6kjMCvvITs=","T23H7KMJlQAX1vrOzvTxtnTOpdg=","SrO+Oxp2iFKkRCCL9xMS045KI2c=","blS8ffwKGBrBWTkwrVdYp8R48E0=","KZz5SCvEgK3aMTIgeUiU!DS9EMM="],"kkFfX4lBoHBzWk6O9Xd+3QTytys=":["jPWxXE8W0YYo1Y7mgDyxaNpvzBc=","gtFO9pKEepKJNCJkf+R1K1iWEUw=","MmhXdAL1sRhSoiZkxAKU4X5lmok=","UhWz!bE7qhVPxsLdm7!Iw9miBtE=","xp0hn31rqGHPEeoMiUpxmZAqbkM=","rHsZpxrqTCRVFMrfaadQhCMS+Xo=","BUdj9SizXM!wrEEvgafw9adbe64=","ZrZwiaohIFP1+hWJYUYh8jNeXig=","EwxHOVNvQuO9OG3nHG+0A7w4Omo="],"Mvu7K4HyK6DsYZCcsSxbh4kCsU0=":["jPWxXE8W0YYo1Y7mgDyxaNpvzBc=","gtFO9pKEepKJNCJkf+R1K1iWEUw=","MmhXdAL1sRhSoiZkxAKU4X5lmok=","UhWz!bE7qhVPxsLdm7!Iw9miBtE=","xp0hn31rqGHPEeoMiUpxmZAqbkM=","rHsZpxrqTCRVFMrfaadQhCMS+Xo=","BUdj9SizXM!wrEEvgafw9adbe64=","x4dPvpg!yyFlnW0br32vuAofyCU=","8i8uW8ngmfcStbh3rZaXlKeHISI=","b9o6QLfh4XqClFveKp3ru36DOh0=","EwxHOVNvQuO9OG3nHG+0A7w4Omo="],"voLKbXnSw5P6aDsrgohN+Jy242U=":["CgZOZBvdaIcH6bmzKW8zaJLtzlE=","!In!9fUpRDZHjCndOwF3l5EIFnY=","wuNl8GXi4yYBVtDzN6kjMCvvITs=","SrO+Oxp2iFKkRCCL9xMS045KI2c=","y46m3LhW4VQMEQItBjWzirCK2m4=","T23H7KMJlQAX1vrOzvTxtnTOpdg=","blS8ffwKGBrBWTkwrVdYp8R48E0=","753OJCdaFdBFY8s1ath39tQMuh8="],"aaP1ttcYJUuoasY+gneqidgM2lw=":["aS3rmBhBQxsF4rSun8fc+LOMOSI=","!In!9fUpRDZHjCndOwF3l5EIFnY=","afB3NRjcR7itdZZ3rL0uTvi6BoM=","wuNl8GXi4yYBVtDzN6kjMCvvITs=","T23H7KMJlQAX1vrOzvTxtnTOpdg=","SrO+Oxp2iFKkRCCL9xMS045KI2c=","blS8ffwKGBrBWTkwrVdYp8R48E0=","fanBH0liuikamo+BX+sEPTa9Rrc="],"OYcJYk6NA!z!3Swcok1CWxIDJus=":["aS3rmBhBQxsF4rSun8fc+LOMOSI=","gtFO9pKEepKJNCJkf+R1K1iWEUw=","MmhXdAL1sRhSoiZkxAKU4X5lmok=","HHgbekfe1hMFir2iZhNs!MSMbDM=","xp0hn31rqGHPEeoMiUpxmZAqbkM=","rHsZpxrqTCRVFMrfaadQhCMS+Xo=","BUdj9SizXM!wrEEvgafw9adbe64=","Oqec7U2GGlM5++W1dWHaP2nisxY=","EwxHOVNvQuO9OG3nHG+0A7w4Omo="],"L+wOL4oxou1Goqp7sI6r7Q!sGOg=":["aS3rmBhBQxsF4rSun8fc+LOMOSI=","gtFO9pKEepKJNCJkf+R1K1iWEUw=","MmhXdAL1sRhSoiZkxAKU4X5lmok=","HHgbekfe1hMFir2iZhNs!MSMbDM=","xp0hn31rqGHPEeoMiUpxmZAqbkM=","rHsZpxrqTCRVFMrfaadQhCMS+Xo=","BUdj9SizXM!wrEEvgafw9adbe64=","x4dPvpg!yyFlnW0br32vuAofyCU=","8i8uW8ngmfcStbh3rZaXlKeHISI=","2pFDoXyeI1pdzEI7lKhCLEvSiUc=","EwxHOVNvQuO9OG3nHG+0A7w4Omo="],"RcmNx8wVMixS5mFHdBD!6tlBC3A=":["aS3rmBhBQxsF4rSun8fc+LOMOSI=","!In!9fUpRDZHjCndOwF3l5EIFnY=","afB3NRjcR7itdZZ3rL0uTvi6BoM=","wuNl8GXi4yYBVtDzN6kjMCvvITs=","T23H7KMJlQAX1vrOzvTxtnTOpdg=","SrO+Oxp2iFKkRCCL9xMS045KI2c=","blS8ffwKGBrBWTkwrVdYp8R48E0=","LSumlfwT+VvpE492Y6R2IbrzFkI="],"UOC51rkPNQUEL0ImgAJuMHnug10=":["aS3rmBhBQxsF4rSun8fc+LOMOSI=","!In!9fUpRDZHjCndOwF3l5EIFnY=","afB3NRjcR7itdZZ3rL0uTvi6BoM=","wuNl8GXi4yYBVtDzN6kjMCvvITs=","T23H7KMJlQAX1vrOzvTxtnTOpdg=","SrO+Oxp2iFKkRCCL9xMS045KI2c=","blS8ffwKGBrBWTkwrVdYp8R48E0=","XUl6yv!Fh7qi8SaE79hVedS1LxQ="],"tiW9!o2g3pSm1PYgSCfdhqOLtAw=":["aS3rmBhBQxsF4rSun8fc+LOMOSI=","!In!9fUpRDZHjCndOwF3l5EIFnY=","afB3NRjcR7itdZZ3rL0uTvi6BoM=","wuNl8GXi4yYBVtDzN6kjMCvvITs=","T23H7KMJlQAX1vrOzvTxtnTOpdg=","SrO+Oxp2iFKkRCCL9xMS045KI2c=","blS8ffwKGBrBWTkwrVdYp8R48E0=","+CEKpu5bK9qWDiN2cxONgpjtjuY="],"GejHdU16O8a1UeBD64IoDNbc2O8=":["aS3rmBhBQxsF4rSun8fc+LOMOSI=","gtFO9pKEepKJNCJkf+R1K1iWEUw=","MmhXdAL1sRhSoiZkxAKU4X5lmok=","HHgbekfe1hMFir2iZhNs!MSMbDM=","xp0hn31rqGHPEeoMiUpxmZAqbkM=","rHsZpxrqTCRVFMrfaadQhCMS+Xo=","BUdj9SizXM!wrEEvgafw9adbe64=","iY4G8UMD0reOaNW+qQjxGmPFzPY=","EwxHOVNvQuO9OG3nHG+0A7w4Omo="],"RDlB4oxpxkBLeI2Z1gnLc0s3IdU=":["t1fHmw9Q6V4EvnKzu+aQg+ppMIg=","6+jtXU1yGHwXsZB8xKRxgEg!7Y0=","U767ToLI50ByvcSdoXT8fCwrHno=","wuNl8GXi4yYBVtDzN6kjMCvvITs=","dW62ds2pJO4OTgd!ofXKmbkpQxk=","!In!9fUpRDZHjCndOwF3l5EIFnY=","KhlQM95CWHOrzjl0MLIzokxGwRs=","5VyCul2l+IiXCbZaGDxWhPoEQAQ=","SrO+Oxp2iFKkRCCL9xMS045KI2c=","afB3NRjcR7itdZZ3rL0uTvi6BoM=","KM1sMh!FF6CVXXGRuqwB3I600UU="],"fceQk2Q9BrGJ1VNsdZ!AvC9SY!I=":["1X+opiwKknFLuppDw+jlcnI3ayg=","6+jtXU1yGHwXsZB8xKRxgEg!7Y0=","U767ToLI50ByvcSdoXT8fCwrHno=","wuNl8GXi4yYBVtDzN6kjMCvvITs=","dW62ds2pJO4OTgd!ofXKmbkpQxk=","!In!9fUpRDZHjCndOwF3l5EIFnY=","blS8ffwKGBrBWTkwrVdYp8R48E0=","SrO+Oxp2iFKkRCCL9xMS045KI2c=","afB3NRjcR7itdZZ3rL0uTvi6BoM=","50gKN8K82WzkC9RVTvqBuwAhLzM="],"yurDvkgJC0UbnxshEC6fc0bcxns=":["EilJvqLZiT5VPMt!8kWx+eRiAzY=","6+jtXU1yGHwXsZB8xKRxgEg!7Y0=","U767ToLI50ByvcSdoXT8fCwrHno=","wuNl8GXi4yYBVtDzN6kjMCvvITs=","dW62ds2pJO4OTgd!ofXKmbkpQxk=","1h70uP2tjh8v7WnkenisadsaXDg=","blS8ffwKGBrBWTkwrVdYp8R48E0=","SrO+Oxp2iFKkRCCL9xMS045KI2c=","i0GRkmH8zZe2glnCSMWShdBGNGk=","xxc!7SW6vSJen!yQh+Wo5tEc0Ms="],"cVww5BpYFEut4H2jGs1CJKxfC!M=":["mVDQ65r!LLJo6jjr+okD3dmD58o=","!In!9fUpRDZHjCndOwF3l5EIFnY=","SrO+Oxp2iFKkRCCL9xMS045KI2c=","8RCYyrX2AhCxPmIf9QdutNzviNk=","T23H7KMJlQAX1vrOzvTxtnTOpdg=","wuNl8GXi4yYBVtDzN6kjMCvvITs=","9w2sb3n1sgXkILjoTQ0n8jshEMY=","xp0hn31rqGHPEeoMiUpxmZAqbkM=","XDATSWvN+DATki!5wXKQlvG!vO0="],"tbDyDH2Ne!YB+BTNA1v4fb!!f7w=":["mVDQ65r!LLJo6jjr+okD3dmD58o=","!In!9fUpRDZHjCndOwF3l5EIFnY=","SrO+Oxp2iFKkRCCL9xMS045KI2c=","8RCYyrX2AhCxPmIf9QdutNzviNk=","T23H7KMJlQAX1vrOzvTxtnTOpdg=","wuNl8GXi4yYBVtDzN6kjMCvvITs=","9w2sb3n1sgXkILjoTQ0n8jshEMY=","xp0hn31rqGHPEeoMiUpxmZAqbkM=","t09s7F2Ltq8DA89pIwJhT0hyVi8="],"FOeCZMPoH36!8TiC4d22d6LZ!2Q=":["Iv5LMIt1bgB4aGIt0rmXHvlDBJc=","!In!9fUpRDZHjCndOwF3l5EIFnY=","T23H7KMJlQAX1vrOzvTxtnTOpdg=","wuNl8GXi4yYBVtDzN6kjMCvvITs=","9nSTofQd7ZQ3!jUMkcNN6s8CdYI=","SrO+Oxp2iFKkRCCL9xMS045KI2c=","HUYTrr2M53rxmKl7GesK+Wpn3aE=","D7s+HjM8DtDVqmZ!2zBmrutioWI="],"aGc0AvwN19xawe9MDT1IbmM7lZU=":["EPkp1Xu87aXo0N95wKwG+H!EeSo=","blS8ffwKGBrBWTkwrVdYp8R48E0=","wuNl8GXi4yYBVtDzN6kjMCvvITs=","SrO+Oxp2iFKkRCCL9xMS045KI2c=","!In!9fUpRDZHjCndOwF3l5EIFnY=","hGuH!vrH5jjLEtRWceML8yZMHaw=","q4rnfrrd3AxofuesRiVOiF2CgPM="],"MSU2I59e504kxj8wZbxZDlPL7eM=":["9YIXN7eaxfxGGPBG1bNeVr54vQY=","mDWd2MAmCYh57S+PbwpmkAvOczk=","O6BHaLpCEjFZgeI9963IFJP2jvs=","3SATByHGH7Ps09yZKzy6lWLj+g4=","qKzzpuXDH+wkn8Bz8avFtKV4Cn4=","EfYa2RoaY6akGH!w4KS2HF9j9yk=","lnBPJ0hIZDrgkw5lkUXUWPB9gf4=","FN1abks5Y5kfItNig4qX1WTu!T0=","rrKqYQlNssU3RlhViLO!zdRegfg=","7HtWn9!6TPjp9KNTeesSIzBJIEk=","LGkgJP1YOSKhWm6PHH7Kmc6ybeY="],"BiKfD2b9B1WlxHYY29leOlvztSo=":["eDfQEM+KERz9HjkQXi5X0BcF1Ok=","O6BHaLpCEjFZgeI9963IFJP2jvs=","LNMKYtAnS+6rFG77FlUxnBOBJiU=","Sw+TzCsiAwrN9UXbxghLeGGDSrs=","dtSqj4DtKIb7dGr9T9OKzSJ3btw=","CK4D5ltVYWc6xoFSndJVItqFrU4=","XaP07D5+2cXP+IwUbekAz6pPm7A=","C5E+BZQy2vIpeUbxVlWBoAs6pL4=","LGkgJP1YOSKhWm6PHH7Kmc6ybeY=","bf5qD8BNdVw!HrhZgXQ6xdQy1as="],"2x3qA!i1nMAh4IQ2MP1sSOyvme4=":["O6BHaLpCEjFZgeI9963IFJP2jvs=","IH3MPD4oT86QpdAYKBSS0bSYSgg=","FdsktS4PF6weKKsNK95KvFPCeuk=","bICb4+fqm1yxquJwDXkuPiuXzAw=","L2BAKyFweVzXIITR7IDzEY0O0sU=","LNMKYtAnS+6rFG77FlUxnBOBJiU=","KTo0tMpKP53j+pT8QcdPvBzJM6A=","JeNEAsc78VK+RXnU8IceaW8Bv48=","XaP07D5+2cXP+IwUbekAz6pPm7A=","EkksT1r1YczfTYRMM6DlLOIhKv8=","oZmWSM3B!aMVr7wG+nuIpKh!0Ds=","UmP1M8pH7km!igDscoCmUFpAFLM=","e1+Eezs4pNDvOYrdLYXpMIEGfMw=","sCUMkA!5tMkp4BTIc1ylqdqpiqs=","7HtWn9!6TPjp9KNTeesSIzBJIEk="],"owD3kJfV1EdFDrEj2dKa7nlwpik=":["6PPWfTMMoFHMzTMX6bFsyg6NFSU=","hbcKDRxBgmtjtA5V7c6a9z7rzIM=","mDWd2MAmCYh57S+PbwpmkAvOczk=","LNMKYtAnS+6rFG77FlUxnBOBJiU=","!jLp16Sx3iFK!Zctzdd6feGZILQ=","XaP07D5+2cXP+IwUbekAz6pPm7A=","eDfQEM+KERz9HjkQXi5X0BcF1Ok=","YzLWCewrrDoE1!OUXPyzHXgnqeY=","bf5qD8BNdVw!HrhZgXQ6xdQy1as=","LGkgJP1YOSKhWm6PHH7Kmc6ybeY="],"KsM9k3zuyZv6C5pe2FriMgjWXy0=":["j2JXl1l73rFSeCK7bVvLk+kbn38=","9w2sb3n1sgXkILjoTQ0n8jshEMY=","Sw+TzCsiAwrN9UXbxghLeGGDSrs=","FvTJLMju2AkcnXdWJVKCQUXPGoo=","5ZrpU4zSAsrDpae7HzyKRBISghU=","REw3lGyS0neQbLtjIrpyKY2Tw28=","eDfQEM+KERz9HjkQXi5X0BcF1Ok=","vDf4k1S9Ef24YhKxw+GuU3INqxw=","mDWd2MAmCYh57S+PbwpmkAvOczk="],"9lFj1g8ssigaz5gNPL0aDgaMyBY=":["5ZrpU4zSAsrDpae7HzyKRBISghU=","FvTJLMju2AkcnXdWJVKCQUXPGoo=","Ii7lTlnPt9sWeF4aUqi6S1nJzZc=","CXHDA77h9pdLNTza6ejtZJdIOQk=","JImlE6xJcnKfLcvjdhPAo4XUHIo=","1L22rmIXwS6x1JK3DhVR6LH9U6A=","IC!brNkZz!J7!Oa4eFRXQHqecbI=","xes0h95ed0JsEB2l4Ibgq4M5t88="],"Ww5ugiuN3pUk3FBaGIFqHRJIUT0=":["!h0RDHi2FZOY1f5kSlvfmb4VrR0=","XhQDifJ5!P7KzOi!z9XWwXfz8gw=","mDWd2MAmCYh57S+PbwpmkAvOczk=","FvTJLMju2AkcnXdWJVKCQUXPGoo=","O6BHaLpCEjFZgeI9963IFJP2jvs=","9JP1DbjOtGvo6Bni+caoF5YC6tY=","dbkz0NEAGShUdWlS5OIQIBgueFQ=","FN1abks5Y5kfItNig4qX1WTu!T0=","SrO+Oxp2iFKkRCCL9xMS045KI2c=","qKzzpuXDH+wkn8Bz8avFtKV4Cn4=","gBnnU2vaHq+waqVzUi28+nOq23M=","REw3lGyS0neQbLtjIrpyKY2Tw28="],"TUGPCivlx2LR0lD4yi!wLeWT8WE=":["!h0RDHi2FZOY1f5kSlvfmb4VrR0=","dbkz0NEAGShUdWlS5OIQIBgueFQ=","FvTJLMju2AkcnXdWJVKCQUXPGoo=","mDWd2MAmCYh57S+PbwpmkAvOczk=","9w2sb3n1sgXkILjoTQ0n8jshEMY=","REw3lGyS0neQbLtjIrpyKY2Tw28=","qKzzpuXDH+wkn8Bz8avFtKV4Cn4=","JImlE6xJcnKfLcvjdhPAo4XUHIo=","FN1abks5Y5kfItNig4qX1WTu!T0=","bFmIEx9KD2aIB!xWefZdtiR+65Q=","xes0h95ed0JsEB2l4Ibgq4M5t88="],"MYyXAGDJgyLVKyzLLf2Y3sB54bo=":["FN1abks5Y5kfItNig4qX1WTu!T0=","!h0RDHi2FZOY1f5kSlvfmb4VrR0=","9w2sb3n1sgXkILjoTQ0n8jshEMY=","FvTJLMju2AkcnXdWJVKCQUXPGoo=","9JP1DbjOtGvo6Bni+caoF5YC6tY=","SrO+Oxp2iFKkRCCL9xMS045KI2c=","rZ6BfLKuHQzaacMuiJhGhjtlCV0=","P6b+SfT0p7Rlypnj5w5!Kbe9x40=","mEljR0uZ3IX1aHANjdBHJ2V5Dm4=","qKzzpuXDH+wkn8Bz8avFtKV4Cn4=","yY8GdTd5K71xhIIYZIuGoaq3Unk="],"PXXxt8tBO6w08mWAtfefRkqQ1bQ=":["FN1abks5Y5kfItNig4qX1WTu!T0=","9w2sb3n1sgXkILjoTQ0n8jshEMY=","FvTJLMju2AkcnXdWJVKCQUXPGoo=","qKzzpuXDH+wkn8Bz8avFtKV4Cn4=","P6b+SfT0p7Rlypnj5w5!Kbe9x40=","dbkz0NEAGShUdWlS5OIQIBgueFQ=","pzO!6U89kdQzI0I4En6B3AtWeCc=","NpDyQiI5G+8SpaRxa4BydudVFI8=","8rUomgzlfsnU1nu1V!LWGc9tZZQ="],"8z+GMbCNrkrbMds55oO8idACxkc=":["FN1abks5Y5kfItNig4qX1WTu!T0=","hbcKDRxBgmtjtA5V7c6a9z7rzIM=","9JP1DbjOtGvo6Bni+caoF5YC6tY=","9w2sb3n1sgXkILjoTQ0n8jshEMY=","FvTJLMju2AkcnXdWJVKCQUXPGoo=","eDfQEM+KERz9HjkQXi5X0BcF1Ok=","SrO+Oxp2iFKkRCCL9xMS045KI2c=","EY4wSOnJY+m0REFemGyx7K3cfDw=","vdgtlKfnh1E+096uePfyg+cgsKU=","RncyNoE4XRxiY6!2JlHIW2wr1cQ=","8rUomgzlfsnU1nu1V!LWGc9tZZQ="],"au0lnYfgIXang4F9W+FncbjkN+c=":["FN1abks5Y5kfItNig4qX1WTu!T0=","hbcKDRxBgmtjtA5V7c6a9z7rzIM=","!h0RDHi2FZOY1f5kSlvfmb4VrR0=","3SATByHGH7Ps09yZKzy6lWLj+g4=","eDfQEM+KERz9HjkQXi5X0BcF1Ok=","O6BHaLpCEjFZgeI9963IFJP2jvs=","mDWd2MAmCYh57S+PbwpmkAvOczk=","EY4wSOnJY+m0REFemGyx7K3cfDw=","JImlE6xJcnKfLcvjdhPAo4XUHIo=","lnBPJ0hIZDrgkw5lkUXUWPB9gf4=","qKzzpuXDH+wkn8Bz8avFtKV4Cn4=","vdgtlKfnh1E+096uePfyg+cgsKU=","luxz3or0yHO!FdJfzKdXL+hm!BE=","EfYa2RoaY6akGH!w4KS2HF9j9yk=","FvTJLMju2AkcnXdWJVKCQUXPGoo="],"CFKumMUeeTxx5y8VB!2T7jXdVBQ=":["FN1abks5Y5kfItNig4qX1WTu!T0=","hbcKDRxBgmtjtA5V7c6a9z7rzIM=","!h0RDHi2FZOY1f5kSlvfmb4VrR0=","3SATByHGH7Ps09yZKzy6lWLj+g4=","eDfQEM+KERz9HjkQXi5X0BcF1Ok=","O6BHaLpCEjFZgeI9963IFJP2jvs=","SrO+Oxp2iFKkRCCL9xMS045KI2c=","EY4wSOnJY+m0REFemGyx7K3cfDw=","JImlE6xJcnKfLcvjdhPAo4XUHIo=","vdgtlKfnh1E+096uePfyg+cgsKU=","qKzzpuXDH+wkn8Bz8avFtKV4Cn4=","YhAUjTesGlgdLFzG!2plNptHSc0=","h2lt528ZluRh7ArxCPAAoiGgI9E="],"5APkdHSxXTkSTaKLL6uvhsC8HVs=":["FN1abks5Y5kfItNig4qX1WTu!T0=","qKzzpuXDH+wkn8Bz8avFtKV4Cn4=","hbcKDRxBgmtjtA5V7c6a9z7rzIM=","SrO+Oxp2iFKkRCCL9xMS045KI2c=","3SATByHGH7Ps09yZKzy6lWLj+g4=","fHgWw9b0Fmo8Vt66YLjy8rtJzZw=","mDWd2MAmCYh57S+PbwpmkAvOczk=","dyreJ2w8SJur72F7ZYHSCdDzAyw="],"CDScy6XlW+wfDhjpZ4M05fLnTfQ=":["hbcKDRxBgmtjtA5V7c6a9z7rzIM=","mDWd2MAmCYh57S+PbwpmkAvOczk=","SnIAHjOya8RfTGOP1D7bpJQ48Js=","!h0RDHi2FZOY1f5kSlvfmb4VrR0=","EY4wSOnJY+m0REFemGyx7K3cfDw=","rZ6BfLKuHQzaacMuiJhGhjtlCV0=","eDfQEM+KERz9HjkQXi5X0BcF1Ok=","d6BgDGEz7v8JXu3hVormu8y8S!k=","h2lt528ZluRh7ArxCPAAoiGgI9E=","dbkz0NEAGShUdWlS5OIQIBgueFQ="],"BeA336Omit5hKyw!XBOSBPUifh8=":["FN1abks5Y5kfItNig4qX1WTu!T0=","!h0RDHi2FZOY1f5kSlvfmb4VrR0=","hbcKDRxBgmtjtA5V7c6a9z7rzIM=","h2lt528ZluRh7ArxCPAAoiGgI9E=","tVqhTl3n6ZjPI+dzagDgFLLxWw4="],"3pG7QohzAQmYhWSxGW!mn3lxZf0=":["FN1abks5Y5kfItNig4qX1WTu!T0=","!h0RDHi2FZOY1f5kSlvfmb4VrR0=","hbcKDRxBgmtjtA5V7c6a9z7rzIM=","eDfQEM+KERz9HjkQXi5X0BcF1Ok=","FvTJLMju2AkcnXdWJVKCQUXPGoo=","O6BHaLpCEjFZgeI9963IFJP2jvs=","SrO+Oxp2iFKkRCCL9xMS045KI2c=","vdgtlKfnh1E+096uePfyg+cgsKU=","SnIAHjOya8RfTGOP1D7bpJQ48Js=","qWyforHymSFYyxXlLRntC8gp!Ek=","8rUomgzlfsnU1nu1V!LWGc9tZZQ="],"VP3o0IV4RwFlKUjhl7VVUtbBV4E=":["O6BHaLpCEjFZgeI9963IFJP2jvs=","mDWd2MAmCYh57S+PbwpmkAvOczk=","LNMKYtAnS+6rFG77FlUxnBOBJiU=","Ii7lTlnPt9sWeF4aUqi6S1nJzZc=","9w2sb3n1sgXkILjoTQ0n8jshEMY=","FN1abks5Y5kfItNig4qX1WTu!T0=","1L22rmIXwS6x1JK3DhVR6LH9U6A=","Oin0wR!l3KnbN+qubesAiLEV5JU=","vdgtlKfnh1E+096uePfyg+cgsKU=","qk6hVXGwaXpaBMCTZnQAfr2dN+Q=","K!Wh550sI4zARSY6HiqQP4ezmv8="],"3Q0HSTH8puQtPqy!jboLhrk04WY=":["O6BHaLpCEjFZgeI9963IFJP2jvs=","Ii7lTlnPt9sWeF4aUqi6S1nJzZc=","9JP1DbjOtGvo6Bni+caoF5YC6tY=","eDfQEM+KERz9HjkQXi5X0BcF1Ok=","9w2sb3n1sgXkILjoTQ0n8jshEMY=","1L22rmIXwS6x1JK3DhVR6LH9U6A=","suLcXfq7gbkpyficxTt5vSjVr+Q=","LNMKYtAnS+6rFG77FlUxnBOBJiU=","IH3MPD4oT86QpdAYKBSS0bSYSgg=","K!Wh550sI4zARSY6HiqQP4ezmv8=","Oin0wR!l3KnbN+qubesAiLEV5JU=","vR5cX+Y5!D6tA+JLO7XUEPq9ZAg=","W+MXCGXhqeVQypBuEP2IDlkZgtk=","dYH6Qg2o7lz+eU+3G8mcbh1Btbc=","bf5qD8BNdVw!HrhZgXQ6xdQy1as="],"byCVKbES5S2AN!jCgBkmKlsd+tQ=":["FN1abks5Y5kfItNig4qX1WTu!T0=","Ii7lTlnPt9sWeF4aUqi6S1nJzZc=","FvTJLMju2AkcnXdWJVKCQUXPGoo=","eDfQEM+KERz9HjkQXi5X0BcF1Ok=","P6b+SfT0p7Rlypnj5w5!Kbe9x40=","SrO+Oxp2iFKkRCCL9xMS045KI2c=","rZ6BfLKuHQzaacMuiJhGhjtlCV0=","!h0RDHi2FZOY1f5kSlvfmb4VrR0=","6mTLTpX9sBRsE2aivNlf9udJWV8=","G7WIFJo8ZUhIbPov3ktAuAeS99U="],"eY0wbnX53zCQyCklhQMla3UfWdU=":["9w2sb3n1sgXkILjoTQ0n8jshEMY=","FvTJLMju2AkcnXdWJVKCQUXPGoo=","eDfQEM+KERz9HjkQXi5X0BcF1Ok=","FN1abks5Y5kfItNig4qX1WTu!T0=","Ii7lTlnPt9sWeF4aUqi6S1nJzZc=","KRbvAS6trolQgQDR5yoV8aMm!68=","G7WIFJo8ZUhIbPov3ktAuAeS99U="],"XaWg8ts0iIKoYsS8!r1gFuddUC0=":["O6BHaLpCEjFZgeI9963IFJP2jvs=","eDfQEM+KERz9HjkQXi5X0BcF1Ok=","Ii7lTlnPt9sWeF4aUqi6S1nJzZc=","mDWd2MAmCYh57S+PbwpmkAvOczk=","FN1abks5Y5kfItNig4qX1WTu!T0=","2rFQGQcI2!YoP0JIgu4u6n!BVUs=","4XnaXCenrlJfkyPN43Sa2vx!njQ=","!jLp16Sx3iFK!Zctzdd6feGZILQ=","lH1+qrsGEw4YTYdPRpG!GgG9pzU=","vR5cX+Y5!D6tA+JLO7XUEPq9ZAg=","YNcqslp0HqWexgb75n37KpiJJEc="],"o1X+37LwL3h3gbqBHqor4ibv0a0=":["FN1abks5Y5kfItNig4qX1WTu!T0=","eDfQEM+KERz9HjkQXi5X0BcF1Ok=","9w2sb3n1sgXkILjoTQ0n8jshEMY=","FvTJLMju2AkcnXdWJVKCQUXPGoo=","9YIXN7eaxfxGGPBG1bNeVr54vQY=","mDWd2MAmCYh57S+PbwpmkAvOczk=","4XnaXCenrlJfkyPN43Sa2vx!njQ=","SrO+Oxp2iFKkRCCL9xMS045KI2c=","a3Fngr2Y9qC1i4BAbWXCriOXKSA=","Kwe0kD2BvgZhKospoVsYFZiuca4=","2ub88yXgkK3EWKhZIqJOr5TQSl4=","1L22rmIXwS6x1JK3DhVR6LH9U6A=","TByjzp!RmQ3aTvEDh7xE!N34!zs="],"sRbLhFbvYt0mP+oKPm9fwSzikqU=":["hbcKDRxBgmtjtA5V7c6a9z7rzIM=","O6BHaLpCEjFZgeI9963IFJP2jvs=","mDWd2MAmCYh57S+PbwpmkAvOczk=","qKzzpuXDH+wkn8Bz8avFtKV4Cn4=","fObxPejBcXJUTaLARPOKsaxinek=","8i3RtPtGTlJAxrpx!ri47EGWw7I=","KTo0tMpKP53j+pT8QcdPvBzJM6A=","+DjH2+mPa7FRg9Et!NIYdmAKJ+U=","lScVEw0iAJivooYvDwR5coF4hng=","2ub88yXgkK3EWKhZIqJOr5TQSl4=","6Ll1JND8!c2pqsIOLz8jDsp8pho="],"4P!hmCMwAgXXa3gFp41099dVSGY=":["dgwVdfNUCQY!w+4MBpqTw9cKKjM=","oZhyaV8fOl8inYuSuu63fSGjAfA=","In6WEpQac1W0eEI5xeEtD47tkKc=","BFzZsphxr9zFg3q7DyAM2n!mWkI=","L2BAKyFweVzXIITR7IDzEY0O0sU=","VR1vNs3olhT8w8f7dwgacSKISC8=","PXttJUSYl0Cx!v!SYqLqR4vGuNc=","u87TkhE0+VLl9jyi37c4Hrw27yo=","bICb4+fqm1yxquJwDXkuPiuXzAw=","5hZKHw2ImWpLUMf!q6URcqx1sFE=","qKzzpuXDH+wkn8Bz8avFtKV4Cn4=","bETqb!zE8OS9+0Y8CgDw3+T5zPY="],"fexOA6aja8O76PXnEx2auR7WnoQ=":["eDfQEM+KERz9HjkQXi5X0BcF1Ok=","uJc4pp4UunF7TNrQmfHa!pAcKzk=","u87TkhE0+VLl9jyi37c4Hrw27yo=","zlRMAB9EBXX4voaofWSA8sluVsc=","O6BHaLpCEjFZgeI9963IFJP2jvs=","FvTJLMju2AkcnXdWJVKCQUXPGoo=","mDWd2MAmCYh57S+PbwpmkAvOczk=","dgwVdfNUCQY!w+4MBpqTw9cKKjM=","PXttJUSYl0Cx!v!SYqLqR4vGuNc=","oZhyaV8fOl8inYuSuu63fSGjAfA=","In6WEpQac1W0eEI5xeEtD47tkKc=","np5SGI6cihbiFrWZxGRRmtZYqBk=","bETqb!zE8OS9+0Y8CgDw3+T5zPY="],"s89t7P9rCkYrfnqdzXsN7rd+Thk=":["eDfQEM+KERz9HjkQXi5X0BcF1Ok=","lG0AQZgCFkAw0O4+wRlWz7B01EQ=","9w2sb3n1sgXkILjoTQ0n8jshEMY=","XDbSf03vwVRxM1ikE0zwYwbSJ3Q=","IiOF6GUrv+Tj4mFMFTpmMz6N!Uc=","FvTJLMju2AkcnXdWJVKCQUXPGoo=","u87TkhE0+VLl9jyi37c4Hrw27yo=","FN1abks5Y5kfItNig4qX1WTu!T0=","f13OYjwCPM6hKPoU9NSOAXb7ngc="],"Y9JvrrIZjbCbtCgifFXNkBT3m4Q=":["BFzZsphxr9zFg3q7DyAM2n!mWkI=","VR1vNs3olhT8w8f7dwgacSKISC8=","TByjzp!RmQ3aTvEDh7xE!N34!zs=","FN1abks5Y5kfItNig4qX1WTu!T0=","O6BHaLpCEjFZgeI9963IFJP2jvs=","!jLp16Sx3iFK!Zctzdd6feGZILQ=","dgwVdfNUCQY!w+4MBpqTw9cKKjM=","9JP1DbjOtGvo6Bni+caoF5YC6tY=","PXttJUSYl0Cx!v!SYqLqR4vGuNc=","FvTJLMju2AkcnXdWJVKCQUXPGoo=","dYH6Qg2o7lz+eU+3G8mcbh1Btbc=","bf5qD8BNdVw!HrhZgXQ6xdQy1as=","vdgtlKfnh1E+096uePfyg+cgsKU=","bqIeuk9Ydi0ixBOTn1pzFHHwPoU=","j2JXl1l73rFSeCK7bVvLk+kbn38="],"YEz3cPy0cQoJ6wLi0tuPhYWt2l4=":["9w2sb3n1sgXkILjoTQ0n8jshEMY=","FvTJLMju2AkcnXdWJVKCQUXPGoo=","9JP1DbjOtGvo6Bni+caoF5YC6tY=","O6BHaLpCEjFZgeI9963IFJP2jvs=","LNMKYtAnS+6rFG77FlUxnBOBJiU=","lnsmi7asSrUWAS6pYE7qcFe91uc=","dgwVdfNUCQY!w+4MBpqTw9cKKjM=","bf5qD8BNdVw!HrhZgXQ6xdQy1as=","SrO+Oxp2iFKkRCCL9xMS045KI2c=","FN1abks5Y5kfItNig4qX1WTu!T0=","u87TkhE0+VLl9jyi37c4Hrw27yo=","dYH6Qg2o7lz+eU+3G8mcbh1Btbc=","ZCnkk2HVhyFQaiN6yFC8OnY+ItY=","VR1vNs3olhT8w8f7dwgacSKISC8=","qKzzpuXDH+wkn8Bz8avFtKV4Cn4=","6Ll1JND8!c2pqsIOLz8jDsp8pho="],"ce!jxNS40Jc2ITlrkGFPd2mSCMY=":["u87TkhE0+VLl9jyi37c4Hrw27yo=","FN1abks5Y5kfItNig4qX1WTu!T0=","bETqb!zE8OS9+0Y8CgDw3+T5zPY=","oZhyaV8fOl8inYuSuu63fSGjAfA=","eDfQEM+KERz9HjkQXi5X0BcF1Ok=","4XnaXCenrlJfkyPN43Sa2vx!njQ=","FvTJLMju2AkcnXdWJVKCQUXPGoo=","5NW5XHz5yKuObrfIZNWSVBJ8egg=","Mxra8HwKOcaF2G+qQAN0gbs1MW8=","XDbSf03vwVRxM1ikE0zwYwbSJ3Q=","jsEh4nuQ8aPer0KM8WdA13028zI="],"eokf8E82tP09lD1z4s65uHKiOk0=":["FN1abks5Y5kfItNig4qX1WTu!T0=","lG0AQZgCFkAw0O4+wRlWz7B01EQ=","XDbSf03vwVRxM1ikE0zwYwbSJ3Q=","oZhyaV8fOl8inYuSuu63fSGjAfA=","LNMKYtAnS+6rFG77FlUxnBOBJiU=","bETqb!zE8OS9+0Y8CgDw3+T5zPY=","5NW5XHz5yKuObrfIZNWSVBJ8egg=","tqIqIo7sfrnk3o6JWFGx74K3oxE="],"!jfa6A!+SPQO0svDmgE0KwQ7ZzI=":["FN1abks5Y5kfItNig4qX1WTu!T0=","lG0AQZgCFkAw0O4+wRlWz7B01EQ=","XDbSf03vwVRxM1ikE0zwYwbSJ3Q=","6f6muiVBzgnM!ECoz3G3OEbTY0U=","oZhyaV8fOl8inYuSuu63fSGjAfA=","bETqb!zE8OS9+0Y8CgDw3+T5zPY=","5NW5XHz5yKuObrfIZNWSVBJ8egg=","q+vce+iiT!raQFlmJa!+Gn1UhHY="],"gDfeFtILZsu5faoBUwMnKrx9zWg=":["Mxra8HwKOcaF2G+qQAN0gbs1MW8=","lG0AQZgCFkAw0O4+wRlWz7B01EQ=","XDbSf03vwVRxM1ikE0zwYwbSJ3Q=","5NW5XHz5yKuObrfIZNWSVBJ8egg=","6f6muiVBzgnM!ECoz3G3OEbTY0U=","oZhyaV8fOl8inYuSuu63fSGjAfA=","eDfQEM+KERz9HjkQXi5X0BcF1Ok=","4XnaXCenrlJfkyPN43Sa2vx!njQ=","X67iyuKvhy+7nq+4g1qL6rafu04="],"RxXVaeVE9SytIpKEn4ktfEVtcuE=":["Mxra8HwKOcaF2G+qQAN0gbs1MW8=","XDbSf03vwVRxM1ikE0zwYwbSJ3Q=","FN1abks5Y5kfItNig4qX1WTu!T0=","s5XNTDRkffECUCfwn3vBiC7uLEc="],"BmdBYU3RN5hmReNXSzlFNnsrueo=":["Km3uoB4+xrJTY2BKzvEcdC2ycx4=","BIrpOWXcfHSiB1Nrmq!T0X4HMM0=","EwxHOVNvQuO9OG3nHG+0A7w4Omo=","jcjaKqnQNBfvnPOBHGcfnGtTDxk=","KtGolv1fiheSo!YPUqOl54St0iY=","gtFO9pKEepKJNCJkf+R1K1iWEUw=","k7VjIDDapT3Sr7YvKGIQ18cw17g="],"XczbG6rCA3VTSFDDQYkCpUbJhWE=":["Km3uoB4+xrJTY2BKzvEcdC2ycx4=","9w2sb3n1sgXkILjoTQ0n8jshEMY=","FvTJLMju2AkcnXdWJVKCQUXPGoo=","oZhyaV8fOl8inYuSuu63fSGjAfA=","FN1abks5Y5kfItNig4qX1WTu!T0=","SrO+Oxp2iFKkRCCL9xMS045KI2c=","blS8ffwKGBrBWTkwrVdYp8R48E0=","vR5cX+Y5!D6tA+JLO7XUEPq9ZAg=","jcjaKqnQNBfvnPOBHGcfnGtTDxk=","CZLz!yNgs8xhd!NhtCYwqZ4gW9Y="],"4bGzERv0l2FD96GDoxO725nYXok=":["Km3uoB4+xrJTY2BKzvEcdC2ycx4=","FN1abks5Y5kfItNig4qX1WTu!T0=","blS8ffwKGBrBWTkwrVdYp8R48E0=","dYH6Qg2o7lz+eU+3G8mcbh1Btbc=","nEWRgiOGglWqD+cnva5Xswd0avA=","6PPWfTMMoFHMzTMX6bFsyg6NFSU=","9w2sb3n1sgXkILjoTQ0n8jshEMY=","AzUlH9MKbR9JkGDzZShsihYZwDg=","cxaUkgWX+RKr7cv4WvdKsQfIoFs=","a3Fngr2Y9qC1i4BAbWXCriOXKSA=","!GUDG3TzoKEiCcVbtyYpyJqncec="],"5YSb+vOZOMhfaO13buyAcFJMC2I=":["Km3uoB4+xrJTY2BKzvEcdC2ycx4=","BIrpOWXcfHSiB1Nrmq!T0X4HMM0=","EwxHOVNvQuO9OG3nHG+0A7w4Omo=","jcjaKqnQNBfvnPOBHGcfnGtTDxk=","KtGolv1fiheSo!YPUqOl54St0iY=","gtFO9pKEepKJNCJkf+R1K1iWEUw=","EPi5kT7TfdZh6nkiWVQ4fh7yjYQ="],"Pg+33iDDV4dwLo3JBYs7MBHKWgk=":["Km3uoB4+xrJTY2BKzvEcdC2ycx4=","FN1abks5Y5kfItNig4qX1WTu!T0=","9w2sb3n1sgXkILjoTQ0n8jshEMY=","SrO+Oxp2iFKkRCCL9xMS045KI2c=","dYH6Qg2o7lz+eU+3G8mcbh1Btbc=","oW8quENk+9q3wNq85uPx4aLXoP4="],"YoJKDCGSRxkV9KfVK7B+FZtgUe8=":["Km3uoB4+xrJTY2BKzvEcdC2ycx4=","FN1abks5Y5kfItNig4qX1WTu!T0=","blS8ffwKGBrBWTkwrVdYp8R48E0=","nboLNAZg7N6F5ynpyFo0zM1!KD8="],"u1oO4mJ9zF9h7HS7TEbWPInsRxw=":["Km3uoB4+xrJTY2BKzvEcdC2ycx4=","FN1abks5Y5kfItNig4qX1WTu!T0=","a3Fngr2Y9qC1i4BAbWXCriOXKSA=","AzUlH9MKbR9JkGDzZShsihYZwDg=","blS8ffwKGBrBWTkwrVdYp8R48E0=","3zKLOBGHKiI0W1wvZIPAMKTWTik="],"7pLHSXJ30Qp7K8tgTxe5TwvfdUc=":["Km3uoB4+xrJTY2BKzvEcdC2ycx4=","BIrpOWXcfHSiB1Nrmq!T0X4HMM0=","EwxHOVNvQuO9OG3nHG+0A7w4Omo=","jcjaKqnQNBfvnPOBHGcfnGtTDxk=","gtFO9pKEepKJNCJkf+R1K1iWEUw=","voIam9+IC6rmlkBrXyTBudVGhRU="],"kqsJeN+SYAmgtTk1l07MRgRXjfc=":["HSyro1siamxkfMAcOvb+nnLOCnc=","BIrpOWXcfHSiB1Nrmq!T0X4HMM0=","EwxHOVNvQuO9OG3nHG+0A7w4Omo=","jcjaKqnQNBfvnPOBHGcfnGtTDxk=","gtFO9pKEepKJNCJkf+R1K1iWEUw=","xAGOLashOg0Gt4jD6IHri9r7Wck="],"!qK!GFY8TZQ9Xh+t!H5vpjEuF9U=":["HSyro1siamxkfMAcOvb+nnLOCnc=","u87TkhE0+VLl9jyi37c4Hrw27yo=","9w2sb3n1sgXkILjoTQ0n8jshEMY=","FvTJLMju2AkcnXdWJVKCQUXPGoo=","oZhyaV8fOl8inYuSuu63fSGjAfA=","dW62ds2pJO4OTgd!ofXKmbkpQxk=","5PjXyIUpx7!VbqGDeOYmKQASOes="],"5!Hfw1O029eGmM3lQBnS9MHCu5E=":["FvTJLMju2AkcnXdWJVKCQUXPGoo=","O6BHaLpCEjFZgeI9963IFJP2jvs=","SrO+Oxp2iFKkRCCL9xMS045KI2c=","eDfQEM+KERz9HjkQXi5X0BcF1Ok=","8i3RtPtGTlJAxrpx!ri47EGWw7I=","FN1abks5Y5kfItNig4qX1WTu!T0=","Oin0wR!l3KnbN+qubesAiLEV5JU=","Ii7lTlnPt9sWeF4aUqi6S1nJzZc=","dYH6Qg2o7lz+eU+3G8mcbh1Btbc=","vR5cX+Y5!D6tA+JLO7XUEPq9ZAg=","sjqDahLCTx4H1fxNmQyEXicP50I="],"I3pZ68y3+Y8Q7hVDK1fvjJGk8Hc=":["FN1abks5Y5kfItNig4qX1WTu!T0=","Oin0wR!l3KnbN+qubesAiLEV5JU=","O6BHaLpCEjFZgeI9963IFJP2jvs=","eDfQEM+KERz9HjkQXi5X0BcF1Ok=","Ii7lTlnPt9sWeF4aUqi6S1nJzZc=","SrO+Oxp2iFKkRCCL9xMS045KI2c=","IiOF6GUrv+Tj4mFMFTpmMz6N!Uc=","8i3RtPtGTlJAxrpx!ri47EGWw7I=","9w2sb3n1sgXkILjoTQ0n8jshEMY=","vR5cX+Y5!D6tA+JLO7XUEPq9ZAg=","tJ8+03JBt3PoaTsBMNHCWxIFyFI=","1L22rmIXwS6x1JK3DhVR6LH9U6A="]}