{"DqnS!TLgytMwnHfzZZUmwxoMl78=":"0PWDOlEh4DOtL2YgnzfFAKTW9eg=","6lzMDKXpwxBs!2105Fu181l6gqo=":"0PWDOlEh4DOtL2YgnzfFAKTW9eg=","!A!bbJsMWoq49gXVjnHwaMMudj8=":"0PWDOlEh4DOtL2YgnzfFAKTW9eg=","qfAJSb5fzCmga87sMcCIYIHHlFA=":"0PWDOlEh4DOtL2YgnzfFAKTW9eg=","ZqiZLpS!snem08ES29EetyjSiMQ=":"0PWDOlEh4DOtL2YgnzfFAKTW9eg=","TfCYBGzNkrNAk+qOFCRNsDESSoM=":"7yZAx2uRA1LIQ+Dzz1XTuNrncxw=","8JwOTBZsTgGUUThktTZjQypr7lc=":"NjDi0KOUnSBZDzREmrRTLU!64ww=","WzKINMT6Vq6E0s6B5xz4kHtyD3A=":["yGeV5XShsf56sgbQ+osQR9!Ym0Y=","kgxKM7SCExxv7X9B0bwhfLJw3ak="],"qI4LetJuiRZ7uQ7mbpi!B6uMMlA=":"0PWDOlEh4DOtL2YgnzfFAKTW9eg=","xkhCXWMUfDTU3uMR71RubskhHfQ=":"NjDi0KOUnSBZDzREmrRTLU!64ww=","yV53RR1fd2ZXjzRMWuz9hLN47Ec=":"0PWDOlEh4DOtL2YgnzfFAKTW9eg=","F0P8BnLCZODINT2OJOmIDMGwHpU=":"a5q7HP1yo80Ti7DrQvtXft3aXAk=","BQrnDkEVKhNJ2Hwy86Y7!3xVMTo=":"7pA!Jp6aX+8pKVuHA6ITt!UrWa0=","MWwH1dfS0jaac1ZVrcXuTtTWe3U=":"0PWDOlEh4DOtL2YgnzfFAKTW9eg=","ONhxNGsCv2I0MBIGuGZN50D18Nw=":["0PWDOlEh4DOtL2YgnzfFAKTW9eg=","NjDi0KOUnSBZDzREmrRTLU!64ww="],"wRVz+20faNMzwdhUbxkVflQXJ3A=":"0PWDOlEh4DOtL2YgnzfFAKTW9eg=","tBM1dkoz9GD+cRsHEkEUEMCcNc8=":"+RAqmynFeQqOCKjfKApN1fjc8Q8=","r7uUufHGYcLJy1GhqhkVInlSm+k=":"NjDi0KOUnSBZDzREmrRTLU!64ww=","f!NCNlHQglg7w1dBBjh4iTXxLQQ=":"0PWDOlEh4DOtL2YgnzfFAKTW9eg=","uNqfCGpwvRGOgHlRX0zPshb4Pp0=":"NjDi0KOUnSBZDzREmrRTLU!64ww=","9Caq!gURkL1!jeVvNaeK0mWmLKg=":"NjDi0KOUnSBZDzREmrRTLU!64ww=","!0WacZ4HUIl5YamXSQt3uGxaBAY=":"NjDi0KOUnSBZDzREmrRTLU!64ww=","U8Lxdsw3!Pnxh7SR5egTuHzhHqE=":"NjDi0KOUnSBZDzREmrRTLU!64ww=","PNddGXxVgM04um7MDf84b7pw3Oc=":"0PWDOlEh4DOtL2YgnzfFAKTW9eg=","xqa6uC1NWSzqBbagQxDoq2datWA=":"a5q7HP1yo80Ti7DrQvtXft3aXAk=","l4fOlRnpqyXG57QyWi+JVIiGQjA=":["IDVgew8nmTo4sny9uBXNUqhgEhM=","+RAqmynFeQqOCKjfKApN1fjc8Q8="],"QwXoXotx0CGQy727yDStA4B3Gbs=":["IDVgew8nmTo4sny9uBXNUqhgEhM=","+RAqmynFeQqOCKjfKApN1fjc8Q8="],"zJFeisYp8w0Nse!qUSxIhyF9O8k=":"IY2DWvzP73gF6JeZq!IyhV1c!nY=","+FruB9Up3dAr2lSmBQAPOCiZCiQ=":"IY2DWvzP73gF6JeZq!IyhV1c!nY=","hqzcR4kVEkQPbfGseS1N7udFS6Y=":"uVbsQDXJXwwDSu3VO8auqHJ8Bds=","F+TzdW3WvIhkovLGws!0Jea9+0M=":"uVbsQDXJXwwDSu3VO8auqHJ8Bds=","mWtTEw7OispScnxSnuFijF98!pU=":"LBZfNF!4CtsvZMS45BQOwhIDsss=","t+FBQnrIoGYSNqeku9vnYr6+!wk=":"LBZfNF!4CtsvZMS45BQOwhIDsss=","0zqL6CqgvxjGxc!3iQuOwqZnN3w=":"SPEmKNCu96GlnsB4tRDfy4IMfK4=","rQArtV!bkUw!U6hM6DtuIh+zlGs=":"SPEmKNCu96GlnsB4tRDfy4IMfK4=","i20rTsrqLZgozpH43Fl0zgMx7Jo=":"QABvsiNSRDYwezmxeIYr2Rp5j1s=","5u0EMniqJyBJi8I+LVJyxRKO26Y=":"QABvsiNSRDYwezmxeIYr2Rp5j1s=","3aq8ia3H6VY76uvGQdP4hFtG7ig=":"MTYqvyMhZBYMrypMNROS9TWBFpY=","lmg7oDOPTcJM1hUXgdymxeaRYYQ=":"MqeVrDxFPAt0xJOc2YnYlriO9SA=","xCac169VqGoOJvz4mYEZoLKhN4A=":"Rsq8AfhXn+C2WHrykrcuBLtKpHk=","uVkC+9wJuUrSmEviyC!xCfW0Scc=":"gIQZyZ752RYBttoAdhxgd6WaNvQ=","VdVlDTMw+u3TPEhMYJy6+eIYPDU=":"MqeVrDxFPAt0xJOc2YnYlriO9SA=","hfp9rCjlmg0uOvOWGNzonCWUAZ8=":"Xc1bkFTsbeC0XOOwPyaXXHvTnWs=","Lao7KI0BdriDW!Hm6xK+FQ95wew=":"UV1oWmbtfD5RB6N6krFxr0wOkcg=","IWIZ+OzjoGe8WaxZJAdAlduTeM4=":"cSGeYDr!bieKF0qx33Zp+zcGZSY=","lbaKvAG9cUEWUD+R5mUaCRNcMZQ=":"LYXZRv!UoN2vCFTbeyy51NjozA8=","Itj+h3TzfFt3ldO1pLrQ!ARbE+Q=":"uVbsQDXJXwwDSu3VO8auqHJ8Bds=","JZFBz0qr62NWGTfmWnffmavVxiQ=":"+A9DKHY9aKy30nAorCnC!!lHjN4=","S5VzSUJQK44M4oJitKjfsoTgt1Q=":"+A9DKHY9aKy30nAorCnC!!lHjN4=","6JkYgguOk4ahjustmu+cUJFiRQo=":"cSGeYDr!bieKF0qx33Zp+zcGZSY=","SakDlOFO6qrtJ+MLRo5w8kneKJo=":"cSGeYDr!bieKF0qx33Zp+zcGZSY=","OcF7NKoNK9iH9oXpPRxCPJOcqH4=":"gm0Dk3q8ARZYMxbsTXIImXQ3sVQ=","rsd5OTDV73+IxrP7HNLMurCYaRQ=":"gm0Dk3q8ARZYMxbsTXIImXQ3sVQ=","3+8cdkKx!lqFeuWNGcO+x4kWVsY=":"gm0Dk3q8ARZYMxbsTXIImXQ3sVQ=","UA4SWRMuNwHAjwMbHLV+9q05Cno=":"q4OK7Xj8q9q7dfjaMoBDIG1tsuQ=","+MnMQzSNR4tlWoInH2RRoXruKOw=":"Rsq8AfhXn+C2WHrykrcuBLtKpHk=","rLQSuKYlqImv74rlEq7EaS2sRHM=":"MqeVrDxFPAt0xJOc2YnYlriO9SA=","AkEbrf+Afz6Wpw!g4CM6tpxB924=":"MqeVrDxFPAt0xJOc2YnYlriO9SA=","9fRDWommgYNy96OmR3PSbWyB6Rk=":"MqeVrDxFPAt0xJOc2YnYlriO9SA=","icRPx!s6Yufv9CyzO1IrO!RFFRw=":"Xc1bkFTsbeC0XOOwPyaXXHvTnWs=","Cn+nFHu!JFqmuydSduBy1UjEpeY=":"Rsq8AfhXn+C2WHrykrcuBLtKpHk=","ZlvrhXhA10X2y5m1BKtsDlMhA6w=":"Xc1bkFTsbeC0XOOwPyaXXHvTnWs=","1ymX7BCii1tZ4wu7zDEPJksc7u8=":"a5q7HP1yo80Ti7DrQvtXft3aXAk=","kYgjQX04ecI5jLXKObnK70gL9Zg=":"SPEmKNCu96GlnsB4tRDfy4IMfK4=","BZ05YwwdXGfkcbZCZeME62nH9SE=":"SPEmKNCu96GlnsB4tRDfy4IMfK4=","rZnB58n5wlmnsLZRnS3YRqym4V4=":"SPEmKNCu96GlnsB4tRDfy4IMfK4=","32CO!yWnT6JzdcgliAzaVNzA+sI=":"SPEmKNCu96GlnsB4tRDfy4IMfK4=","T+wGsHLBfQ2Ed7kTVEXt85K6ENA=":"q4OK7Xj8q9q7dfjaMoBDIG1tsuQ=","wRjPxKgOJv35oAY!Zuhk9osdR00=":"GCDj6ZoJa1BF6osPfdTMnelKrRg=","9Hy6KGXNOC7jFL61WmJAyLosUZ4=":"7pA!Jp6aX+8pKVuHA6ITt!UrWa0=","mTBeO!vIGSPtZhzJo0zz8xIdzeQ=":"SPEmKNCu96GlnsB4tRDfy4IMfK4=","RZfetHqZOrsQI0gC3LpfrHjdL7U=":"zlmei6IkXsSs+En9V1z0pInPoDk=","vgTYpv5t5b1TqWb3UF0N1RrQf3Y=":"NFUL4MqbOzYovi2ntKAWefqnn4w=","fAOR85SWHcQxMjqZWETQeH7tfJQ=":"NFUL4MqbOzYovi2ntKAWefqnn4w=","GlfSCAAk1cq34mMi6tAOyBsAdJA=":"NFUL4MqbOzYovi2ntKAWefqnn4w=","4V+iKE3rI9Sc1!jsAd++6YeW7mA=":"a5q7HP1yo80Ti7DrQvtXft3aXAk=","TiI3kArYWszkoqS!xhpq7QOv!4I=":"a5q7HP1yo80Ti7DrQvtXft3aXAk=","Y4Q3BpiAl6dAEVqWZ4AQN5FdGEI=":"NFUL4MqbOzYovi2ntKAWefqnn4w=","QBXoNztTcV!Rhiel5bhxIcJdDdU=":"q4OK7Xj8q9q7dfjaMoBDIG1tsuQ=","PnJSOwxTT66QKCte7qG+jzK7GQs=":"a5q7HP1yo80Ti7DrQvtXft3aXAk=","pmxlmmyt9u25dy8s+MLZRqZP95E=":"MqeVrDxFPAt0xJOc2YnYlriO9SA=","wFnSPVxMoWycWoDQrqAiDti5nzQ=":"q4OK7Xj8q9q7dfjaMoBDIG1tsuQ=","dQnVgBmnRL+PgYSmjs26XMxiKec=":"a5q7HP1yo80Ti7DrQvtXft3aXAk=","9zMxnPkJ6Oi6AFiO1uHgNFO2ILs=":"pzNvUDPZ56p4NxqcKybseCi9mI0=","r3WU+jLqxhTQPBzDYh0Rtv6ReYk=":"pzNvUDPZ56p4NxqcKybseCi9mI0=","XlUXGdm7nZSLSwdnol2AVqGLvG4=":"q4OK7Xj8q9q7dfjaMoBDIG1tsuQ=","E!4H2phLBh5XxES1vpkoBnT78nc=":"MqeVrDxFPAt0xJOc2YnYlriO9SA=","fciaalDPwevSFffExHAr00YfZSA=":"uVbsQDXJXwwDSu3VO8auqHJ8Bds=","aKvWnQcJABeVM3M6k!yABtlq2pI=":"+A9DKHY9aKy30nAorCnC!!lHjN4=","bPn+uFv5gO3+YDyXkxAk3mN!1Bk=":"a5q7HP1yo80Ti7DrQvtXft3aXAk=","iB+!7cnd+CkW1mOyRcQ14cl2NXo=":"SPEmKNCu96GlnsB4tRDfy4IMfK4=","aOW7lVeueOkm6IZNou1201JfsKQ=":"SPEmKNCu96GlnsB4tRDfy4IMfK4=","d8Nzm09n!njw!3I1odUHjbO+iSY=":"SPEmKNCu96GlnsB4tRDfy4IMfK4=","9IqMXRp1FCF4UyaZRMk6b8xX92g=":"SPEmKNCu96GlnsB4tRDfy4IMfK4=","cyRhgR5o4GBNUT2Z2NZjgYVU06c=":"MqeVrDxFPAt0xJOc2YnYlriO9SA=","FXC49gelAuz10QSrosH42ATRB3U=":"MqeVrDxFPAt0xJOc2YnYlriO9SA=","qsMBeP3wPB1UEMdypYH5L99z5NA=":"Xc1bkFTsbeC0XOOwPyaXXHvTnWs=","SEawNajCvXA2ZMp6lfwqlQUm91U=":"MqeVrDxFPAt0xJOc2YnYlriO9SA=","YlQLATZHBfWGfiNj0pJDAoKd+Mg=":"Xc1bkFTsbeC0XOOwPyaXXHvTnWs=","rA9Tbari0sdgknPOGl53IZrjtgo=":"Rsq8AfhXn+C2WHrykrcuBLtKpHk=","USQ4F4rW7ESDptMVDXR3kigzsOU=":"MqeVrDxFPAt0xJOc2YnYlriO9SA=","VZOhwpFXeQ1Ztcc+hXquroP9GUg=":"Xc1bkFTsbeC0XOOwPyaXXHvTnWs=","jcv4Uzi4ZHMmPdkYgqz60Xj9ejw=":"Rsq8AfhXn+C2WHrykrcuBLtKpHk=","rB0F!ehvl4EHiHVtDpQKFodjzsU=":"Rsq8AfhXn+C2WHrykrcuBLtKpHk=","Vyzh4oc3PLK90kA!5aacu1QmKdk=":"Rsq8AfhXn+C2WHrykrcuBLtKpHk=","RSlJTfPF99PwkP3JCNp2+fDHuz0=":"Xc1bkFTsbeC0XOOwPyaXXHvTnWs=","ZsDohOTHJ0AZmR5cT7MWs7qW4xk=":"Rsq8AfhXn+C2WHrykrcuBLtKpHk=","lZw9KtoZMBGMaszQdQ3EjPvicFQ=":"Rsq8AfhXn+C2WHrykrcuBLtKpHk=","+QRi9IRzKnrVe0ehyHRmusFogao=":["IDVgew8nmTo4sny9uBXNUqhgEhM=","+RAqmynFeQqOCKjfKApN1fjc8Q8="],"YvWgAC94G8KyYtHNc05dRpKTs08=":"flwgFdcz7ykke+iUNiUh6!DhO0M=","ybsT3GG7HCItyOugV+NMcehfGxA=":"flwgFdcz7ykke+iUNiUh6!DhO0M=","!MT9cMUO6DoNY5IxFKVsdSDRa68=":"flwgFdcz7ykke+iUNiUh6!DhO0M=","OlVDSJ+u39z5AHFxdW898lIKDGk=":"7pA!Jp6aX+8pKVuHA6ITt!UrWa0=","oPCVOTXvLSmw0dIituEHDx6QYb8=":"flwgFdcz7ykke+iUNiUh6!DhO0M=","Y6wme1ToTKy1eQKkDAvK3zOk9dk=":"7pA!Jp6aX+8pKVuHA6ITt!UrWa0=","HQUuJ24bF0nkYobQ0tjRvPsUTsU=":"7yZAx2uRA1LIQ+Dzz1XTuNrncxw=","Nzj!+EbFpdJjdE26JF3Fw49LMMo=":"+A9DKHY9aKy30nAorCnC!!lHjN4=","pHX8OgG17v7a7jAOGld13HE4KWY=":"7pA!Jp6aX+8pKVuHA6ITt!UrWa0=","tXC06vUKQYWFDtMWIxKqxSB34OE=":"GCDj6ZoJa1BF6osPfdTMnelKrRg=","MiHeZkfhBtEzJ47tREzWpkle0aE=":"MqeVrDxFPAt0xJOc2YnYlriO9SA=","aqHYfdWKBEzsAxDpo5VNYhU8jcs=":"MqeVrDxFPAt0xJOc2YnYlriO9SA=","fdwLeHSNBQm0cgfhd2TZYzy0qGY=":"UV1oWmbtfD5RB6N6krFxr0wOkcg=","GOlv8Y0fTlp72QRn6Hc7ZcHtul0=":"MqeVrDxFPAt0xJOc2YnYlriO9SA=","jahUAfwYlaRk2q9O+dVZzO32sxI=":"5FdfWpSPloYzM!bp+swyE0Qm+O8=","MloBs6ImDLGx!+8xraIMI5d8J8o=":"NjDi0KOUnSBZDzREmrRTLU!64ww=","glodVI75aus4ydd4dXu72ypdgFs=":"5FdfWpSPloYzM!bp+swyE0Qm+O8=","cmRAjww!46TOSU9WzCJa!WxjiEs=":"7pA!Jp6aX+8pKVuHA6ITt!UrWa0=","iRPBCXpKA0lEWJvSJtNMtxKUnWU=":"5FdfWpSPloYzM!bp+swyE0Qm+O8=","mGasIbZEUBtsSEWDi!sNA+ByAdY=":"NjDi0KOUnSBZDzREmrRTLU!64ww=","tgXYhhtgWOFCcOwmbhTu8+OcAho=":"a5q7HP1yo80Ti7DrQvtXft3aXAk=","C592cMvctuWXIm!lT8MSWEIJk4I=":"a5q7HP1yo80Ti7DrQvtXft3aXAk=","P2sSZ2Dl3JFiAGm0pLMfbrFEYvk=":"7pA!Jp6aX+8pKVuHA6ITt!UrWa0=","qfpqLe1yzue1FAlOHYAH!yTEDvs=":"a5q7HP1yo80Ti7DrQvtXft3aXAk=","2LhhAm4wSkwP3QMfJqhh94b3ZdU=":"a5q7HP1yo80Ti7DrQvtXft3aXAk=","epZg9gH!qguzDlBIeKkgdxqHnQ8=":"uVbsQDXJXwwDSu3VO8auqHJ8Bds=","WYve6mHx6vQcC1ME78b5RFvoWNU=":"flwgFdcz7ykke+iUNiUh6!DhO0M=","Kcj34wb1wI!IQaZ!ynzekoCw398=":"Xc1bkFTsbeC0XOOwPyaXXHvTnWs=","VZryWUOa+ybEjr9618s5GzdSCUg=":"a5q7HP1yo80Ti7DrQvtXft3aXAk=","nvPEYF5ecfCgeZtz0b79BJc10hQ=":"OuFjHvH3G9nqnb!B0Kcl!QSbEW8=","ZGwpbWPzglCF152fZc1TTRugyf8=":"Rsq8AfhXn+C2WHrykrcuBLtKpHk=","XZ8dHMxMyL7NiKCGAgzDaqKsPL0=":"7pA!Jp6aX+8pKVuHA6ITt!UrWa0=","QqxjPCTQkYRZpNXxa!v6+EID1Eo=":"7pA!Jp6aX+8pKVuHA6ITt!UrWa0=","WEn8q7V9nT!rthk0Xc+MijAm06c=":"7pA!Jp6aX+8pKVuHA6ITt!UrWa0=","8hAeC!sAzMz9aBuKCQBCESSJ0Jw=":"OuFjHvH3G9nqnb!B0Kcl!QSbEW8=","p+1+kKoBePHwa6IvFWiDkHpqrFY=":"OuFjHvH3G9nqnb!B0Kcl!QSbEW8=","mnM2vsiFWfTMY7yTDfnNoHTjK5Q=":"7pA!Jp6aX+8pKVuHA6ITt!UrWa0=","TmUqU6XKvnRfvPv1eNVev1xT3eE=":"LYXZRv!UoN2vCFTbeyy51NjozA8=","LVC3ZXEQXBybzsWEU7IvtweguLk=":"7pA!Jp6aX+8pKVuHA6ITt!UrWa0=","u!z!pVZqCMDQvOWIzXAWgSZwy3k=":"7pA!Jp6aX+8pKVuHA6ITt!UrWa0=","AY!SAdOGnaq4cYHwhN7v9jGeLbs=":"7pA!Jp6aX+8pKVuHA6ITt!UrWa0=","mcVUqqKpbsQ+ggBiFMEdX4yO41k=":"+RAqmynFeQqOCKjfKApN1fjc8Q8=","0EC4BnwgLw4AdOVe1IXZWiXHsls=":"a5q7HP1yo80Ti7DrQvtXft3aXAk=","d3ixPRFLYHKzY7e581cFhJ8Jc9c=":"+RAqmynFeQqOCKjfKApN1fjc8Q8=","yRAXx7T09EN8A7723lQeqUOayAo=":"+RAqmynFeQqOCKjfKApN1fjc8Q8=","6r5dv6vTx5ikW7QOcqFPcRR76as=":"7pA!Jp6aX+8pKVuHA6ITt!UrWa0=","vqc38ssBxxj1YgLdMl2vG4aBk34=":"uVbsQDXJXwwDSu3VO8auqHJ8Bds=","vZaFAJG+5vpR0T31nsgmFFwwU4E=":"uVbsQDXJXwwDSu3VO8auqHJ8Bds=","KAehnfe21qBQrxzcBDl230LnBas=":"uVbsQDXJXwwDSu3VO8auqHJ8Bds=","il53WPOj7yZ3Xiosy9AHDx!zmXc=":"uVbsQDXJXwwDSu3VO8auqHJ8Bds=","ga0oa7cCrYlEwXsOlBYpyXOntzo=":"7pA!Jp6aX+8pKVuHA6ITt!UrWa0=","ZEVCSMHdftW!A3ppSGsrRDGW!jU=":"cSGeYDr!bieKF0qx33Zp+zcGZSY=","iC1N99fh3DNmfoWniymqLUmNnXQ=":"7pA!Jp6aX+8pKVuHA6ITt!UrWa0=","KgQBEVyQlwmXFr1fac0TUgU2Pfw=":"gm0Dk3q8ARZYMxbsTXIImXQ3sVQ=","uX6OHtdKqFGBtr3ZUsci2jE+Qtw=":"7pA!Jp6aX+8pKVuHA6ITt!UrWa0=","gP87rKIiTMmup0K8ygTAxZ!A9vQ=":"gm0Dk3q8ARZYMxbsTXIImXQ3sVQ=","c!GkI9Dy1MmFINW0DrIYjTYsPhM=":"7pA!Jp6aX+8pKVuHA6ITt!UrWa0=","qOYDTIPmm0B66OPOalImMLiTUn8=":"cSGeYDr!bieKF0qx33Zp+zcGZSY=","BXGYbaZs7hPBTZIqM798R5tAa6g=":"cSGeYDr!bieKF0qx33Zp+zcGZSY=","QkhXvL1qEXQI2RFcix3aH!8xGlo=":"cSGeYDr!bieKF0qx33Zp+zcGZSY=","kyhLLd4oc2OpM5ubMWEu5Qhj!9A=":"cSGeYDr!bieKF0qx33Zp+zcGZSY=","BCGpoj3t4PQxeSczpaJJG0LDrwY=":"cSGeYDr!bieKF0qx33Zp+zcGZSY=","kkFfX4lBoHBzWk6O9Xd+3QTytys=":"cSGeYDr!bieKF0qx33Zp+zcGZSY=","Mvu7K4HyK6DsYZCcsSxbh4kCsU0=":"cSGeYDr!bieKF0qx33Zp+zcGZSY=","voLKbXnSw5P6aDsrgohN+Jy242U=":"q4OK7Xj8q9q7dfjaMoBDIG1tsuQ=","aaP1ttcYJUuoasY+gneqidgM2lw=":"gm0Dk3q8ARZYMxbsTXIImXQ3sVQ=","OYcJYk6NA!z!3Swcok1CWxIDJus=":"gm0Dk3q8ARZYMxbsTXIImXQ3sVQ=","L+wOL4oxou1Goqp7sI6r7Q!sGOg=":"gm0Dk3q8ARZYMxbsTXIImXQ3sVQ=","RcmNx8wVMixS5mFHdBD!6tlBC3A=":"gm0Dk3q8ARZYMxbsTXIImXQ3sVQ=","UOC51rkPNQUEL0ImgAJuMHnug10=":"gm0Dk3q8ARZYMxbsTXIImXQ3sVQ=","tiW9!o2g3pSm1PYgSCfdhqOLtAw=":"gm0Dk3q8ARZYMxbsTXIImXQ3sVQ=","GejHdU16O8a1UeBD64IoDNbc2O8=":"gm0Dk3q8ARZYMxbsTXIImXQ3sVQ=","RDlB4oxpxkBLeI2Z1gnLc0s3IdU=":"gm0Dk3q8ARZYMxbsTXIImXQ3sVQ=","fceQk2Q9BrGJ1VNsdZ!AvC9SY!I=":"gm0Dk3q8ARZYMxbsTXIImXQ3sVQ=","yurDvkgJC0UbnxshEC6fc0bcxns=":"cSGeYDr!bieKF0qx33Zp+zcGZSY=","cVww5BpYFEut4H2jGs1CJKxfC!M=":"a5q7HP1yo80Ti7DrQvtXft3aXAk=","tbDyDH2Ne!YB+BTNA1v4fb!!f7w=":"a5q7HP1yo80Ti7DrQvtXft3aXAk=","FOeCZMPoH36!8TiC4d22d6LZ!2Q=":"fcLozqIUhccXZmRWhwgStpjRV2c=","aGc0AvwN19xawe9MDT1IbmM7lZU=":"fcLozqIUhccXZmRWhwgStpjRV2c=","MSU2I59e504kxj8wZbxZDlPL7eM=":"2VC!wHx9PYzAcr5Qo8XX2OXEycA=","BiKfD2b9B1WlxHYY29leOlvztSo=":"7yZAx2uRA1LIQ+Dzz1XTuNrncxw=","2x3qA!i1nMAh4IQ2MP1sSOyvme4=":"SPEmKNCu96GlnsB4tRDfy4IMfK4=","owD3kJfV1EdFDrEj2dKa7nlwpik=":"SPEmKNCu96GlnsB4tRDfy4IMfK4=","KsM9k3zuyZv6C5pe2FriMgjWXy0=":"oMethhaIK3o!taFdntxGj3HBlqA=","9lFj1g8ssigaz5gNPL0aDgaMyBY=":"oMethhaIK3o!taFdntxGj3HBlqA=","Ww5ugiuN3pUk3FBaGIFqHRJIUT0=":"Rsq8AfhXn+C2WHrykrcuBLtKpHk=","TUGPCivlx2LR0lD4yi!wLeWT8WE=":"oMethhaIK3o!taFdntxGj3HBlqA=","MYyXAGDJgyLVKyzLLf2Y3sB54bo=":"oMethhaIK3o!taFdntxGj3HBlqA=","PXXxt8tBO6w08mWAtfefRkqQ1bQ=":"oMethhaIK3o!taFdntxGj3HBlqA=","8z+GMbCNrkrbMds55oO8idACxkc=":"SNW!Dhmjv6F0QOxi1R1aoYtdYtU=","au0lnYfgIXang4F9W+FncbjkN+c=":"iH8tyAJspSOFVsJO6HOhkuIVgDw=","CFKumMUeeTxx5y8VB!2T7jXdVBQ=":"iH8tyAJspSOFVsJO6HOhkuIVgDw=","5APkdHSxXTkSTaKLL6uvhsC8HVs=":"SPEmKNCu96GlnsB4tRDfy4IMfK4=","CDScy6XlW+wfDhjpZ4M05fLnTfQ=":"MqeVrDxFPAt0xJOc2YnYlriO9SA=","BeA336Omit5hKyw!XBOSBPUifh8=":"8vNHkUP0aunj17RTXFhnHZdoeXY=","3pG7QohzAQmYhWSxGW!mn3lxZf0=":"v!s7!r2vzQRGbf4YThHRAtS8o1M=","VP3o0IV4RwFlKUjhl7VVUtbBV4E=":"tL35h1qMzg1iriC+4mj4s7ervmI=","3Q0HSTH8puQtPqy!jboLhrk04WY=":"tL35h1qMzg1iriC+4mj4s7ervmI=","byCVKbES5S2AN!jCgBkmKlsd+tQ=":"+RAqmynFeQqOCKjfKApN1fjc8Q8=","eY0wbnX53zCQyCklhQMla3UfWdU=":"+RAqmynFeQqOCKjfKApN1fjc8Q8=","XaWg8ts0iIKoYsS8!r1gFuddUC0=":"7pA!Jp6aX+8pKVuHA6ITt!UrWa0=","o1X+37LwL3h3gbqBHqor4ibv0a0=":"a5q7HP1yo80Ti7DrQvtXft3aXAk=","sRbLhFbvYt0mP+oKPm9fwSzikqU=":"Rsq8AfhXn+C2WHrykrcuBLtKpHk=","4P!hmCMwAgXXa3gFp41099dVSGY=":"7yZAx2uRA1LIQ+Dzz1XTuNrncxw=","fexOA6aja8O76PXnEx2auR7WnoQ=":"7yZAx2uRA1LIQ+Dzz1XTuNrncxw=","s89t7P9rCkYrfnqdzXsN7rd+Thk=":"7pA!Jp6aX+8pKVuHA6ITt!UrWa0=","Y9JvrrIZjbCbtCgifFXNkBT3m4Q=":"7pA!Jp6aX+8pKVuHA6ITt!UrWa0=","YEz3cPy0cQoJ6wLi0tuPhYWt2l4=":"a5q7HP1yo80Ti7DrQvtXft3aXAk=","ce!jxNS40Jc2ITlrkGFPd2mSCMY=":"a5q7HP1yo80Ti7DrQvtXft3aXAk=","eokf8E82tP09lD1z4s65uHKiOk0=":"+RAqmynFeQqOCKjfKApN1fjc8Q8=","!jfa6A!+SPQO0svDmgE0KwQ7ZzI=":"+RAqmynFeQqOCKjfKApN1fjc8Q8=","gDfeFtILZsu5faoBUwMnKrx9zWg=":"MqeVrDxFPAt0xJOc2YnYlriO9SA=","RxXVaeVE9SytIpKEn4ktfEVtcuE=":"7yZAx2uRA1LIQ+Dzz1XTuNrncxw=","BmdBYU3RN5hmReNXSzlFNnsrueo=":["IDVgew8nmTo4sny9uBXNUqhgEhM=","+RAqmynFeQqOCKjfKApN1fjc8Q8="],"XczbG6rCA3VTSFDDQYkCpUbJhWE=":"a5q7HP1yo80Ti7DrQvtXft3aXAk=","4bGzERv0l2FD96GDoxO725nYXok=":["IDVgew8nmTo4sny9uBXNUqhgEhM=","a5q7HP1yo80Ti7DrQvtXft3aXAk="],"5YSb+vOZOMhfaO13buyAcFJMC2I=":["IDVgew8nmTo4sny9uBXNUqhgEhM=","+RAqmynFeQqOCKjfKApN1fjc8Q8="],"Pg+33iDDV4dwLo3JBYs7MBHKWgk=":"a5q7HP1yo80Ti7DrQvtXft3aXAk=","YoJKDCGSRxkV9KfVK7B+FZtgUe8=":["+RAqmynFeQqOCKjfKApN1fjc8Q8=","IDVgew8nmTo4sny9uBXNUqhgEhM="],"u1oO4mJ9zF9h7HS7TEbWPInsRxw=":["+RAqmynFeQqOCKjfKApN1fjc8Q8=","IDVgew8nmTo4sny9uBXNUqhgEhM="],"7pLHSXJ30Qp7K8tgTxe5TwvfdUc=":["IDVgew8nmTo4sny9uBXNUqhgEhM=","+RAqmynFeQqOCKjfKApN1fjc8Q8="],"kqsJeN+SYAmgtTk1l07MRgRXjfc=":["IDVgew8nmTo4sny9uBXNUqhgEhM=","+RAqmynFeQqOCKjfKApN1fjc8Q8="],"!qK!GFY8TZQ9Xh+t!H5vpjEuF9U=":"a5q7HP1yo80Ti7DrQvtXft3aXAk=","5!Hfw1O029eGmM3lQBnS9MHCu5E=":"SPEmKNCu96GlnsB4tRDfy4IMfK4=","I3pZ68y3+Y8Q7hVDK1fvjJGk8Hc=":"SPEmKNCu96GlnsB4tRDfy4IMfK4="}