{
  "frames": {
    "sp_earsback": {
      "frame": {
        "x": 0,
        "y": 0,
        "w": 128,
        "h": 128
      },
      "rotated": false,
      "trimmed": false,
      "spriteSourceSize": {
        "x": 0,
        "y": 0,
        "w": 128,
        "h": 128
      },
      "sourceSize": {
        "w": 128,
        "h": 128
      }
    },
    "sp_earsfront": {
      "frame": {
        "x": 130,
        "y": 0,
        "w": 128,
        "h": 128
      },
      "rotated": false,
      "trimmed": false,
      "spriteSourceSize": {
        "x": 0,
        "y": 0,
        "w": 128,
        "h": 128
      },
      "sourceSize": {
        "w": 128,
        "h": 128
      }
    },
    "sp_eyes": {
      "frame": {
        "x": 0,
        "y": 130,
        "w": 128,
        "h": 128
      },
      "rotated": false,
      "trimmed": false,
      "spriteSourceSize": {
        "x": 0,
        "y": 0,
        "w": 128,
        "h": 128
      },
      "sourceSize": {
        "w": 128,
        "h": 128
      }
    },
    "sp_hairback": {
      "frame": {
        "x": 130,
        "y": 130,
        "w": 128,
        "h": 128
      },
      "rotated": false,
      "trimmed": false,
      "spriteSourceSize": {
        "x": 0,
        "y": 0,
        "w": 128,
        "h": 128
      },
      "sourceSize": {
        "w": 128,
        "h": 128
      }
    },
    "sp_hairfront": {
      "frame": {
        "x": 260,
        "y": 0,
        "w": 128,
        "h": 128
      },
      "rotated": false,
      "trimmed": false,
      "spriteSourceSize": {
        "x": 0,
        "y": 0,
        "w": 128,
        "h": 128
      },
      "sourceSize": {
        "w": 128,
        "h": 128
      }
    },
    "sp_heads": {
      "frame": {
        "x": 260,
        "y": 130,
        "w": 128,
        "h": 128
      },
      "rotated": false,
      "trimmed": false,
      "spriteSourceSize": {
        "x": 0,
        "y": 0,
        "w": 128,
        "h": 128
      },
      "sourceSize": {
        "w": 128,
        "h": 128
      }
    },
    "sp_misclayerback": {
      "frame": {
        "x": 0,
        "y": 260,
        "w": 128,
        "h": 128
      },
      "rotated": false,
      "trimmed": false,
      "spriteSourceSize": {
        "x": 0,
        "y": 0,
        "w": 128,
        "h": 128
      },
      "sourceSize": {
        "w": 128,
        "h": 128
      }
    },
    "sp_pupils": {
      "frame": {
        "x": 130,
        "y": 260,
        "w": 128,
        "h": 128
      },
      "rotated": false,
      "trimmed": false,
      "spriteSourceSize": {
        "x": 0,
        "y": 0,
        "w": 128,
        "h": 128
      },
      "sourceSize": {
        "w": 128,
        "h": 128
      }
    }
  },
  "meta": {
    "image": "CharacterCreatorMasks.png",
    "scale": "1",
    "size": {
      "w": 388,
      "h": 388
    }
  }
}