{
 "frames": {
  "cardiology": {
   "frame": {
    "x": 0,
    "y": 0,
    "w": 170,
    "h": 170
   },
   "rotated": false,
   "trimmed": false,
   "spriteSourceSize": {
    "x": 0,
    "y": 0,
    "w": 170,
    "h": 170
   },
   "sourceSize": {
    "w": 170,
    "h": 170
   }
  },
  "emergencyroom": {
   "frame": {
    "x": 171,
    "y": 0,
    "w": 170,
    "h": 170
   },
   "rotated": false,
   "trimmed": false,
   "spriteSourceSize": {
    "x": 0,
    "y": 0,
    "w": 170,
    "h": 170
   },
   "sourceSize": {
    "w": 170,
    "h": 170
   }
  },
  "internalmedicine": {
   "frame": {
    "x": 0,
    "y": 171,
    "w": 170,
    "h": 170
   },
   "rotated": false,
   "trimmed": false,
   "spriteSourceSize": {
    "x": 0,
    "y": 0,
    "w": 170,
    "h": 170
   },
   "sourceSize": {
    "w": 170,
    "h": 170
   }
  },
  "neurology": {
   "frame": {
    "x": 171,
    "y": 171,
    "w": 170,
    "h": 170
   },
   "rotated": false,
   "trimmed": false,
   "spriteSourceSize": {
    "x": 0,
    "y": 0,
    "w": 170,
    "h": 170
   },
   "sourceSize": {
    "w": 170,
    "h": 170
   }
  },
  "operatingroom": {
   "frame": {
    "x": 342,
    "y": 0,
    "w": 170,
    "h": 170
   },
   "rotated": false,
   "trimmed": false,
   "spriteSourceSize": {
    "x": 0,
    "y": 0,
    "w": 170,
    "h": 170
   },
   "sourceSize": {
    "w": 170,
    "h": 170
   }
  },
  "orthopaedics": {
   "frame": {
    "x": 342,
    "y": 171,
    "w": 170,
    "h": 170
   },
   "rotated": false,
   "trimmed": false,
   "spriteSourceSize": {
    "x": 0,
    "y": 0,
    "w": 170,
    "h": 170
   },
   "sourceSize": {
    "w": 170,
    "h": 170
   }
  },
  "unknown-department": {
   "frame": {
    "x": 0,
    "y": 342,
    "w": 170,
    "h": 170
   },
   "rotated": false,
   "trimmed": false,
   "spriteSourceSize": {
    "x": 0,
    "y": 0,
    "w": 170,
    "h": 170
   },
   "sourceSize": {
    "w": 170,
    "h": 170
   }
  }
 },
 "meta": {
  "image": "Departments.png",
  "scale": "1",
  "size": {
   "w": 513,
   "h": 513
  }
 }
}