{"K8eG6xQndOzjmGySavjXHTJFX6c=":["DqnS!TLgytMwnHfzZZUmwxoMl78=","i20rTsrqLZgozpH43Fl0zgMx7Jo=","lmg7oDOPTcJM1hUXgdymxeaRYYQ=","xCac169VqGoOJvz4mYEZoLKhN4A=","JZFBz0qr62NWGTfmWnffmavVxiQ=","+MnMQzSNR4tlWoInH2RRoXruKOw=","Cn+nFHu!JFqmuydSduBy1UjEpeY=","aOW7lVeueOkm6IZNou1201JfsKQ=","SEawNajCvXA2ZMp6lfwqlQUm91U=","YlQLATZHBfWGfiNj0pJDAoKd+Mg="],"8i3RtPtGTlJAxrpx!ri47EGWw7I=":["DqnS!TLgytMwnHfzZZUmwxoMl78=","yV53RR1fd2ZXjzRMWuz9hLN47Ec=","hqzcR4kVEkQPbfGseS1N7udFS6Y=","3aq8ia3H6VY76uvGQdP4hFtG7ig=","xCac169VqGoOJvz4mYEZoLKhN4A=","JZFBz0qr62NWGTfmWnffmavVxiQ=","+MnMQzSNR4tlWoInH2RRoXruKOw=","Cn+nFHu!JFqmuydSduBy1UjEpeY=","ZlvrhXhA10X2y5m1BKtsDlMhA6w=","rZnB58n5wlmnsLZRnS3YRqym4V4=","PnJSOwxTT66QKCte7qG+jzK7GQs=","aKvWnQcJABeVM3M6k!yABtlq2pI=","FXC49gelAuz10QSrosH42ATRB3U=","YlQLATZHBfWGfiNj0pJDAoKd+Mg=","rA9Tbari0sdgknPOGl53IZrjtgo=","Ydwft3mUE!4PQZTplaY0LQfYzOg=","VZOhwpFXeQ1Ztcc+hXquroP9GUg=","rB0F!ehvl4EHiHVtDpQKFodjzsU=","Vyzh4oc3PLK90kA!5aacu1QmKdk=","ZsDohOTHJ0AZmR5cT7MWs7qW4xk=","lZw9KtoZMBGMaszQdQ3EjPvicFQ=","YvWgAC94G8KyYtHNc05dRpKTs08=","sRbLhFbvYt0mP+oKPm9fwSzikqU=","5!Hfw1O029eGmM3lQBnS9MHCu5E=","I3pZ68y3+Y8Q7hVDK1fvjJGk8Hc="],"Ufk1EFYWOnatJYH4RGxEm828K9M=":["DqnS!TLgytMwnHfzZZUmwxoMl78=","3aq8ia3H6VY76uvGQdP4hFtG7ig=","E!4H2phLBh5XxES1vpkoBnT78nc=","aOW7lVeueOkm6IZNou1201JfsKQ=","jcv4Uzi4ZHMmPdkYgqz60Xj9ejw=","rB0F!ehvl4EHiHVtDpQKFodjzsU=","ZsDohOTHJ0AZmR5cT7MWs7qW4xk=","WEn8q7V9nT!rthk0Xc+MijAm06c=","yRAXx7T09EN8A7723lQeqUOayAo="],"Sw+TzCsiAwrN9UXbxghLeGGDSrs=":["DqnS!TLgytMwnHfzZZUmwxoMl78=","3aq8ia3H6VY76uvGQdP4hFtG7ig=","uVkC+9wJuUrSmEviyC!xCfW0Scc=","YlQLATZHBfWGfiNj0pJDAoKd+Mg=","lZw9KtoZMBGMaszQdQ3EjPvicFQ=","Nzj!+EbFpdJjdE26JF3Fw49LMMo=","BiKfD2b9B1WlxHYY29leOlvztSo=","KsM9k3zuyZv6C5pe2FriMgjWXy0="],"37gd3eCfRgvpJ0Ja6JvLe2z8MT8=":["DqnS!TLgytMwnHfzZZUmwxoMl78=","i20rTsrqLZgozpH43Fl0zgMx7Jo=","5u0EMniqJyBJi8I+LVJyxRKO26Y=","lmg7oDOPTcJM1hUXgdymxeaRYYQ=","xCac169VqGoOJvz4mYEZoLKhN4A=","uVkC+9wJuUrSmEviyC!xCfW0Scc=","hfp9rCjlmg0uOvOWGNzonCWUAZ8=","+MnMQzSNR4tlWoInH2RRoXruKOw=","USQ4F4rW7ESDptMVDXR3kigzsOU="],"PpGWcQRoJWlQvAfLv18ZT6iDasw=":["DqnS!TLgytMwnHfzZZUmwxoMl78=","3aq8ia3H6VY76uvGQdP4hFtG7ig=","lmg7oDOPTcJM1hUXgdymxeaRYYQ=","xCac169VqGoOJvz4mYEZoLKhN4A="],"eDfQEM+KERz9HjkQXi5X0BcF1Ok=":["DqnS!TLgytMwnHfzZZUmwxoMl78=","xkhCXWMUfDTU3uMR71RubskhHfQ=","yV53RR1fd2ZXjzRMWuz9hLN47Ec=","F0P8BnLCZODINT2OJOmIDMGwHpU=","r7uUufHGYcLJy1GhqhkVInlSm+k=","f!NCNlHQglg7w1dBBjh4iTXxLQQ=","U8Lxdsw3!Pnxh7SR5egTuHzhHqE=","hqzcR4kVEkQPbfGseS1N7udFS6Y=","F+TzdW3WvIhkovLGws!0Jea9+0M=","i20rTsrqLZgozpH43Fl0zgMx7Jo=","5u0EMniqJyBJi8I+LVJyxRKO26Y=","3aq8ia3H6VY76uvGQdP4hFtG7ig=","lmg7oDOPTcJM1hUXgdymxeaRYYQ=","xCac169VqGoOJvz4mYEZoLKhN4A=","uVkC+9wJuUrSmEviyC!xCfW0Scc=","VdVlDTMw+u3TPEhMYJy6+eIYPDU=","IWIZ+OzjoGe8WaxZJAdAlduTeM4=","+MnMQzSNR4tlWoInH2RRoXruKOw=","rLQSuKYlqImv74rlEq7EaS2sRHM=","AkEbrf+Afz6Wpw!g4CM6tpxB924=","icRPx!s6Yufv9CyzO1IrO!RFFRw=","Cn+nFHu!JFqmuydSduBy1UjEpeY=","ZlvrhXhA10X2y5m1BKtsDlMhA6w=","1ymX7BCii1tZ4wu7zDEPJksc7u8=","kYgjQX04ecI5jLXKObnK70gL9Zg=","T+wGsHLBfQ2Ed7kTVEXt85K6ENA=","wRjPxKgOJv35oAY!Zuhk9osdR00=","9Hy6KGXNOC7jFL61WmJAyLosUZ4=","vgTYpv5t5b1TqWb3UF0N1RrQf3Y=","GlfSCAAk1cq34mMi6tAOyBsAdJA=","4V+iKE3rI9Sc1!jsAd++6YeW7mA=","Y4Q3BpiAl6dAEVqWZ4AQN5FdGEI=","QBXoNztTcV!Rhiel5bhxIcJdDdU=","PnJSOwxTT66QKCte7qG+jzK7GQs=","pmxlmmyt9u25dy8s+MLZRqZP95E=","wFnSPVxMoWycWoDQrqAiDti5nzQ=","dQnVgBmnRL+PgYSmjs26XMxiKec=","E!4H2phLBh5XxES1vpkoBnT78nc=","aKvWnQcJABeVM3M6k!yABtlq2pI=","qsMBeP3wPB1UEMdypYH5L99z5NA=","SEawNajCvXA2ZMp6lfwqlQUm91U=","rA9Tbari0sdgknPOGl53IZrjtgo=","USQ4F4rW7ESDptMVDXR3kigzsOU=","jcv4Uzi4ZHMmPdkYgqz60Xj9ejw=","rB0F!ehvl4EHiHVtDpQKFodjzsU=","Vyzh4oc3PLK90kA!5aacu1QmKdk=","RSlJTfPF99PwkP3JCNp2+fDHuz0=","ZsDohOTHJ0AZmR5cT7MWs7qW4xk=","lZw9KtoZMBGMaszQdQ3EjPvicFQ=","YvWgAC94G8KyYtHNc05dRpKTs08=","ybsT3GG7HCItyOugV+NMcehfGxA=","!MT9cMUO6DoNY5IxFKVsdSDRa68=","Nzj!+EbFpdJjdE26JF3Fw49LMMo=","WYve6mHx6vQcC1ME78b5RFvoWNU=","Kcj34wb1wI!IQaZ!ynzekoCw398=","ZGwpbWPzglCF152fZc1TTRugyf8=","WEn8q7V9nT!rthk0Xc+MijAm06c=","p+1+kKoBePHwa6IvFWiDkHpqrFY=","u!z!pVZqCMDQvOWIzXAWgSZwy3k=","mcVUqqKpbsQ+ggBiFMEdX4yO41k=","d3ixPRFLYHKzY7e581cFhJ8Jc9c=","yRAXx7T09EN8A7723lQeqUOayAo=","BiKfD2b9B1WlxHYY29leOlvztSo=","owD3kJfV1EdFDrEj2dKa7nlwpik=","KsM9k3zuyZv6C5pe2FriMgjWXy0=","8z+GMbCNrkrbMds55oO8idACxkc=","au0lnYfgIXang4F9W+FncbjkN+c=","CFKumMUeeTxx5y8VB!2T7jXdVBQ=","CDScy6XlW+wfDhjpZ4M05fLnTfQ=","3pG7QohzAQmYhWSxGW!mn3lxZf0=","3Q0HSTH8puQtPqy!jboLhrk04WY=","byCVKbES5S2AN!jCgBkmKlsd+tQ=","eY0wbnX53zCQyCklhQMla3UfWdU=","XaWg8ts0iIKoYsS8!r1gFuddUC0=","o1X+37LwL3h3gbqBHqor4ibv0a0=","fexOA6aja8O76PXnEx2auR7WnoQ=","s89t7P9rCkYrfnqdzXsN7rd+Thk=","ce!jxNS40Jc2ITlrkGFPd2mSCMY=","gDfeFtILZsu5faoBUwMnKrx9zWg=","5!Hfw1O029eGmM3lQBnS9MHCu5E=","I3pZ68y3+Y8Q7hVDK1fvjJGk8Hc="],"fObxPejBcXJUTaLARPOKsaxinek=":["DqnS!TLgytMwnHfzZZUmwxoMl78=","TfCYBGzNkrNAk+qOFCRNsDESSoM=","BQrnDkEVKhNJ2Hwy86Y7!3xVMTo=","ONhxNGsCv2I0MBIGuGZN50D18Nw=","wRVz+20faNMzwdhUbxkVflQXJ3A=","U8Lxdsw3!Pnxh7SR5egTuHzhHqE=","+FruB9Up3dAr2lSmBQAPOCiZCiQ=","hqzcR4kVEkQPbfGseS1N7udFS6Y=","F+TzdW3WvIhkovLGws!0Jea9+0M=","0zqL6CqgvxjGxc!3iQuOwqZnN3w=","i20rTsrqLZgozpH43Fl0zgMx7Jo=","5u0EMniqJyBJi8I+LVJyxRKO26Y=","lmg7oDOPTcJM1hUXgdymxeaRYYQ=","xCac169VqGoOJvz4mYEZoLKhN4A=","uVkC+9wJuUrSmEviyC!xCfW0Scc=","VdVlDTMw+u3TPEhMYJy6+eIYPDU=","+MnMQzSNR4tlWoInH2RRoXruKOw=","rLQSuKYlqImv74rlEq7EaS2sRHM=","Cn+nFHu!JFqmuydSduBy1UjEpeY=","ZlvrhXhA10X2y5m1BKtsDlMhA6w=","1ymX7BCii1tZ4wu7zDEPJksc7u8=","GlfSCAAk1cq34mMi6tAOyBsAdJA=","4V+iKE3rI9Sc1!jsAd++6YeW7mA=","PnJSOwxTT66QKCte7qG+jzK7GQs=","wFnSPVxMoWycWoDQrqAiDti5nzQ=","aKvWnQcJABeVM3M6k!yABtlq2pI=","iB+!7cnd+CkW1mOyRcQ14cl2NXo=","aOW7lVeueOkm6IZNou1201JfsKQ=","d8Nzm09n!njw!3I1odUHjbO+iSY=","9IqMXRp1FCF4UyaZRMk6b8xX92g=","FXC49gelAuz10QSrosH42ATRB3U=","SEawNajCvXA2ZMp6lfwqlQUm91U=","rA9Tbari0sdgknPOGl53IZrjtgo=","VZOhwpFXeQ1Ztcc+hXquroP9GUg=","jcv4Uzi4ZHMmPdkYgqz60Xj9ejw=","rB0F!ehvl4EHiHVtDpQKFodjzsU=","Vyzh4oc3PLK90kA!5aacu1QmKdk=","RSlJTfPF99PwkP3JCNp2+fDHuz0=","ZsDohOTHJ0AZmR5cT7MWs7qW4xk=","lZw9KtoZMBGMaszQdQ3EjPvicFQ=","YvWgAC94G8KyYtHNc05dRpKTs08=","ybsT3GG7HCItyOugV+NMcehfGxA=","!MT9cMUO6DoNY5IxFKVsdSDRa68=","OlVDSJ+u39z5AHFxdW898lIKDGk=","pHX8OgG17v7a7jAOGld13HE4KWY=","tXC06vUKQYWFDtMWIxKqxSB34OE=","jahUAfwYlaRk2q9O+dVZzO32sxI=","cmRAjww!46TOSU9WzCJa!WxjiEs=","iRPBCXpKA0lEWJvSJtNMtxKUnWU=","tgXYhhtgWOFCcOwmbhTu8+OcAho=","C592cMvctuWXIm!lT8MSWEIJk4I=","P2sSZ2Dl3JFiAGm0pLMfbrFEYvk=","2LhhAm4wSkwP3QMfJqhh94b3ZdU=","WYve6mHx6vQcC1ME78b5RFvoWNU=","Kcj34wb1wI!IQaZ!ynzekoCw398=","AY!SAdOGnaq4cYHwhN7v9jGeLbs=","sRbLhFbvYt0mP+oKPm9fwSzikqU="],"y46m3LhW4VQMEQItBjWzirCK2m4=":["DqnS!TLgytMwnHfzZZUmwxoMl78=","6lzMDKXpwxBs!2105Fu181l6gqo=","!A!bbJsMWoq49gXVjnHwaMMudj8=","qfAJSb5fzCmga87sMcCIYIHHlFA=","ZqiZLpS!snem08ES29EetyjSiMQ=","8JwOTBZsTgGUUThktTZjQypr7lc=","WzKINMT6Vq6E0s6B5xz4kHtyD3A=","qI4LetJuiRZ7uQ7mbpi!B6uMMlA=","xkhCXWMUfDTU3uMR71RubskhHfQ=","yV53RR1fd2ZXjzRMWuz9hLN47Ec=","F0P8BnLCZODINT2OJOmIDMGwHpU=","BQrnDkEVKhNJ2Hwy86Y7!3xVMTo=","MWwH1dfS0jaac1ZVrcXuTtTWe3U=","wRVz+20faNMzwdhUbxkVflQXJ3A=","tBM1dkoz9GD+cRsHEkEUEMCcNc8=","f!NCNlHQglg7w1dBBjh4iTXxLQQ=","9Caq!gURkL1!jeVvNaeK0mWmLKg=","!0WacZ4HUIl5YamXSQt3uGxaBAY=","xqa6uC1NWSzqBbagQxDoq2datWA=","0zqL6CqgvxjGxc!3iQuOwqZnN3w=","i20rTsrqLZgozpH43Fl0zgMx7Jo=","VdVlDTMw+u3TPEhMYJy6+eIYPDU=","UA4SWRMuNwHAjwMbHLV+9q05Cno=","icRPx!s6Yufv9CyzO1IrO!RFFRw=","ZlvrhXhA10X2y5m1BKtsDlMhA6w=","1ymX7BCii1tZ4wu7zDEPJksc7u8=","kYgjQX04ecI5jLXKObnK70gL9Zg=","T+wGsHLBfQ2Ed7kTVEXt85K6ENA=","9Hy6KGXNOC7jFL61WmJAyLosUZ4=","RZfetHqZOrsQI0gC3LpfrHjdL7U=","QBXoNztTcV!Rhiel5bhxIcJdDdU=","PnJSOwxTT66QKCte7qG+jzK7GQs=","pmxlmmyt9u25dy8s+MLZRqZP95E=","wFnSPVxMoWycWoDQrqAiDti5nzQ=","dQnVgBmnRL+PgYSmjs26XMxiKec=","9zMxnPkJ6Oi6AFiO1uHgNFO2ILs=","r3WU+jLqxhTQPBzDYh0Rtv6ReYk=","XlUXGdm7nZSLSwdnol2AVqGLvG4=","aKvWnQcJABeVM3M6k!yABtlq2pI=","bPn+uFv5gO3+YDyXkxAk3mN!1Bk=","aOW7lVeueOkm6IZNou1201JfsKQ=","qsMBeP3wPB1UEMdypYH5L99z5NA=","SEawNajCvXA2ZMp6lfwqlQUm91U=","YlQLATZHBfWGfiNj0pJDAoKd+Mg=","ZsDohOTHJ0AZmR5cT7MWs7qW4xk=","YvWgAC94G8KyYtHNc05dRpKTs08=","oPCVOTXvLSmw0dIituEHDx6QYb8=","voLKbXnSw5P6aDsrgohN+Jy242U="],"IL5DCjHo5T2Ik+TqjFY7xhdUMoA=":["DqnS!TLgytMwnHfzZZUmwxoMl78=","8JwOTBZsTgGUUThktTZjQypr7lc=","WzKINMT6Vq6E0s6B5xz4kHtyD3A=","xkhCXWMUfDTU3uMR71RubskhHfQ=","QBXoNztTcV!Rhiel5bhxIcJdDdU=","PnJSOwxTT66QKCte7qG+jzK7GQs=","Nzj!+EbFpdJjdE26JF3Fw49LMMo=","pHX8OgG17v7a7jAOGld13HE4KWY="],"j2JXl1l73rFSeCK7bVvLk+kbn38=":["DqnS!TLgytMwnHfzZZUmwxoMl78=","6lzMDKXpwxBs!2105Fu181l6gqo=","ZqiZLpS!snem08ES29EetyjSiMQ=","TfCYBGzNkrNAk+qOFCRNsDESSoM=","8JwOTBZsTgGUUThktTZjQypr7lc=","WzKINMT6Vq6E0s6B5xz4kHtyD3A=","qI4LetJuiRZ7uQ7mbpi!B6uMMlA=","xkhCXWMUfDTU3uMR71RubskhHfQ=","yV53RR1fd2ZXjzRMWuz9hLN47Ec=","F0P8BnLCZODINT2OJOmIDMGwHpU=","BQrnDkEVKhNJ2Hwy86Y7!3xVMTo=","MWwH1dfS0jaac1ZVrcXuTtTWe3U=","tBM1dkoz9GD+cRsHEkEUEMCcNc8=","f!NCNlHQglg7w1dBBjh4iTXxLQQ=","9Caq!gURkL1!jeVvNaeK0mWmLKg=","!0WacZ4HUIl5YamXSQt3uGxaBAY=","PNddGXxVgM04um7MDf84b7pw3Oc=","xqa6uC1NWSzqBbagQxDoq2datWA=","0zqL6CqgvxjGxc!3iQuOwqZnN3w=","VdVlDTMw+u3TPEhMYJy6+eIYPDU=","ZlvrhXhA10X2y5m1BKtsDlMhA6w=","1ymX7BCii1tZ4wu7zDEPJksc7u8=","kYgjQX04ecI5jLXKObnK70gL9Zg=","T+wGsHLBfQ2Ed7kTVEXt85K6ENA=","9Hy6KGXNOC7jFL61WmJAyLosUZ4=","QBXoNztTcV!Rhiel5bhxIcJdDdU=","PnJSOwxTT66QKCte7qG+jzK7GQs=","wFnSPVxMoWycWoDQrqAiDti5nzQ=","dQnVgBmnRL+PgYSmjs26XMxiKec=","9zMxnPkJ6Oi6AFiO1uHgNFO2ILs=","r3WU+jLqxhTQPBzDYh0Rtv6ReYk=","XlUXGdm7nZSLSwdnol2AVqGLvG4=","aKvWnQcJABeVM3M6k!yABtlq2pI=","bPn+uFv5gO3+YDyXkxAk3mN!1Bk=","qsMBeP3wPB1UEMdypYH5L99z5NA=","SEawNajCvXA2ZMp6lfwqlQUm91U=","YlQLATZHBfWGfiNj0pJDAoKd+Mg=","VZOhwpFXeQ1Ztcc+hXquroP9GUg=","ybsT3GG7HCItyOugV+NMcehfGxA=","KsM9k3zuyZv6C5pe2FriMgjWXy0=","Y9JvrrIZjbCbtCgifFXNkBT3m4Q="],"vdgtlKfnh1E+096uePfyg+cgsKU=":["DqnS!TLgytMwnHfzZZUmwxoMl78=","qfAJSb5fzCmga87sMcCIYIHHlFA=","ZqiZLpS!snem08ES29EetyjSiMQ=","8JwOTBZsTgGUUThktTZjQypr7lc=","yV53RR1fd2ZXjzRMWuz9hLN47Ec=","F0P8BnLCZODINT2OJOmIDMGwHpU=","BQrnDkEVKhNJ2Hwy86Y7!3xVMTo=","MWwH1dfS0jaac1ZVrcXuTtTWe3U=","U8Lxdsw3!Pnxh7SR5egTuHzhHqE=","icRPx!s6Yufv9CyzO1IrO!RFFRw=","QBXoNztTcV!Rhiel5bhxIcJdDdU=","PnJSOwxTT66QKCte7qG+jzK7GQs=","9zMxnPkJ6Oi6AFiO1uHgNFO2ILs=","aKvWnQcJABeVM3M6k!yABtlq2pI=","qsMBeP3wPB1UEMdypYH5L99z5NA=","ZGwpbWPzglCF152fZc1TTRugyf8=","8hAeC!sAzMz9aBuKCQBCESSJ0Jw=","p+1+kKoBePHwa6IvFWiDkHpqrFY=","8z+GMbCNrkrbMds55oO8idACxkc=","au0lnYfgIXang4F9W+FncbjkN+c=","CFKumMUeeTxx5y8VB!2T7jXdVBQ=","3pG7QohzAQmYhWSxGW!mn3lxZf0=","VP3o0IV4RwFlKUjhl7VVUtbBV4E=","Y9JvrrIZjbCbtCgifFXNkBT3m4Q="],"HUXY38U6tOrGFzNwkmL3pmEbTs8=":["DqnS!TLgytMwnHfzZZUmwxoMl78="],"oZmWSM3B!aMVr7wG+nuIpKh!0Ds=":["DqnS!TLgytMwnHfzZZUmwxoMl78=","aKvWnQcJABeVM3M6k!yABtlq2pI=","2x3qA!i1nMAh4IQ2MP1sSOyvme4="],"DWQERac!rrEG8BqCztiYEtSJTkA=":["6lzMDKXpwxBs!2105Fu181l6gqo=","f!NCNlHQglg7w1dBBjh4iTXxLQQ=","icRPx!s6Yufv9CyzO1IrO!RFFRw=","1ymX7BCii1tZ4wu7zDEPJksc7u8=","RZfetHqZOrsQI0gC3LpfrHjdL7U=","pmxlmmyt9u25dy8s+MLZRqZP95E=","bPn+uFv5gO3+YDyXkxAk3mN!1Bk=","qsMBeP3wPB1UEMdypYH5L99z5NA=","YlQLATZHBfWGfiNj0pJDAoKd+Mg=","VZOhwpFXeQ1Ztcc+hXquroP9GUg="],"VR1vNs3olhT8w8f7dwgacSKISC8=":["6lzMDKXpwxBs!2105Fu181l6gqo=","!A!bbJsMWoq49gXVjnHwaMMudj8=","9Hy6KGXNOC7jFL61WmJAyLosUZ4=","vgTYpv5t5b1TqWb3UF0N1RrQf3Y=","fAOR85SWHcQxMjqZWETQeH7tfJQ=","4P!hmCMwAgXXa3gFp41099dVSGY=","Y9JvrrIZjbCbtCgifFXNkBT3m4Q=","YEz3cPy0cQoJ6wLi0tuPhYWt2l4="],"O6BHaLpCEjFZgeI9963IFJP2jvs=":["6lzMDKXpwxBs!2105Fu181l6gqo=","!A!bbJsMWoq49gXVjnHwaMMudj8=","qfAJSb5fzCmga87sMcCIYIHHlFA=","ZqiZLpS!snem08ES29EetyjSiMQ=","8JwOTBZsTgGUUThktTZjQypr7lc=","WzKINMT6Vq6E0s6B5xz4kHtyD3A=","yV53RR1fd2ZXjzRMWuz9hLN47Ec=","F0P8BnLCZODINT2OJOmIDMGwHpU=","BQrnDkEVKhNJ2Hwy86Y7!3xVMTo=","9Caq!gURkL1!jeVvNaeK0mWmLKg=","!0WacZ4HUIl5YamXSQt3uGxaBAY=","U8Lxdsw3!Pnxh7SR5egTuHzhHqE=","zJFeisYp8w0Nse!qUSxIhyF9O8k=","0zqL6CqgvxjGxc!3iQuOwqZnN3w=","5u0EMniqJyBJi8I+LVJyxRKO26Y=","xCac169VqGoOJvz4mYEZoLKhN4A=","VdVlDTMw+u3TPEhMYJy6+eIYPDU=","hfp9rCjlmg0uOvOWGNzonCWUAZ8=","JZFBz0qr62NWGTfmWnffmavVxiQ=","S5VzSUJQK44M4oJitKjfsoTgt1Q=","+MnMQzSNR4tlWoInH2RRoXruKOw=","AkEbrf+Afz6Wpw!g4CM6tpxB924=","9fRDWommgYNy96OmR3PSbWyB6Rk=","icRPx!s6Yufv9CyzO1IrO!RFFRw=","Cn+nFHu!JFqmuydSduBy1UjEpeY=","ZlvrhXhA10X2y5m1BKtsDlMhA6w=","1ymX7BCii1tZ4wu7zDEPJksc7u8=","kYgjQX04ecI5jLXKObnK70gL9Zg=","BZ05YwwdXGfkcbZCZeME62nH9SE=","32CO!yWnT6JzdcgliAzaVNzA+sI=","T+wGsHLBfQ2Ed7kTVEXt85K6ENA=","wRjPxKgOJv35oAY!Zuhk9osdR00=","9Hy6KGXNOC7jFL61WmJAyLosUZ4=","mTBeO!vIGSPtZhzJo0zz8xIdzeQ=","QBXoNztTcV!Rhiel5bhxIcJdDdU=","PnJSOwxTT66QKCte7qG+jzK7GQs=","pmxlmmyt9u25dy8s+MLZRqZP95E=","wFnSPVxMoWycWoDQrqAiDti5nzQ=","XlUXGdm7nZSLSwdnol2AVqGLvG4=","aKvWnQcJABeVM3M6k!yABtlq2pI=","iB+!7cnd+CkW1mOyRcQ14cl2NXo=","9IqMXRp1FCF4UyaZRMk6b8xX92g=","FXC49gelAuz10QSrosH42ATRB3U=","qsMBeP3wPB1UEMdypYH5L99z5NA=","YlQLATZHBfWGfiNj0pJDAoKd+Mg=","rB0F!ehvl4EHiHVtDpQKFodjzsU=","Vyzh4oc3PLK90kA!5aacu1QmKdk=","RSlJTfPF99PwkP3JCNp2+fDHuz0=","ZsDohOTHJ0AZmR5cT7MWs7qW4xk=","lZw9KtoZMBGMaszQdQ3EjPvicFQ=","YvWgAC94G8KyYtHNc05dRpKTs08=","HQUuJ24bF0nkYobQ0tjRvPsUTsU=","tgXYhhtgWOFCcOwmbhTu8+OcAho=","P2sSZ2Dl3JFiAGm0pLMfbrFEYvk=","ZGwpbWPzglCF152fZc1TTRugyf8=","WEn8q7V9nT!rthk0Xc+MijAm06c=","p+1+kKoBePHwa6IvFWiDkHpqrFY=","0EC4BnwgLw4AdOVe1IXZWiXHsls=","MSU2I59e504kxj8wZbxZDlPL7eM=","BiKfD2b9B1WlxHYY29leOlvztSo=","2x3qA!i1nMAh4IQ2MP1sSOyvme4=","Ww5ugiuN3pUk3FBaGIFqHRJIUT0=","au0lnYfgIXang4F9W+FncbjkN+c=","CFKumMUeeTxx5y8VB!2T7jXdVBQ=","3pG7QohzAQmYhWSxGW!mn3lxZf0=","VP3o0IV4RwFlKUjhl7VVUtbBV4E=","3Q0HSTH8puQtPqy!jboLhrk04WY=","XaWg8ts0iIKoYsS8!r1gFuddUC0=","sRbLhFbvYt0mP+oKPm9fwSzikqU=","fexOA6aja8O76PXnEx2auR7WnoQ=","Y9JvrrIZjbCbtCgifFXNkBT3m4Q=","YEz3cPy0cQoJ6wLi0tuPhYWt2l4=","5!Hfw1O029eGmM3lQBnS9MHCu5E=","I3pZ68y3+Y8Q7hVDK1fvjJGk8Hc="],"xp0hn31rqGHPEeoMiUpxmZAqbkM=":["6lzMDKXpwxBs!2105Fu181l6gqo=","ZqiZLpS!snem08ES29EetyjSiMQ=","8JwOTBZsTgGUUThktTZjQypr7lc=","WzKINMT6Vq6E0s6B5xz4kHtyD3A=","xkhCXWMUfDTU3uMR71RubskhHfQ=","ONhxNGsCv2I0MBIGuGZN50D18Nw=","wRVz+20faNMzwdhUbxkVflQXJ3A=","f!NCNlHQglg7w1dBBjh4iTXxLQQ=","9Caq!gURkL1!jeVvNaeK0mWmLKg=","!0WacZ4HUIl5YamXSQt3uGxaBAY=","+FruB9Up3dAr2lSmBQAPOCiZCiQ=","0zqL6CqgvxjGxc!3iQuOwqZnN3w=","kYgjQX04ecI5jLXKObnK70gL9Zg=","TiI3kArYWszkoqS!xhpq7QOv!4I=","aKvWnQcJABeVM3M6k!yABtlq2pI=","d8Nzm09n!njw!3I1odUHjbO+iSY=","!MT9cMUO6DoNY5IxFKVsdSDRa68=","OlVDSJ+u39z5AHFxdW898lIKDGk=","tgXYhhtgWOFCcOwmbhTu8+OcAho=","C592cMvctuWXIm!lT8MSWEIJk4I=","P2sSZ2Dl3JFiAGm0pLMfbrFEYvk=","qfpqLe1yzue1FAlOHYAH!yTEDvs=","2LhhAm4wSkwP3QMfJqhh94b3ZdU=","WYve6mHx6vQcC1ME78b5RFvoWNU=","BXGYbaZs7hPBTZIqM798R5tAa6g=","QkhXvL1qEXQI2RFcix3aH!8xGlo=","kkFfX4lBoHBzWk6O9Xd+3QTytys=","Mvu7K4HyK6DsYZCcsSxbh4kCsU0=","OYcJYk6NA!z!3Swcok1CWxIDJus=","L+wOL4oxou1Goqp7sI6r7Q!sGOg=","GejHdU16O8a1UeBD64IoDNbc2O8=","cVww5BpYFEut4H2jGs1CJKxfC!M=","tbDyDH2Ne!YB+BTNA1v4fb!!f7w="],"xgWYJfoleqPNPZnM5fwZAmYACgQ=":["6lzMDKXpwxBs!2105Fu181l6gqo=","!A!bbJsMWoq49gXVjnHwaMMudj8=","ZqiZLpS!snem08ES29EetyjSiMQ=","WzKINMT6Vq6E0s6B5xz4kHtyD3A=","F0P8BnLCZODINT2OJOmIDMGwHpU=","MWwH1dfS0jaac1ZVrcXuTtTWe3U=","9Hy6KGXNOC7jFL61WmJAyLosUZ4="],"nEWRgiOGglWqD+cnva5Xswd0avA=":["6lzMDKXpwxBs!2105Fu181l6gqo=","!A!bbJsMWoq49gXVjnHwaMMudj8=","MWwH1dfS0jaac1ZVrcXuTtTWe3U=","wRVz+20faNMzwdhUbxkVflQXJ3A=","9Hy6KGXNOC7jFL61WmJAyLosUZ4=","tgXYhhtgWOFCcOwmbhTu8+OcAho=","C592cMvctuWXIm!lT8MSWEIJk4I=","P2sSZ2Dl3JFiAGm0pLMfbrFEYvk=","2LhhAm4wSkwP3QMfJqhh94b3ZdU=","4bGzERv0l2FD96GDoxO725nYXok="],"MdGu0Tc03gnRhNrjRowr2UCM4!s=":["6lzMDKXpwxBs!2105Fu181l6gqo="],"LGkgJP1YOSKhWm6PHH7Kmc6ybeY=":["6lzMDKXpwxBs!2105Fu181l6gqo=","!A!bbJsMWoq49gXVjnHwaMMudj8=","qfAJSb5fzCmga87sMcCIYIHHlFA=","ZqiZLpS!snem08ES29EetyjSiMQ=","8JwOTBZsTgGUUThktTZjQypr7lc=","WzKINMT6Vq6E0s6B5xz4kHtyD3A=","xkhCXWMUfDTU3uMR71RubskhHfQ=","yV53RR1fd2ZXjzRMWuz9hLN47Ec=","BQrnDkEVKhNJ2Hwy86Y7!3xVMTo=","MWwH1dfS0jaac1ZVrcXuTtTWe3U=","f!NCNlHQglg7w1dBBjh4iTXxLQQ=","uNqfCGpwvRGOgHlRX0zPshb4Pp0=","9Caq!gURkL1!jeVvNaeK0mWmLKg=","!0WacZ4HUIl5YamXSQt3uGxaBAY=","PNddGXxVgM04um7MDf84b7pw3Oc=","l4fOlRnpqyXG57QyWi+JVIiGQjA=","32CO!yWnT6JzdcgliAzaVNzA+sI=","9Hy6KGXNOC7jFL61WmJAyLosUZ4=","9zMxnPkJ6Oi6AFiO1uHgNFO2ILs=","aKvWnQcJABeVM3M6k!yABtlq2pI=","iB+!7cnd+CkW1mOyRcQ14cl2NXo=","cyRhgR5o4GBNUT2Z2NZjgYVU06c=","rA9Tbari0sdgknPOGl53IZrjtgo=","Ydwft3mUE!4PQZTplaY0LQfYzOg=","rB0F!ehvl4EHiHVtDpQKFodjzsU=","ZsDohOTHJ0AZmR5cT7MWs7qW4xk=","YvWgAC94G8KyYtHNc05dRpKTs08=","tXC06vUKQYWFDtMWIxKqxSB34OE=","Kcj34wb1wI!IQaZ!ynzekoCw398=","MSU2I59e504kxj8wZbxZDlPL7eM=","BiKfD2b9B1WlxHYY29leOlvztSo=","owD3kJfV1EdFDrEj2dKa7nlwpik="],"LNMKYtAnS+6rFG77FlUxnBOBJiU=":["!A!bbJsMWoq49gXVjnHwaMMudj8=","ZqiZLpS!snem08ES29EetyjSiMQ=","qI4LetJuiRZ7uQ7mbpi!B6uMMlA=","F0P8BnLCZODINT2OJOmIDMGwHpU=","ONhxNGsCv2I0MBIGuGZN50D18Nw=","wRVz+20faNMzwdhUbxkVflQXJ3A=","uNqfCGpwvRGOgHlRX0zPshb4Pp0=","zJFeisYp8w0Nse!qUSxIhyF9O8k=","0zqL6CqgvxjGxc!3iQuOwqZnN3w=","JZFBz0qr62NWGTfmWnffmavVxiQ=","icRPx!s6Yufv9CyzO1IrO!RFFRw=","Cn+nFHu!JFqmuydSduBy1UjEpeY=","kYgjQX04ecI5jLXKObnK70gL9Zg=","32CO!yWnT6JzdcgliAzaVNzA+sI=","dQnVgBmnRL+PgYSmjs26XMxiKec=","9zMxnPkJ6Oi6AFiO1uHgNFO2ILs=","9IqMXRp1FCF4UyaZRMk6b8xX92g=","FXC49gelAuz10QSrosH42ATRB3U=","lZw9KtoZMBGMaszQdQ3EjPvicFQ=","YvWgAC94G8KyYtHNc05dRpKTs08=","ybsT3GG7HCItyOugV+NMcehfGxA=","OlVDSJ+u39z5AHFxdW898lIKDGk=","oPCVOTXvLSmw0dIituEHDx6QYb8=","Y6wme1ToTKy1eQKkDAvK3zOk9dk=","HQUuJ24bF0nkYobQ0tjRvPsUTsU=","2LhhAm4wSkwP3QMfJqhh94b3ZdU=","WYve6mHx6vQcC1ME78b5RFvoWNU=","WEn8q7V9nT!rthk0Xc+MijAm06c=","TmUqU6XKvnRfvPv1eNVev1xT3eE=","AY!SAdOGnaq4cYHwhN7v9jGeLbs=","0EC4BnwgLw4AdOVe1IXZWiXHsls=","BiKfD2b9B1WlxHYY29leOlvztSo=","2x3qA!i1nMAh4IQ2MP1sSOyvme4=","owD3kJfV1EdFDrEj2dKa7nlwpik=","VP3o0IV4RwFlKUjhl7VVUtbBV4E=","3Q0HSTH8puQtPqy!jboLhrk04WY=","YEz3cPy0cQoJ6wLi0tuPhYWt2l4=","eokf8E82tP09lD1z4s65uHKiOk0="],"3LXerU5VwaErAp7mD3qRaiWhHPw=":["!A!bbJsMWoq49gXVjnHwaMMudj8=","qfAJSb5fzCmga87sMcCIYIHHlFA=","xkhCXWMUfDTU3uMR71RubskhHfQ=","yV53RR1fd2ZXjzRMWuz9hLN47Ec=","F0P8BnLCZODINT2OJOmIDMGwHpU=","BQrnDkEVKhNJ2Hwy86Y7!3xVMTo=","MWwH1dfS0jaac1ZVrcXuTtTWe3U=","tBM1dkoz9GD+cRsHEkEUEMCcNc8=","u!z!pVZqCMDQvOWIzXAWgSZwy3k="],"bc0WjnnHn3JpiGELIby6d7VYmco=":["!A!bbJsMWoq49gXVjnHwaMMudj8="],"bICb4+fqm1yxquJwDXkuPiuXzAw=":["qfAJSb5fzCmga87sMcCIYIHHlFA=","2x3qA!i1nMAh4IQ2MP1sSOyvme4=","4P!hmCMwAgXXa3gFp41099dVSGY="],"9w2sb3n1sgXkILjoTQ0n8jshEMY=":["qfAJSb5fzCmga87sMcCIYIHHlFA=","ZqiZLpS!snem08ES29EetyjSiMQ=","8JwOTBZsTgGUUThktTZjQypr7lc=","WzKINMT6Vq6E0s6B5xz4kHtyD3A=","zJFeisYp8w0Nse!qUSxIhyF9O8k=","rQArtV!bkUw!U6hM6DtuIh+zlGs=","3aq8ia3H6VY76uvGQdP4hFtG7ig=","rLQSuKYlqImv74rlEq7EaS2sRHM=","9fRDWommgYNy96OmR3PSbWyB6Rk=","4V+iKE3rI9Sc1!jsAd++6YeW7mA=","QBXoNztTcV!Rhiel5bhxIcJdDdU=","iB+!7cnd+CkW1mOyRcQ14cl2NXo=","aOW7lVeueOkm6IZNou1201JfsKQ=","YlQLATZHBfWGfiNj0pJDAoKd+Mg=","VZOhwpFXeQ1Ztcc+hXquroP9GUg=","rB0F!ehvl4EHiHVtDpQKFodjzsU=","RSlJTfPF99PwkP3JCNp2+fDHuz0=","cmRAjww!46TOSU9WzCJa!WxjiEs=","iRPBCXpKA0lEWJvSJtNMtxKUnWU=","tgXYhhtgWOFCcOwmbhTu8+OcAho=","C592cMvctuWXIm!lT8MSWEIJk4I=","P2sSZ2Dl3JFiAGm0pLMfbrFEYvk=","Kcj34wb1wI!IQaZ!ynzekoCw398=","cVww5BpYFEut4H2jGs1CJKxfC!M=","tbDyDH2Ne!YB+BTNA1v4fb!!f7w=","KsM9k3zuyZv6C5pe2FriMgjWXy0=","TUGPCivlx2LR0lD4yi!wLeWT8WE=","MYyXAGDJgyLVKyzLLf2Y3sB54bo=","PXXxt8tBO6w08mWAtfefRkqQ1bQ=","8z+GMbCNrkrbMds55oO8idACxkc=","VP3o0IV4RwFlKUjhl7VVUtbBV4E=","3Q0HSTH8puQtPqy!jboLhrk04WY=","eY0wbnX53zCQyCklhQMla3UfWdU=","o1X+37LwL3h3gbqBHqor4ibv0a0=","s89t7P9rCkYrfnqdzXsN7rd+Thk=","YEz3cPy0cQoJ6wLi0tuPhYWt2l4=","XczbG6rCA3VTSFDDQYkCpUbJhWE=","4bGzERv0l2FD96GDoxO725nYXok=","Pg+33iDDV4dwLo3JBYs7MBHKWgk=","!qK!GFY8TZQ9Xh+t!H5vpjEuF9U=","I3pZ68y3+Y8Q7hVDK1fvjJGk8Hc="],"lnsmi7asSrUWAS6pYE7qcFe91uc=":["qfAJSb5fzCmga87sMcCIYIHHlFA=","TfCYBGzNkrNAk+qOFCRNsDESSoM=","JZFBz0qr62NWGTfmWnffmavVxiQ=","S5VzSUJQK44M4oJitKjfsoTgt1Q=","r3WU+jLqxhTQPBzDYh0Rtv6ReYk=","9IqMXRp1FCF4UyaZRMk6b8xX92g=","P2sSZ2Dl3JFiAGm0pLMfbrFEYvk=","Kcj34wb1wI!IQaZ!ynzekoCw398=","XZ8dHMxMyL7NiKCGAgzDaqKsPL0=","YEz3cPy0cQoJ6wLi0tuPhYWt2l4="],"!h0RDHi2FZOY1f5kSlvfmb4VrR0=":["qfAJSb5fzCmga87sMcCIYIHHlFA=","!0WacZ4HUIl5YamXSQt3uGxaBAY=","rQArtV!bkUw!U6hM6DtuIh+zlGs=","Ww5ugiuN3pUk3FBaGIFqHRJIUT0=","TUGPCivlx2LR0lD4yi!wLeWT8WE=","MYyXAGDJgyLVKyzLLf2Y3sB54bo=","au0lnYfgIXang4F9W+FncbjkN+c=","CFKumMUeeTxx5y8VB!2T7jXdVBQ=","CDScy6XlW+wfDhjpZ4M05fLnTfQ=","BeA336Omit5hKyw!XBOSBPUifh8=","3pG7QohzAQmYhWSxGW!mn3lxZf0=","byCVKbES5S2AN!jCgBkmKlsd+tQ="],"FN1abks5Y5kfItNig4qX1WTu!T0=":["qfAJSb5fzCmga87sMcCIYIHHlFA=","WzKINMT6Vq6E0s6B5xz4kHtyD3A=","yV53RR1fd2ZXjzRMWuz9hLN47Ec=","r7uUufHGYcLJy1GhqhkVInlSm+k=","zJFeisYp8w0Nse!qUSxIhyF9O8k=","+FruB9Up3dAr2lSmBQAPOCiZCiQ=","9IqMXRp1FCF4UyaZRMk6b8xX92g=","FXC49gelAuz10QSrosH42ATRB3U=","Ydwft3mUE!4PQZTplaY0LQfYzOg=","rB0F!ehvl4EHiHVtDpQKFodjzsU=","RSlJTfPF99PwkP3JCNp2+fDHuz0=","XZ8dHMxMyL7NiKCGAgzDaqKsPL0=","MSU2I59e504kxj8wZbxZDlPL7eM=","Ww5ugiuN3pUk3FBaGIFqHRJIUT0=","TUGPCivlx2LR0lD4yi!wLeWT8WE=","MYyXAGDJgyLVKyzLLf2Y3sB54bo=","PXXxt8tBO6w08mWAtfefRkqQ1bQ=","8z+GMbCNrkrbMds55oO8idACxkc=","au0lnYfgIXang4F9W+FncbjkN+c=","CFKumMUeeTxx5y8VB!2T7jXdVBQ=","5APkdHSxXTkSTaKLL6uvhsC8HVs=","BeA336Omit5hKyw!XBOSBPUifh8=","3pG7QohzAQmYhWSxGW!mn3lxZf0=","VP3o0IV4RwFlKUjhl7VVUtbBV4E=","byCVKbES5S2AN!jCgBkmKlsd+tQ=","eY0wbnX53zCQyCklhQMla3UfWdU=","XaWg8ts0iIKoYsS8!r1gFuddUC0=","o1X+37LwL3h3gbqBHqor4ibv0a0=","s89t7P9rCkYrfnqdzXsN7rd+Thk=","Y9JvrrIZjbCbtCgifFXNkBT3m4Q=","YEz3cPy0cQoJ6wLi0tuPhYWt2l4=","ce!jxNS40Jc2ITlrkGFPd2mSCMY=","eokf8E82tP09lD1z4s65uHKiOk0=","!jfa6A!+SPQO0svDmgE0KwQ7ZzI=","RxXVaeVE9SytIpKEn4ktfEVtcuE=","XczbG6rCA3VTSFDDQYkCpUbJhWE=","4bGzERv0l2FD96GDoxO725nYXok=","Pg+33iDDV4dwLo3JBYs7MBHKWgk=","YoJKDCGSRxkV9KfVK7B+FZtgUe8=","u1oO4mJ9zF9h7HS7TEbWPInsRxw=","5!Hfw1O029eGmM3lQBnS9MHCu5E=","I3pZ68y3+Y8Q7hVDK1fvjJGk8Hc="],"zlRMAB9EBXX4voaofWSA8sluVsc=":["qfAJSb5fzCmga87sMcCIYIHHlFA=","TfCYBGzNkrNAk+qOFCRNsDESSoM=","mTBeO!vIGSPtZhzJo0zz8xIdzeQ=","fexOA6aja8O76PXnEx2auR7WnoQ="],"LNakE1sAQJZ6ykB9KEZMKgEfyvk=":["qfAJSb5fzCmga87sMcCIYIHHlFA="],"YQ3lLbCu4zfBJ+jqgs5MHC4WHx4=":["qfAJSb5fzCmga87sMcCIYIHHlFA="],"u87TkhE0+VLl9jyi37c4Hrw27yo=":["ZqiZLpS!snem08ES29EetyjSiMQ=","8JwOTBZsTgGUUThktTZjQypr7lc=","qI4LetJuiRZ7uQ7mbpi!B6uMMlA=","lbaKvAG9cUEWUD+R5mUaCRNcMZQ=","Ydwft3mUE!4PQZTplaY0LQfYzOg=","oPCVOTXvLSmw0dIituEHDx6QYb8=","XZ8dHMxMyL7NiKCGAgzDaqKsPL0=","mnM2vsiFWfTMY7yTDfnNoHTjK5Q=","TmUqU6XKvnRfvPv1eNVev1xT3eE=","AY!SAdOGnaq4cYHwhN7v9jGeLbs=","4P!hmCMwAgXXa3gFp41099dVSGY=","fexOA6aja8O76PXnEx2auR7WnoQ=","s89t7P9rCkYrfnqdzXsN7rd+Thk=","YEz3cPy0cQoJ6wLi0tuPhYWt2l4=","ce!jxNS40Jc2ITlrkGFPd2mSCMY=","!qK!GFY8TZQ9Xh+t!H5vpjEuF9U="],"sCUMkA!5tMkp4BTIc1ylqdqpiqs=":["ZqiZLpS!snem08ES29EetyjSiMQ=","8JwOTBZsTgGUUThktTZjQypr7lc=","WzKINMT6Vq6E0s6B5xz4kHtyD3A=","ONhxNGsCv2I0MBIGuGZN50D18Nw=","wRVz+20faNMzwdhUbxkVflQXJ3A=","uNqfCGpwvRGOgHlRX0zPshb4Pp0=","tXC06vUKQYWFDtMWIxKqxSB34OE=","mGasIbZEUBtsSEWDi!sNA+ByAdY=","2x3qA!i1nMAh4IQ2MP1sSOyvme4="],"FwCAzi9HE0B+NIPGJxho!T1lxpI=":["ZqiZLpS!snem08ES29EetyjSiMQ=","0zqL6CqgvxjGxc!3iQuOwqZnN3w="],"cfwkTCCWc!jbMgvWaN8OdkxeRrU=":["ZqiZLpS!snem08ES29EetyjSiMQ="],"dYH6Qg2o7lz+eU+3G8mcbh1Btbc=":["TfCYBGzNkrNAk+qOFCRNsDESSoM=","wRVz+20faNMzwdhUbxkVflQXJ3A=","S5VzSUJQK44M4oJitKjfsoTgt1Q=","kYgjQX04ecI5jLXKObnK70gL9Zg=","QBXoNztTcV!Rhiel5bhxIcJdDdU=","PnJSOwxTT66QKCte7qG+jzK7GQs=","aKvWnQcJABeVM3M6k!yABtlq2pI=","d8Nzm09n!njw!3I1odUHjbO+iSY=","VZOhwpFXeQ1Ztcc+hXquroP9GUg=","Vyzh4oc3PLK90kA!5aacu1QmKdk=","YvWgAC94G8KyYtHNc05dRpKTs08=","ybsT3GG7HCItyOugV+NMcehfGxA=","tgXYhhtgWOFCcOwmbhTu8+OcAho=","C592cMvctuWXIm!lT8MSWEIJk4I=","P2sSZ2Dl3JFiAGm0pLMfbrFEYvk=","2LhhAm4wSkwP3QMfJqhh94b3ZdU=","WYve6mHx6vQcC1ME78b5RFvoWNU=","Kcj34wb1wI!IQaZ!ynzekoCw398=","3Q0HSTH8puQtPqy!jboLhrk04WY=","Y9JvrrIZjbCbtCgifFXNkBT3m4Q=","YEz3cPy0cQoJ6wLi0tuPhYWt2l4=","4bGzERv0l2FD96GDoxO725nYXok=","Pg+33iDDV4dwLo3JBYs7MBHKWgk=","5!Hfw1O029eGmM3lQBnS9MHCu5E="],"oZhyaV8fOl8inYuSuu63fSGjAfA=":["TfCYBGzNkrNAk+qOFCRNsDESSoM=","BZ05YwwdXGfkcbZCZeME62nH9SE=","rZnB58n5wlmnsLZRnS3YRqym4V4=","aKvWnQcJABeVM3M6k!yABtlq2pI=","4P!hmCMwAgXXa3gFp41099dVSGY=","fexOA6aja8O76PXnEx2auR7WnoQ=","ce!jxNS40Jc2ITlrkGFPd2mSCMY=","eokf8E82tP09lD1z4s65uHKiOk0=","!jfa6A!+SPQO0svDmgE0KwQ7ZzI=","gDfeFtILZsu5faoBUwMnKrx9zWg=","XczbG6rCA3VTSFDDQYkCpUbJhWE=","!qK!GFY8TZQ9Xh+t!H5vpjEuF9U="],"bf5qD8BNdVw!HrhZgXQ6xdQy1as=":["TfCYBGzNkrNAk+qOFCRNsDESSoM=","xkhCXWMUfDTU3uMR71RubskhHfQ=","MWwH1dfS0jaac1ZVrcXuTtTWe3U=","ONhxNGsCv2I0MBIGuGZN50D18Nw=","wRVz+20faNMzwdhUbxkVflQXJ3A=","f!NCNlHQglg7w1dBBjh4iTXxLQQ=","uNqfCGpwvRGOgHlRX0zPshb4Pp0=","oPCVOTXvLSmw0dIituEHDx6QYb8=","Nzj!+EbFpdJjdE26JF3Fw49LMMo=","tXC06vUKQYWFDtMWIxKqxSB34OE=","mGasIbZEUBtsSEWDi!sNA+ByAdY=","qfpqLe1yzue1FAlOHYAH!yTEDvs=","BiKfD2b9B1WlxHYY29leOlvztSo=","owD3kJfV1EdFDrEj2dKa7nlwpik=","3Q0HSTH8puQtPqy!jboLhrk04WY=","Y9JvrrIZjbCbtCgifFXNkBT3m4Q=","YEz3cPy0cQoJ6wLi0tuPhYWt2l4="],"In6WEpQac1W0eEI5xeEtD47tkKc=":["TfCYBGzNkrNAk+qOFCRNsDESSoM=","aKvWnQcJABeVM3M6k!yABtlq2pI=","4P!hmCMwAgXXa3gFp41099dVSGY=","fexOA6aja8O76PXnEx2auR7WnoQ="],"JeNEAsc78VK+RXnU8IceaW8Bv48=":["TfCYBGzNkrNAk+qOFCRNsDESSoM=","uNqfCGpwvRGOgHlRX0zPshb4Pp0=","cyRhgR5o4GBNUT2Z2NZjgYVU06c=","VZryWUOa+ybEjr9618s5GzdSCUg=","2x3qA!i1nMAh4IQ2MP1sSOyvme4="],"nS9hyVBJOJ7!1jslKFhnICPl0QM=":["TfCYBGzNkrNAk+qOFCRNsDESSoM=","aOW7lVeueOkm6IZNou1201JfsKQ=","WEn8q7V9nT!rthk0Xc+MijAm06c=","8hAeC!sAzMz9aBuKCQBCESSJ0Jw=","p+1+kKoBePHwa6IvFWiDkHpqrFY="],"1rfDLmiLC!XjtO4BKxg32Onpi78=":["TfCYBGzNkrNAk+qOFCRNsDESSoM="],"SrO+Oxp2iFKkRCCL9xMS045KI2c=":["8JwOTBZsTgGUUThktTZjQypr7lc=","qI4LetJuiRZ7uQ7mbpi!B6uMMlA=","tBM1dkoz9GD+cRsHEkEUEMCcNc8=","r7uUufHGYcLJy1GhqhkVInlSm+k=","U8Lxdsw3!Pnxh7SR5egTuHzhHqE=","F+TzdW3WvIhkovLGws!0Jea9+0M=","IWIZ+OzjoGe8WaxZJAdAlduTeM4=","6JkYgguOk4ahjustmu+cUJFiRQo=","SakDlOFO6qrtJ+MLRo5w8kneKJo=","OcF7NKoNK9iH9oXpPRxCPJOcqH4=","rsd5OTDV73+IxrP7HNLMurCYaRQ=","3+8cdkKx!lqFeuWNGcO+x4kWVsY=","UA4SWRMuNwHAjwMbHLV+9q05Cno=","9fRDWommgYNy96OmR3PSbWyB6Rk=","32CO!yWnT6JzdcgliAzaVNzA+sI=","RZfetHqZOrsQI0gC3LpfrHjdL7U=","aKvWnQcJABeVM3M6k!yABtlq2pI=","FXC49gelAuz10QSrosH42ATRB3U=","WEn8q7V9nT!rthk0Xc+MijAm06c=","mnM2vsiFWfTMY7yTDfnNoHTjK5Q=","d3ixPRFLYHKzY7e581cFhJ8Jc9c=","yRAXx7T09EN8A7723lQeqUOayAo=","6r5dv6vTx5ikW7QOcqFPcRR76as=","qOYDTIPmm0B66OPOalImMLiTUn8=","kyhLLd4oc2OpM5ubMWEu5Qhj!9A=","BCGpoj3t4PQxeSczpaJJG0LDrwY=","voLKbXnSw5P6aDsrgohN+Jy242U=","aaP1ttcYJUuoasY+gneqidgM2lw=","RcmNx8wVMixS5mFHdBD!6tlBC3A=","UOC51rkPNQUEL0ImgAJuMHnug10=","tiW9!o2g3pSm1PYgSCfdhqOLtAw=","RDlB4oxpxkBLeI2Z1gnLc0s3IdU=","fceQk2Q9BrGJ1VNsdZ!AvC9SY!I=","yurDvkgJC0UbnxshEC6fc0bcxns=","cVww5BpYFEut4H2jGs1CJKxfC!M=","tbDyDH2Ne!YB+BTNA1v4fb!!f7w=","FOeCZMPoH36!8TiC4d22d6LZ!2Q=","aGc0AvwN19xawe9MDT1IbmM7lZU=","Ww5ugiuN3pUk3FBaGIFqHRJIUT0=","MYyXAGDJgyLVKyzLLf2Y3sB54bo=","8z+GMbCNrkrbMds55oO8idACxkc=","CFKumMUeeTxx5y8VB!2T7jXdVBQ=","5APkdHSxXTkSTaKLL6uvhsC8HVs=","3pG7QohzAQmYhWSxGW!mn3lxZf0=","byCVKbES5S2AN!jCgBkmKlsd+tQ=","o1X+37LwL3h3gbqBHqor4ibv0a0=","YEz3cPy0cQoJ6wLi0tuPhYWt2l4=","XczbG6rCA3VTSFDDQYkCpUbJhWE=","Pg+33iDDV4dwLo3JBYs7MBHKWgk=","5!Hfw1O029eGmM3lQBnS9MHCu5E=","I3pZ68y3+Y8Q7hVDK1fvjJGk8Hc="],"CH2w8fc6GWTXynFZeTyEKO8PouQ=":["8JwOTBZsTgGUUThktTZjQypr7lc="],"crud89BEx3VAspc728vGskyS46E=":["WzKINMT6Vq6E0s6B5xz4kHtyD3A="],"dtSqj4DtKIb7dGr9T9OKzSJ3btw=":["qI4LetJuiRZ7uQ7mbpi!B6uMMlA=","3aq8ia3H6VY76uvGQdP4hFtG7ig=","uVkC+9wJuUrSmEviyC!xCfW0Scc=","WEn8q7V9nT!rthk0Xc+MijAm06c=","p+1+kKoBePHwa6IvFWiDkHpqrFY=","BiKfD2b9B1WlxHYY29leOlvztSo="],"bWDM5Yt2U0JWIB00ZckTzxYsSQg=":["qI4LetJuiRZ7uQ7mbpi!B6uMMlA=","xkhCXWMUfDTU3uMR71RubskhHfQ=","F0P8BnLCZODINT2OJOmIDMGwHpU=","hfp9rCjlmg0uOvOWGNzonCWUAZ8=","+MnMQzSNR4tlWoInH2RRoXruKOw=","ZlvrhXhA10X2y5m1BKtsDlMhA6w=","wFnSPVxMoWycWoDQrqAiDti5nzQ=","r3WU+jLqxhTQPBzDYh0Rtv6ReYk=","aOW7lVeueOkm6IZNou1201JfsKQ=","USQ4F4rW7ESDptMVDXR3kigzsOU="],"sqj!4jmlRiyu6RgipxFfhWJlk30=":["qI4LetJuiRZ7uQ7mbpi!B6uMMlA="],"AzUlH9MKbR9JkGDzZShsihYZwDg=":["qI4LetJuiRZ7uQ7mbpi!B6uMMlA=","bPn+uFv5gO3+YDyXkxAk3mN!1Bk=","cyRhgR5o4GBNUT2Z2NZjgYVU06c=","!MT9cMUO6DoNY5IxFKVsdSDRa68=","epZg9gH!qguzDlBIeKkgdxqHnQ8=","4bGzERv0l2FD96GDoxO725nYXok=","u1oO4mJ9zF9h7HS7TEbWPInsRxw="],"suLcXfq7gbkpyficxTt5vSjVr+Q=":["qI4LetJuiRZ7uQ7mbpi!B6uMMlA=","ONhxNGsCv2I0MBIGuGZN50D18Nw=","YvWgAC94G8KyYtHNc05dRpKTs08=","OlVDSJ+u39z5AHFxdW898lIKDGk=","tgXYhhtgWOFCcOwmbhTu8+OcAho=","C592cMvctuWXIm!lT8MSWEIJk4I=","P2sSZ2Dl3JFiAGm0pLMfbrFEYvk=","qfpqLe1yzue1FAlOHYAH!yTEDvs=","2LhhAm4wSkwP3QMfJqhh94b3ZdU=","WYve6mHx6vQcC1ME78b5RFvoWNU=","3Q0HSTH8puQtPqy!jboLhrk04WY="],"lNRraSrOkAS841OCHGkElUs!2sA=":["qI4LetJuiRZ7uQ7mbpi!B6uMMlA=","P2sSZ2Dl3JFiAGm0pLMfbrFEYvk=","epZg9gH!qguzDlBIeKkgdxqHnQ8="],"4afJLkoDpjLLyPjSsdCN9pC92BA=":["xkhCXWMUfDTU3uMR71RubskhHfQ=","f!NCNlHQglg7w1dBBjh4iTXxLQQ=","Itj+h3TzfFt3ldO1pLrQ!ARbE+Q=","QBXoNztTcV!Rhiel5bhxIcJdDdU=","PnJSOwxTT66QKCte7qG+jzK7GQs=","9zMxnPkJ6Oi6AFiO1uHgNFO2ILs=","XlUXGdm7nZSLSwdnol2AVqGLvG4=","aKvWnQcJABeVM3M6k!yABtlq2pI=","bPn+uFv5gO3+YDyXkxAk3mN!1Bk="],"6PPWfTMMoFHMzTMX6bFsyg6NFSU=":["xkhCXWMUfDTU3uMR71RubskhHfQ=","S5VzSUJQK44M4oJitKjfsoTgt1Q=","dQnVgBmnRL+PgYSmjs26XMxiKec=","9zMxnPkJ6Oi6AFiO1uHgNFO2ILs=","r3WU+jLqxhTQPBzDYh0Rtv6ReYk=","Kcj34wb1wI!IQaZ!ynzekoCw398=","owD3kJfV1EdFDrEj2dKa7nlwpik=","4bGzERv0l2FD96GDoxO725nYXok="],"g8XX5A3xdwrLAvW3QOfT6QnCgH0=":["xkhCXWMUfDTU3uMR71RubskhHfQ="],"4XnaXCenrlJfkyPN43Sa2vx!njQ=":["yV53RR1fd2ZXjzRMWuz9hLN47Ec=","VdVlDTMw+u3TPEhMYJy6+eIYPDU=","+MnMQzSNR4tlWoInH2RRoXruKOw=","rLQSuKYlqImv74rlEq7EaS2sRHM=","icRPx!s6Yufv9CyzO1IrO!RFFRw=","ZlvrhXhA10X2y5m1BKtsDlMhA6w=","1ymX7BCii1tZ4wu7zDEPJksc7u8=","QBXoNztTcV!Rhiel5bhxIcJdDdU=","PnJSOwxTT66QKCte7qG+jzK7GQs=","wFnSPVxMoWycWoDQrqAiDti5nzQ=","E!4H2phLBh5XxES1vpkoBnT78nc=","qsMBeP3wPB1UEMdypYH5L99z5NA=","SEawNajCvXA2ZMp6lfwqlQUm91U=","VZOhwpFXeQ1Ztcc+hXquroP9GUg=","jcv4Uzi4ZHMmPdkYgqz60Xj9ejw=","RSlJTfPF99PwkP3JCNp2+fDHuz0=","ybsT3GG7HCItyOugV+NMcehfGxA=","u!z!pVZqCMDQvOWIzXAWgSZwy3k=","XaWg8ts0iIKoYsS8!r1gFuddUC0=","o1X+37LwL3h3gbqBHqor4ibv0a0=","ce!jxNS40Jc2ITlrkGFPd2mSCMY=","gDfeFtILZsu5faoBUwMnKrx9zWg="],"lH1+qrsGEw4YTYdPRpG!GgG9pzU=":["yV53RR1fd2ZXjzRMWuz9hLN47Ec=","JZFBz0qr62NWGTfmWnffmavVxiQ=","icRPx!s6Yufv9CyzO1IrO!RFFRw=","Cn+nFHu!JFqmuydSduBy1UjEpeY=","PnJSOwxTT66QKCte7qG+jzK7GQs=","qsMBeP3wPB1UEMdypYH5L99z5NA=","XaWg8ts0iIKoYsS8!r1gFuddUC0="],"mDWd2MAmCYh57S+PbwpmkAvOczk=":["yV53RR1fd2ZXjzRMWuz9hLN47Ec=","U8Lxdsw3!Pnxh7SR5egTuHzhHqE=","zJFeisYp8w0Nse!qUSxIhyF9O8k=","+FruB9Up3dAr2lSmBQAPOCiZCiQ=","AkEbrf+Afz6Wpw!g4CM6tpxB924=","9fRDWommgYNy96OmR3PSbWyB6Rk=","icRPx!s6Yufv9CyzO1IrO!RFFRw=","1ymX7BCii1tZ4wu7zDEPJksc7u8=","T+wGsHLBfQ2Ed7kTVEXt85K6ENA=","wRjPxKgOJv35oAY!Zuhk9osdR00=","9Hy6KGXNOC7jFL61WmJAyLosUZ4=","mTBeO!vIGSPtZhzJo0zz8xIdzeQ=","RZfetHqZOrsQI0gC3LpfrHjdL7U=","pmxlmmyt9u25dy8s+MLZRqZP95E=","9zMxnPkJ6Oi6AFiO1uHgNFO2ILs=","qsMBeP3wPB1UEMdypYH5L99z5NA=","ZGwpbWPzglCF152fZc1TTRugyf8=","WEn8q7V9nT!rthk0Xc+MijAm06c=","p+1+kKoBePHwa6IvFWiDkHpqrFY=","MSU2I59e504kxj8wZbxZDlPL7eM=","owD3kJfV1EdFDrEj2dKa7nlwpik=","KsM9k3zuyZv6C5pe2FriMgjWXy0=","Ww5ugiuN3pUk3FBaGIFqHRJIUT0=","TUGPCivlx2LR0lD4yi!wLeWT8WE=","au0lnYfgIXang4F9W+FncbjkN+c=","5APkdHSxXTkSTaKLL6uvhsC8HVs=","CDScy6XlW+wfDhjpZ4M05fLnTfQ=","VP3o0IV4RwFlKUjhl7VVUtbBV4E=","XaWg8ts0iIKoYsS8!r1gFuddUC0=","o1X+37LwL3h3gbqBHqor4ibv0a0=","sRbLhFbvYt0mP+oKPm9fwSzikqU=","fexOA6aja8O76PXnEx2auR7WnoQ="],"UXNQeZJAMeE5cZJ0EiBXuPFb7WU=":["yV53RR1fd2ZXjzRMWuz9hLN47Ec=","Cn+nFHu!JFqmuydSduBy1UjEpeY=","BZ05YwwdXGfkcbZCZeME62nH9SE=","fciaalDPwevSFffExHAr00YfZSA=","!MT9cMUO6DoNY5IxFKVsdSDRa68="],"JxT+iMMTUMWr6K5o9GZ6cQodoiI=":["yV53RR1fd2ZXjzRMWuz9hLN47Ec="],"ldpyg9hmTq7rXu3CO9jUW3VBj5M=":["F0P8BnLCZODINT2OJOmIDMGwHpU="],"SYaCqCn2G1Ckh2jvBWQeDVbCM70=":["BQrnDkEVKhNJ2Hwy86Y7!3xVMTo=","uVkC+9wJuUrSmEviyC!xCfW0Scc=","Cn+nFHu!JFqmuydSduBy1UjEpeY=","T+wGsHLBfQ2Ed7kTVEXt85K6ENA=","wRjPxKgOJv35oAY!Zuhk9osdR00=","9Hy6KGXNOC7jFL61WmJAyLosUZ4=","E!4H2phLBh5XxES1vpkoBnT78nc=","rA9Tbari0sdgknPOGl53IZrjtgo=","Ydwft3mUE!4PQZTplaY0LQfYzOg=","Vyzh4oc3PLK90kA!5aacu1QmKdk=","ZsDohOTHJ0AZmR5cT7MWs7qW4xk=","lZw9KtoZMBGMaszQdQ3EjPvicFQ="],"NFswOgta5Ogh0stVlyejxaJ+Mhk=":["BQrnDkEVKhNJ2Hwy86Y7!3xVMTo="],"D3nR+KIfX9hlCnX7qyAYL7fFSfw=":["MWwH1dfS0jaac1ZVrcXuTtTWe3U=","i20rTsrqLZgozpH43Fl0zgMx7Jo=","VdVlDTMw+u3TPEhMYJy6+eIYPDU=","T+wGsHLBfQ2Ed7kTVEXt85K6ENA=","RZfetHqZOrsQI0gC3LpfrHjdL7U=","pmxlmmyt9u25dy8s+MLZRqZP95E=","9zMxnPkJ6Oi6AFiO1uHgNFO2ILs=","r3WU+jLqxhTQPBzDYh0Rtv6ReYk=","XlUXGdm7nZSLSwdnol2AVqGLvG4=","bPn+uFv5gO3+YDyXkxAk3mN!1Bk="],"QTuOQODinPkwVcsx9Ljr55+cEco=":["MWwH1dfS0jaac1ZVrcXuTtTWe3U="],"BXPSv!zzJjl1FleNt!EH+ykQNjw=":["ONhxNGsCv2I0MBIGuGZN50D18Nw=","OlVDSJ+u39z5AHFxdW898lIKDGk=","tXC06vUKQYWFDtMWIxKqxSB34OE=","MiHeZkfhBtEzJ47tREzWpkle0aE=","aqHYfdWKBEzsAxDpo5VNYhU8jcs=","fdwLeHSNBQm0cgfhd2TZYzy0qGY=","GOlv8Y0fTlp72QRn6Hc7ZcHtul0=","MloBs6ImDLGx!+8xraIMI5d8J8o=","glodVI75aus4ydd4dXu72ypdgFs=","cmRAjww!46TOSU9WzCJa!WxjiEs=","iRPBCXpKA0lEWJvSJtNMtxKUnWU=","mGasIbZEUBtsSEWDi!sNA+ByAdY="],"9nSTofQd7ZQ3!jUMkcNN6s8CdYI=":["ONhxNGsCv2I0MBIGuGZN50D18Nw=","wRVz+20faNMzwdhUbxkVflQXJ3A=","uNqfCGpwvRGOgHlRX0zPshb4Pp0=","lbaKvAG9cUEWUD+R5mUaCRNcMZQ=","OlVDSJ+u39z5AHFxdW898lIKDGk=","Y6wme1ToTKy1eQKkDAvK3zOk9dk=","HQUuJ24bF0nkYobQ0tjRvPsUTsU=","Nzj!+EbFpdJjdE26JF3Fw49LMMo=","qfpqLe1yzue1FAlOHYAH!yTEDvs=","TmUqU6XKvnRfvPv1eNVev1xT3eE=","LVC3ZXEQXBybzsWEU7IvtweguLk=","AY!SAdOGnaq4cYHwhN7v9jGeLbs=","FOeCZMPoH36!8TiC4d22d6LZ!2Q="],"8Smixd93zH22iJ!jNBJ0GamiC10=":["ONhxNGsCv2I0MBIGuGZN50D18Nw=","Y6wme1ToTKy1eQKkDAvK3zOk9dk=","WYve6mHx6vQcC1ME78b5RFvoWNU=","Kcj34wb1wI!IQaZ!ynzekoCw398="],"Ex!Rg66ieDfIt3pxOxumRGPKCHc=":["ONhxNGsCv2I0MBIGuGZN50D18Nw="],"uRcvOjsTP6CQdHFImw1ia2Eianc=":["ONhxNGsCv2I0MBIGuGZN50D18Nw=","wRVz+20faNMzwdhUbxkVflQXJ3A=","tBM1dkoz9GD+cRsHEkEUEMCcNc8=","f!NCNlHQglg7w1dBBjh4iTXxLQQ="],"6KCn1w!F8glnOqXeXE+CWjd9fpo=":["wRVz+20faNMzwdhUbxkVflQXJ3A="],"!jLp16Sx3iFK!Zctzdd6feGZILQ=":["wRVz+20faNMzwdhUbxkVflQXJ3A=","QBXoNztTcV!Rhiel5bhxIcJdDdU=","9IqMXRp1FCF4UyaZRMk6b8xX92g=","owD3kJfV1EdFDrEj2dKa7nlwpik=","XaWg8ts0iIKoYsS8!r1gFuddUC0=","Y9JvrrIZjbCbtCgifFXNkBT3m4Q="],"!In!9fUpRDZHjCndOwF3l5EIFnY=":["tBM1dkoz9GD+cRsHEkEUEMCcNc8=","uNqfCGpwvRGOgHlRX0zPshb4Pp0=","6JkYgguOk4ahjustmu+cUJFiRQo=","OcF7NKoNK9iH9oXpPRxCPJOcqH4=","rsd5OTDV73+IxrP7HNLMurCYaRQ=","3+8cdkKx!lqFeuWNGcO+x4kWVsY=","UA4SWRMuNwHAjwMbHLV+9q05Cno=","OlVDSJ+u39z5AHFxdW898lIKDGk=","oPCVOTXvLSmw0dIituEHDx6QYb8=","pHX8OgG17v7a7jAOGld13HE4KWY=","ZGwpbWPzglCF152fZc1TTRugyf8=","XZ8dHMxMyL7NiKCGAgzDaqKsPL0=","QqxjPCTQkYRZpNXxa!v6+EID1Eo=","mnM2vsiFWfTMY7yTDfnNoHTjK5Q=","u!z!pVZqCMDQvOWIzXAWgSZwy3k=","0EC4BnwgLw4AdOVe1IXZWiXHsls=","yRAXx7T09EN8A7723lQeqUOayAo=","vqc38ssBxxj1YgLdMl2vG4aBk34=","vZaFAJG+5vpR0T31nsgmFFwwU4E=","KAehnfe21qBQrxzcBDl230LnBas=","il53WPOj7yZ3Xiosy9AHDx!zmXc=","ga0oa7cCrYlEwXsOlBYpyXOntzo=","ZEVCSMHdftW!A3ppSGsrRDGW!jU=","iC1N99fh3DNmfoWniymqLUmNnXQ=","KgQBEVyQlwmXFr1fac0TUgU2Pfw=","uX6OHtdKqFGBtr3ZUsci2jE+Qtw=","gP87rKIiTMmup0K8ygTAxZ!A9vQ=","c!GkI9Dy1MmFINW0DrIYjTYsPhM=","qOYDTIPmm0B66OPOalImMLiTUn8=","kyhLLd4oc2OpM5ubMWEu5Qhj!9A=","BCGpoj3t4PQxeSczpaJJG0LDrwY=","voLKbXnSw5P6aDsrgohN+Jy242U=","aaP1ttcYJUuoasY+gneqidgM2lw=","RcmNx8wVMixS5mFHdBD!6tlBC3A=","UOC51rkPNQUEL0ImgAJuMHnug10=","tiW9!o2g3pSm1PYgSCfdhqOLtAw=","RDlB4oxpxkBLeI2Z1gnLc0s3IdU=","fceQk2Q9BrGJ1VNsdZ!AvC9SY!I=","cVww5BpYFEut4H2jGs1CJKxfC!M=","tbDyDH2Ne!YB+BTNA1v4fb!!f7w=","FOeCZMPoH36!8TiC4d22d6LZ!2Q=","aGc0AvwN19xawe9MDT1IbmM7lZU="],"T23H7KMJlQAX1vrOzvTxtnTOpdg=":["tBM1dkoz9GD+cRsHEkEUEMCcNc8=","6JkYgguOk4ahjustmu+cUJFiRQo=","SakDlOFO6qrtJ+MLRo5w8kneKJo=","3+8cdkKx!lqFeuWNGcO+x4kWVsY=","UA4SWRMuNwHAjwMbHLV+9q05Cno=","u!z!pVZqCMDQvOWIzXAWgSZwy3k=","qOYDTIPmm0B66OPOalImMLiTUn8=","kyhLLd4oc2OpM5ubMWEu5Qhj!9A=","BCGpoj3t4PQxeSczpaJJG0LDrwY=","voLKbXnSw5P6aDsrgohN+Jy242U=","aaP1ttcYJUuoasY+gneqidgM2lw=","RcmNx8wVMixS5mFHdBD!6tlBC3A=","UOC51rkPNQUEL0ImgAJuMHnug10=","tiW9!o2g3pSm1PYgSCfdhqOLtAw=","cVww5BpYFEut4H2jGs1CJKxfC!M=","tbDyDH2Ne!YB+BTNA1v4fb!!f7w=","FOeCZMPoH36!8TiC4d22d6LZ!2Q="],"wuNl8GXi4yYBVtDzN6kjMCvvITs=":["tBM1dkoz9GD+cRsHEkEUEMCcNc8=","r7uUufHGYcLJy1GhqhkVInlSm+k=","!0WacZ4HUIl5YamXSQt3uGxaBAY=","6JkYgguOk4ahjustmu+cUJFiRQo=","SakDlOFO6qrtJ+MLRo5w8kneKJo=","OcF7NKoNK9iH9oXpPRxCPJOcqH4=","rsd5OTDV73+IxrP7HNLMurCYaRQ=","3+8cdkKx!lqFeuWNGcO+x4kWVsY=","UA4SWRMuNwHAjwMbHLV+9q05Cno=","mcVUqqKpbsQ+ggBiFMEdX4yO41k=","d3ixPRFLYHKzY7e581cFhJ8Jc9c=","ga0oa7cCrYlEwXsOlBYpyXOntzo=","ZEVCSMHdftW!A3ppSGsrRDGW!jU=","iC1N99fh3DNmfoWniymqLUmNnXQ=","KgQBEVyQlwmXFr1fac0TUgU2Pfw=","uX6OHtdKqFGBtr3ZUsci2jE+Qtw=","gP87rKIiTMmup0K8ygTAxZ!A9vQ=","c!GkI9Dy1MmFINW0DrIYjTYsPhM=","qOYDTIPmm0B66OPOalImMLiTUn8=","kyhLLd4oc2OpM5ubMWEu5Qhj!9A=","BCGpoj3t4PQxeSczpaJJG0LDrwY=","voLKbXnSw5P6aDsrgohN+Jy242U=","aaP1ttcYJUuoasY+gneqidgM2lw=","RcmNx8wVMixS5mFHdBD!6tlBC3A=","UOC51rkPNQUEL0ImgAJuMHnug10=","tiW9!o2g3pSm1PYgSCfdhqOLtAw=","RDlB4oxpxkBLeI2Z1gnLc0s3IdU=","fceQk2Q9BrGJ1VNsdZ!AvC9SY!I=","yurDvkgJC0UbnxshEC6fc0bcxns=","cVww5BpYFEut4H2jGs1CJKxfC!M=","tbDyDH2Ne!YB+BTNA1v4fb!!f7w=","FOeCZMPoH36!8TiC4d22d6LZ!2Q=","aGc0AvwN19xawe9MDT1IbmM7lZU="],"aucOyFwSyzS7N33QssTBbcN9jtI=":["tBM1dkoz9GD+cRsHEkEUEMCcNc8="],"P6b+SfT0p7Rlypnj5w5!Kbe9x40=":["r7uUufHGYcLJy1GhqhkVInlSm+k=","MYyXAGDJgyLVKyzLLf2Y3sB54bo=","PXXxt8tBO6w08mWAtfefRkqQ1bQ=","byCVKbES5S2AN!jCgBkmKlsd+tQ="],"vR5cX+Y5!D6tA+JLO7XUEPq9ZAg=":["r7uUufHGYcLJy1GhqhkVInlSm+k=","WYve6mHx6vQcC1ME78b5RFvoWNU=","3Q0HSTH8puQtPqy!jboLhrk04WY=","XaWg8ts0iIKoYsS8!r1gFuddUC0=","XczbG6rCA3VTSFDDQYkCpUbJhWE=","5!Hfw1O029eGmM3lQBnS9MHCu5E=","I3pZ68y3+Y8Q7hVDK1fvjJGk8Hc="],"WnUsde68OPbbEbCZtKJ9FpU!kXU=":["r7uUufHGYcLJy1GhqhkVInlSm+k="],"1L22rmIXwS6x1JK3DhVR6LH9U6A=":["r7uUufHGYcLJy1GhqhkVInlSm+k=","9lFj1g8ssigaz5gNPL0aDgaMyBY=","VP3o0IV4RwFlKUjhl7VVUtbBV4E=","3Q0HSTH8puQtPqy!jboLhrk04WY=","o1X+37LwL3h3gbqBHqor4ibv0a0=","I3pZ68y3+Y8Q7hVDK1fvjJGk8Hc="],"ckNNVrF2HLvCXaFAuXEmf1RH0bs=":["f!NCNlHQglg7w1dBBjh4iTXxLQQ="],"4xQ9mXsMtS9Ds9O9kTvFCkBoZ9w=":["f!NCNlHQglg7w1dBBjh4iTXxLQQ="],"cxaUkgWX+RKr7cv4WvdKsQfIoFs=":["uNqfCGpwvRGOgHlRX0zPshb4Pp0=","0zqL6CqgvxjGxc!3iQuOwqZnN3w=","kYgjQX04ecI5jLXKObnK70gL9Zg=","32CO!yWnT6JzdcgliAzaVNzA+sI=","pmxlmmyt9u25dy8s+MLZRqZP95E=","XlUXGdm7nZSLSwdnol2AVqGLvG4=","pHX8OgG17v7a7jAOGld13HE4KWY=","4bGzERv0l2FD96GDoxO725nYXok="],"IH3MPD4oT86QpdAYKBSS0bSYSgg=":["uNqfCGpwvRGOgHlRX0zPshb4Pp0=","2x3qA!i1nMAh4IQ2MP1sSOyvme4=","3Q0HSTH8puQtPqy!jboLhrk04WY="],"L2BAKyFweVzXIITR7IDzEY0O0sU=":["uNqfCGpwvRGOgHlRX0zPshb4Pp0=","mTBeO!vIGSPtZhzJo0zz8xIdzeQ=","2x3qA!i1nMAh4IQ2MP1sSOyvme4=","4P!hmCMwAgXXa3gFp41099dVSGY="],"SI0FbgZaJwp1EpYA4R+VzPm2v5E=":["uNqfCGpwvRGOgHlRX0zPshb4Pp0="],"SUgezMtLdC46QMoHMeaAHe69GPQ=":["9Caq!gURkL1!jeVvNaeK0mWmLKg="],"0CNJCr!st0k06!3tI8J8imqAhoA=":["!0WacZ4HUIl5YamXSQt3uGxaBAY="],"teK5mn!e6qfZeuIzlPD0zN9o4IA=":["U8Lxdsw3!Pnxh7SR5egTuHzhHqE=","iB+!7cnd+CkW1mOyRcQ14cl2NXo=","d8Nzm09n!njw!3I1odUHjbO+iSY=","Y6wme1ToTKy1eQKkDAvK3zOk9dk=","jahUAfwYlaRk2q9O+dVZzO32sxI=","cmRAjww!46TOSU9WzCJa!WxjiEs=","mGasIbZEUBtsSEWDi!sNA+ByAdY="],"VnRTx1g0UqiIFZuSko6Mj303xHk=":["U8Lxdsw3!Pnxh7SR5egTuHzhHqE="],"CgZOZBvdaIcH6bmzKW8zaJLtzlE=":["PNddGXxVgM04um7MDf84b7pw3Oc=","xqa6uC1NWSzqBbagQxDoq2datWA=","l4fOlRnpqyXG57QyWi+JVIiGQjA=","QwXoXotx0CGQy727yDStA4B3Gbs=","UA4SWRMuNwHAjwMbHLV+9q05Cno=","bPn+uFv5gO3+YDyXkxAk3mN!1Bk=","+QRi9IRzKnrVe0ehyHRmusFogao=","voLKbXnSw5P6aDsrgohN+Jy242U="],"blS8ffwKGBrBWTkwrVdYp8R48E0=":["PNddGXxVgM04um7MDf84b7pw3Oc=","6JkYgguOk4ahjustmu+cUJFiRQo=","SakDlOFO6qrtJ+MLRo5w8kneKJo=","OcF7NKoNK9iH9oXpPRxCPJOcqH4=","3+8cdkKx!lqFeuWNGcO+x4kWVsY=","UA4SWRMuNwHAjwMbHLV+9q05Cno=","qfpqLe1yzue1FAlOHYAH!yTEDvs=","ga0oa7cCrYlEwXsOlBYpyXOntzo=","ZEVCSMHdftW!A3ppSGsrRDGW!jU=","iC1N99fh3DNmfoWniymqLUmNnXQ=","KgQBEVyQlwmXFr1fac0TUgU2Pfw=","uX6OHtdKqFGBtr3ZUsci2jE+Qtw=","gP87rKIiTMmup0K8ygTAxZ!A9vQ=","qOYDTIPmm0B66OPOalImMLiTUn8=","kyhLLd4oc2OpM5ubMWEu5Qhj!9A=","BCGpoj3t4PQxeSczpaJJG0LDrwY=","voLKbXnSw5P6aDsrgohN+Jy242U=","aaP1ttcYJUuoasY+gneqidgM2lw=","RcmNx8wVMixS5mFHdBD!6tlBC3A=","UOC51rkPNQUEL0ImgAJuMHnug10=","tiW9!o2g3pSm1PYgSCfdhqOLtAw=","fceQk2Q9BrGJ1VNsdZ!AvC9SY!I=","yurDvkgJC0UbnxshEC6fc0bcxns=","aGc0AvwN19xawe9MDT1IbmM7lZU=","XczbG6rCA3VTSFDDQYkCpUbJhWE=","4bGzERv0l2FD96GDoxO725nYXok=","YoJKDCGSRxkV9KfVK7B+FZtgUe8=","u1oO4mJ9zF9h7HS7TEbWPInsRxw="],"DO7roVlJuuhbACHg8ysdkCgtM4E=":["PNddGXxVgM04um7MDf84b7pw3Oc="],"dqNOmrMLPkvMElcr!gYzeOuYuuo=":["xqa6uC1NWSzqBbagQxDoq2datWA="],"BIrpOWXcfHSiB1Nrmq!T0X4HMM0=":["l4fOlRnpqyXG57QyWi+JVIiGQjA=","QwXoXotx0CGQy727yDStA4B3Gbs=","+QRi9IRzKnrVe0ehyHRmusFogao=","BmdBYU3RN5hmReNXSzlFNnsrueo=","5YSb+vOZOMhfaO13buyAcFJMC2I=","7pLHSXJ30Qp7K8tgTxe5TwvfdUc=","kqsJeN+SYAmgtTk1l07MRgRXjfc="],"EwxHOVNvQuO9OG3nHG+0A7w4Omo=":["l4fOlRnpqyXG57QyWi+JVIiGQjA=","QwXoXotx0CGQy727yDStA4B3Gbs=","+QRi9IRzKnrVe0ehyHRmusFogao=","BXGYbaZs7hPBTZIqM798R5tAa6g=","QkhXvL1qEXQI2RFcix3aH!8xGlo=","kkFfX4lBoHBzWk6O9Xd+3QTytys=","Mvu7K4HyK6DsYZCcsSxbh4kCsU0=","OYcJYk6NA!z!3Swcok1CWxIDJus=","L+wOL4oxou1Goqp7sI6r7Q!sGOg=","GejHdU16O8a1UeBD64IoDNbc2O8=","BmdBYU3RN5hmReNXSzlFNnsrueo=","5YSb+vOZOMhfaO13buyAcFJMC2I=","7pLHSXJ30Qp7K8tgTxe5TwvfdUc=","kqsJeN+SYAmgtTk1l07MRgRXjfc="],"x4dPvpg!yyFlnW0br32vuAofyCU=":["l4fOlRnpqyXG57QyWi+JVIiGQjA=","QwXoXotx0CGQy727yDStA4B3Gbs=","QkhXvL1qEXQI2RFcix3aH!8xGlo=","Mvu7K4HyK6DsYZCcsSxbh4kCsU0=","L+wOL4oxou1Goqp7sI6r7Q!sGOg="],"KtGolv1fiheSo!YPUqOl54St0iY=":["l4fOlRnpqyXG57QyWi+JVIiGQjA=","BmdBYU3RN5hmReNXSzlFNnsrueo=","5YSb+vOZOMhfaO13buyAcFJMC2I="],"gtFO9pKEepKJNCJkf+R1K1iWEUw=":["l4fOlRnpqyXG57QyWi+JVIiGQjA=","QwXoXotx0CGQy727yDStA4B3Gbs=","+QRi9IRzKnrVe0ehyHRmusFogao=","vqc38ssBxxj1YgLdMl2vG4aBk34=","vZaFAJG+5vpR0T31nsgmFFwwU4E=","KAehnfe21qBQrxzcBDl230LnBas=","il53WPOj7yZ3Xiosy9AHDx!zmXc=","BXGYbaZs7hPBTZIqM798R5tAa6g=","QkhXvL1qEXQI2RFcix3aH!8xGlo=","kkFfX4lBoHBzWk6O9Xd+3QTytys=","Mvu7K4HyK6DsYZCcsSxbh4kCsU0=","OYcJYk6NA!z!3Swcok1CWxIDJus=","L+wOL4oxou1Goqp7sI6r7Q!sGOg=","GejHdU16O8a1UeBD64IoDNbc2O8=","BmdBYU3RN5hmReNXSzlFNnsrueo=","5YSb+vOZOMhfaO13buyAcFJMC2I=","7pLHSXJ30Qp7K8tgTxe5TwvfdUc=","kqsJeN+SYAmgtTk1l07MRgRXjfc="],"Cr8BjMTdCDDykR1q44JgM54gbSE=":["l4fOlRnpqyXG57QyWi+JVIiGQjA=","iB+!7cnd+CkW1mOyRcQ14cl2NXo=","aOW7lVeueOkm6IZNou1201JfsKQ=","oPCVOTXvLSmw0dIituEHDx6QYb8=","Nzj!+EbFpdJjdE26JF3Fw49LMMo="],"747L6F8c+aM4dnzYKG4OpBbRgns=":["l4fOlRnpqyXG57QyWi+JVIiGQjA="],"Ewy6wgIZuMt!h0eJLrTyiKHGsR8=":["QwXoXotx0CGQy727yDStA4B3Gbs="],"EfYa2RoaY6akGH!w4KS2HF9j9yk=":["zJFeisYp8w0Nse!qUSxIhyF9O8k=","0EC4BnwgLw4AdOVe1IXZWiXHsls=","MSU2I59e504kxj8wZbxZDlPL7eM=","au0lnYfgIXang4F9W+FncbjkN+c="],"HhBkaxCNzIBErW9PJiLpSdJXaW4=":["zJFeisYp8w0Nse!qUSxIhyF9O8k=","mTBeO!vIGSPtZhzJo0zz8xIdzeQ="],"QKavbYo+6Zqi9s5LvOmVUBWSUhs=":["zJFeisYp8w0Nse!qUSxIhyF9O8k="],"9JP1DbjOtGvo6Bni+caoF5YC6tY=":["+FruB9Up3dAr2lSmBQAPOCiZCiQ=","hqzcR4kVEkQPbfGseS1N7udFS6Y=","0zqL6CqgvxjGxc!3iQuOwqZnN3w=","icRPx!s6Yufv9CyzO1IrO!RFFRw=","FXC49gelAuz10QSrosH42ATRB3U=","qsMBeP3wPB1UEMdypYH5L99z5NA=","Ydwft3mUE!4PQZTplaY0LQfYzOg=","rB0F!ehvl4EHiHVtDpQKFodjzsU=","lZw9KtoZMBGMaszQdQ3EjPvicFQ=","Ww5ugiuN3pUk3FBaGIFqHRJIUT0=","MYyXAGDJgyLVKyzLLf2Y3sB54bo=","8z+GMbCNrkrbMds55oO8idACxkc=","3Q0HSTH8puQtPqy!jboLhrk04WY=","Y9JvrrIZjbCbtCgifFXNkBT3m4Q=","YEz3cPy0cQoJ6wLi0tuPhYWt2l4="],"CySdy75iJEPcv8D8kfQjHTUxIIs=":["+FruB9Up3dAr2lSmBQAPOCiZCiQ="],"FvTJLMju2AkcnXdWJVKCQUXPGoo=":["hqzcR4kVEkQPbfGseS1N7udFS6Y=","rQArtV!bkUw!U6hM6DtuIh+zlGs=","3aq8ia3H6VY76uvGQdP4hFtG7ig=","rLQSuKYlqImv74rlEq7EaS2sRHM=","AkEbrf+Afz6Wpw!g4CM6tpxB924=","4V+iKE3rI9Sc1!jsAd++6YeW7mA=","aOW7lVeueOkm6IZNou1201JfsKQ=","cyRhgR5o4GBNUT2Z2NZjgYVU06c=","SEawNajCvXA2ZMp6lfwqlQUm91U=","rA9Tbari0sdgknPOGl53IZrjtgo=","USQ4F4rW7ESDptMVDXR3kigzsOU=","VZOhwpFXeQ1Ztcc+hXquroP9GUg=","jcv4Uzi4ZHMmPdkYgqz60Xj9ejw=","rB0F!ehvl4EHiHVtDpQKFodjzsU=","ZsDohOTHJ0AZmR5cT7MWs7qW4xk=","ybsT3GG7HCItyOugV+NMcehfGxA=","!MT9cMUO6DoNY5IxFKVsdSDRa68=","OlVDSJ+u39z5AHFxdW898lIKDGk=","cmRAjww!46TOSU9WzCJa!WxjiEs=","iRPBCXpKA0lEWJvSJtNMtxKUnWU=","tgXYhhtgWOFCcOwmbhTu8+OcAho=","C592cMvctuWXIm!lT8MSWEIJk4I=","P2sSZ2Dl3JFiAGm0pLMfbrFEYvk=","qfpqLe1yzue1FAlOHYAH!yTEDvs=","2LhhAm4wSkwP3QMfJqhh94b3ZdU=","Kcj34wb1wI!IQaZ!ynzekoCw398=","KsM9k3zuyZv6C5pe2FriMgjWXy0=","9lFj1g8ssigaz5gNPL0aDgaMyBY=","Ww5ugiuN3pUk3FBaGIFqHRJIUT0=","TUGPCivlx2LR0lD4yi!wLeWT8WE=","MYyXAGDJgyLVKyzLLf2Y3sB54bo=","PXXxt8tBO6w08mWAtfefRkqQ1bQ=","8z+GMbCNrkrbMds55oO8idACxkc=","au0lnYfgIXang4F9W+FncbjkN+c=","3pG7QohzAQmYhWSxGW!mn3lxZf0=","byCVKbES5S2AN!jCgBkmKlsd+tQ=","eY0wbnX53zCQyCklhQMla3UfWdU=","o1X+37LwL3h3gbqBHqor4ibv0a0=","fexOA6aja8O76PXnEx2auR7WnoQ=","s89t7P9rCkYrfnqdzXsN7rd+Thk=","Y9JvrrIZjbCbtCgifFXNkBT3m4Q=","YEz3cPy0cQoJ6wLi0tuPhYWt2l4=","ce!jxNS40Jc2ITlrkGFPd2mSCMY=","XczbG6rCA3VTSFDDQYkCpUbJhWE=","!qK!GFY8TZQ9Xh+t!H5vpjEuF9U=","5!Hfw1O029eGmM3lQBnS9MHCu5E="],"+DjH2+mPa7FRg9Et!NIYdmAKJ+U=":["hqzcR4kVEkQPbfGseS1N7udFS6Y=","sRbLhFbvYt0mP+oKPm9fwSzikqU="],"fcNdYdIqs0DUuTAmQY8AX1i82ho=":["hqzcR4kVEkQPbfGseS1N7udFS6Y="],"IiOF6GUrv+Tj4mFMFTpmMz6N!Uc=":["F+TzdW3WvIhkovLGws!0Jea9+0M=","i20rTsrqLZgozpH43Fl0zgMx7Jo=","+MnMQzSNR4tlWoInH2RRoXruKOw=","9fRDWommgYNy96OmR3PSbWyB6Rk=","iB+!7cnd+CkW1mOyRcQ14cl2NXo=","9IqMXRp1FCF4UyaZRMk6b8xX92g=","Ydwft3mUE!4PQZTplaY0LQfYzOg=","RSlJTfPF99PwkP3JCNp2+fDHuz0=","HQUuJ24bF0nkYobQ0tjRvPsUTsU=","WYve6mHx6vQcC1ME78b5RFvoWNU=","s89t7P9rCkYrfnqdzXsN7rd+Thk=","I3pZ68y3+Y8Q7hVDK1fvjJGk8Hc="],"Tnotefd0LXqdDTba9ZdAa88p6TU=":["F+TzdW3WvIhkovLGws!0Jea9+0M=","Lao7KI0BdriDW!Hm6xK+FQ95wew=","fciaalDPwevSFffExHAr00YfZSA="],"WC+U!Ua+7e5peU8SPd1sT000vkI=":["F+TzdW3WvIhkovLGws!0Jea9+0M=","Lao7KI0BdriDW!Hm6xK+FQ95wew=","fciaalDPwevSFffExHAr00YfZSA=","rA9Tbari0sdgknPOGl53IZrjtgo="],"uJc4pp4UunF7TNrQmfHa!pAcKzk=":["F+TzdW3WvIhkovLGws!0Jea9+0M=","Lao7KI0BdriDW!Hm6xK+FQ95wew=","fciaalDPwevSFffExHAr00YfZSA=","fexOA6aja8O76PXnEx2auR7WnoQ="],"BLSQzuabCD290aSXgjFkj4rnIE4=":["F+TzdW3WvIhkovLGws!0Jea9+0M="],"zHk0NbxqCR4Jikl6bihTARmIzCA=":["mWtTEw7OispScnxSnuFijF98!pU=","t+FBQnrIoGYSNqeku9vnYr6+!wk="],"+AUzZri4wsmvb2J20tKyrlVe+NQ=":["mWtTEw7OispScnxSnuFijF98!pU=","t+FBQnrIoGYSNqeku9vnYr6+!wk="],"hfBPXxgy+oB06b!3IJ3hHfT7FZ4=":["mWtTEw7OispScnxSnuFijF98!pU=","t+FBQnrIoGYSNqeku9vnYr6+!wk=","0zqL6CqgvxjGxc!3iQuOwqZnN3w="],"Rat7z1eewi5tU40jLQ99wDI5UnA=":["mWtTEw7OispScnxSnuFijF98!pU="],"2rFQGQcI2!YoP0JIgu4u6n!BVUs=":["t+FBQnrIoGYSNqeku9vnYr6+!wk=","Lao7KI0BdriDW!Hm6xK+FQ95wew=","vgTYpv5t5b1TqWb3UF0N1RrQf3Y=","fciaalDPwevSFffExHAr00YfZSA=","XaWg8ts0iIKoYsS8!r1gFuddUC0="],"KOZ4bpcF7b1yrAZFk+kvwqLewJ4=":["t+FBQnrIoGYSNqeku9vnYr6+!wk="],"e6vcIKYD2hozOG!DcU+C0A1LEMc=":["0zqL6CqgvxjGxc!3iQuOwqZnN3w="],"hbcKDRxBgmtjtA5V7c6a9z7rzIM=":["rQArtV!bkUw!U6hM6DtuIh+zlGs=","rLQSuKYlqImv74rlEq7EaS2sRHM=","AkEbrf+Afz6Wpw!g4CM6tpxB924=","9fRDWommgYNy96OmR3PSbWyB6Rk=","GlfSCAAk1cq34mMi6tAOyBsAdJA=","cyRhgR5o4GBNUT2Z2NZjgYVU06c=","FXC49gelAuz10QSrosH42ATRB3U=","SEawNajCvXA2ZMp6lfwqlQUm91U=","VZOhwpFXeQ1Ztcc+hXquroP9GUg=","jcv4Uzi4ZHMmPdkYgqz60Xj9ejw=","rB0F!ehvl4EHiHVtDpQKFodjzsU=","owD3kJfV1EdFDrEj2dKa7nlwpik=","8z+GMbCNrkrbMds55oO8idACxkc=","au0lnYfgIXang4F9W+FncbjkN+c=","CFKumMUeeTxx5y8VB!2T7jXdVBQ=","5APkdHSxXTkSTaKLL6uvhsC8HVs=","CDScy6XlW+wfDhjpZ4M05fLnTfQ=","BeA336Omit5hKyw!XBOSBPUifh8=","3pG7QohzAQmYhWSxGW!mn3lxZf0=","sRbLhFbvYt0mP+oKPm9fwSzikqU="],"EY4wSOnJY+m0REFemGyx7K3cfDw=":["rQArtV!bkUw!U6hM6DtuIh+zlGs=","rLQSuKYlqImv74rlEq7EaS2sRHM=","AkEbrf+Afz6Wpw!g4CM6tpxB924=","9fRDWommgYNy96OmR3PSbWyB6Rk=","8z+GMbCNrkrbMds55oO8idACxkc=","au0lnYfgIXang4F9W+FncbjkN+c=","CFKumMUeeTxx5y8VB!2T7jXdVBQ=","CDScy6XlW+wfDhjpZ4M05fLnTfQ="],"3SATByHGH7Ps09yZKzy6lWLj+g4=":["rQArtV!bkUw!U6hM6DtuIh+zlGs=","AkEbrf+Afz6Wpw!g4CM6tpxB924=","9fRDWommgYNy96OmR3PSbWyB6Rk=","MSU2I59e504kxj8wZbxZDlPL7eM=","au0lnYfgIXang4F9W+FncbjkN+c=","CFKumMUeeTxx5y8VB!2T7jXdVBQ=","5APkdHSxXTkSTaKLL6uvhsC8HVs="],"kwgKfKhWrcV8jd9nZoHUWFGBTHo=":["rQArtV!bkUw!U6hM6DtuIh+zlGs="],"n+NQgo0MEsaFIEWtsTpXCxwfhfA=":["i20rTsrqLZgozpH43Fl0zgMx7Jo=","xCac169VqGoOJvz4mYEZoLKhN4A=","VdVlDTMw+u3TPEhMYJy6+eIYPDU=","icRPx!s6Yufv9CyzO1IrO!RFFRw=","T+wGsHLBfQ2Ed7kTVEXt85K6ENA=","FXC49gelAuz10QSrosH42ATRB3U=","SEawNajCvXA2ZMp6lfwqlQUm91U=","jcv4Uzi4ZHMmPdkYgqz60Xj9ejw=","RSlJTfPF99PwkP3JCNp2+fDHuz0=","p+1+kKoBePHwa6IvFWiDkHpqrFY="],"3k087PJFcY4QtF5GXGJDV6T5Z9w=":["i20rTsrqLZgozpH43Fl0zgMx7Jo=","3aq8ia3H6VY76uvGQdP4hFtG7ig=","hfp9rCjlmg0uOvOWGNzonCWUAZ8=","+MnMQzSNR4tlWoInH2RRoXruKOw=","aOW7lVeueOkm6IZNou1201JfsKQ="],"Ummwu3WoIyqTOIUDPf2XnpqZeOc=":["i20rTsrqLZgozpH43Fl0zgMx7Jo="],"OW36N3GolZYlfFohz!AbCpYYB48=":["i20rTsrqLZgozpH43Fl0zgMx7Jo=","uVkC+9wJuUrSmEviyC!xCfW0Scc=","hfp9rCjlmg0uOvOWGNzonCWUAZ8="],"Z0Sub2RwcIFR0wVloK5E7AcWzdk=":["5u0EMniqJyBJi8I+LVJyxRKO26Y=","3aq8ia3H6VY76uvGQdP4hFtG7ig=","lmg7oDOPTcJM1hUXgdymxeaRYYQ=","ZlvrhXhA10X2y5m1BKtsDlMhA6w=","1ymX7BCii1tZ4wu7zDEPJksc7u8=","RZfetHqZOrsQI0gC3LpfrHjdL7U=","QBXoNztTcV!Rhiel5bhxIcJdDdU=","PnJSOwxTT66QKCte7qG+jzK7GQs=","pmxlmmyt9u25dy8s+MLZRqZP95E=","wFnSPVxMoWycWoDQrqAiDti5nzQ=","9zMxnPkJ6Oi6AFiO1uHgNFO2ILs=","qsMBeP3wPB1UEMdypYH5L99z5NA=","USQ4F4rW7ESDptMVDXR3kigzsOU=","VZOhwpFXeQ1Ztcc+hXquroP9GUg="],"XhQDifJ5!P7KzOi!z9XWwXfz8gw=":["5u0EMniqJyBJi8I+LVJyxRKO26Y=","pmxlmmyt9u25dy8s+MLZRqZP95E=","Ww5ugiuN3pUk3FBaGIFqHRJIUT0="],"KnvY98rlCoJqasuEFVKlqWKJJo0=":["5u0EMniqJyBJi8I+LVJyxRKO26Y="],"CK4D5ltVYWc6xoFSndJVItqFrU4=":["3aq8ia3H6VY76uvGQdP4hFtG7ig=","uVkC+9wJuUrSmEviyC!xCfW0Scc=","Cn+nFHu!JFqmuydSduBy1UjEpeY=","8hAeC!sAzMz9aBuKCQBCESSJ0Jw=","p+1+kKoBePHwa6IvFWiDkHpqrFY=","BiKfD2b9B1WlxHYY29leOlvztSo="],"!Cdm3d7ESsjbcPnsHwN!HIvoHoI=":["3aq8ia3H6VY76uvGQdP4hFtG7ig="],"2cmxVx+2cLVR2+yD+pxYJXfxZdk=":["lmg7oDOPTcJM1hUXgdymxeaRYYQ=","xCac169VqGoOJvz4mYEZoLKhN4A=","ZlvrhXhA10X2y5m1BKtsDlMhA6w=","SEawNajCvXA2ZMp6lfwqlQUm91U="],"HUYTrr2M53rxmKl7GesK+Wpn3aE=":["lmg7oDOPTcJM1hUXgdymxeaRYYQ=","xCac169VqGoOJvz4mYEZoLKhN4A=","FOeCZMPoH36!8TiC4d22d6LZ!2Q="],"!PUmJDlTzw8EsKbE7YKJ9rELYR0=":["lmg7oDOPTcJM1hUXgdymxeaRYYQ=","xCac169VqGoOJvz4mYEZoLKhN4A="],"JIcUF2AG3!qC9YlqZlgNaoJin2g=":["lmg7oDOPTcJM1hUXgdymxeaRYYQ=","xCac169VqGoOJvz4mYEZoLKhN4A="],"jlw5Kum!PJJnohqxwEoPnHGtT8E=":["lmg7oDOPTcJM1hUXgdymxeaRYYQ="],"8dfIyHyLxV40xYQ9RpyuudhPC7A=":["xCac169VqGoOJvz4mYEZoLKhN4A="],"D25BCyKXnRUvwdT4PCDKd4qjIkY=":["uVkC+9wJuUrSmEviyC!xCfW0Scc="],"YyWxxVsrEpYV7Pr7IontseiUpC8=":["VdVlDTMw+u3TPEhMYJy6+eIYPDU="],"HWhIMmsrZrgxJ!mVAMCe4ljYX4w=":["VdVlDTMw+u3TPEhMYJy6+eIYPDU=","icRPx!s6Yufv9CyzO1IrO!RFFRw=","Cn+nFHu!JFqmuydSduBy1UjEpeY=","ZlvrhXhA10X2y5m1BKtsDlMhA6w=","1ymX7BCii1tZ4wu7zDEPJksc7u8=","QBXoNztTcV!Rhiel5bhxIcJdDdU=","qsMBeP3wPB1UEMdypYH5L99z5NA=","YlQLATZHBfWGfiNj0pJDAoKd+Mg="],"bSFBh4xEtD+NQO7YPK6pakxUlsU=":["hfp9rCjlmg0uOvOWGNzonCWUAZ8=","Lao7KI0BdriDW!Hm6xK+FQ95wew=","wRjPxKgOJv35oAY!Zuhk9osdR00=","aOW7lVeueOkm6IZNou1201JfsKQ=","USQ4F4rW7ESDptMVDXR3kigzsOU=","Vyzh4oc3PLK90kA!5aacu1QmKdk=","pHX8OgG17v7a7jAOGld13HE4KWY=","MiHeZkfhBtEzJ47tREzWpkle0aE=","aqHYfdWKBEzsAxDpo5VNYhU8jcs=","fdwLeHSNBQm0cgfhd2TZYzy0qGY=","GOlv8Y0fTlp72QRn6Hc7ZcHtul0=","jahUAfwYlaRk2q9O+dVZzO32sxI=","MloBs6ImDLGx!+8xraIMI5d8J8o=","glodVI75aus4ydd4dXu72ypdgFs=","cmRAjww!46TOSU9WzCJa!WxjiEs="],"DD6TmHwmCQRw82YRrPnVfRVi1Xk=":["hfp9rCjlmg0uOvOWGNzonCWUAZ8=","Lao7KI0BdriDW!Hm6xK+FQ95wew=","MiHeZkfhBtEzJ47tREzWpkle0aE=","aqHYfdWKBEzsAxDpo5VNYhU8jcs=","fdwLeHSNBQm0cgfhd2TZYzy0qGY=","GOlv8Y0fTlp72QRn6Hc7ZcHtul0=","jahUAfwYlaRk2q9O+dVZzO32sxI="],"vm4QkMIhZeg4XKtHlxFaTUUB3Q4=":["hfp9rCjlmg0uOvOWGNzonCWUAZ8="],"vgx0E+y5qEWLWh7Y70WwwZHI0wQ=":["Lao7KI0BdriDW!Hm6xK+FQ95wew=","E!4H2phLBh5XxES1vpkoBnT78nc=","fciaalDPwevSFffExHAr00YfZSA=","ZGwpbWPzglCF152fZc1TTRugyf8="],"het6TcRAz0GdkiqnXIxp7NrUgmM=":["Lao7KI0BdriDW!Hm6xK+FQ95wew=","fciaalDPwevSFffExHAr00YfZSA="],"KgwK9c!krJrJIJglQBMJH1wk!tM=":["Lao7KI0BdriDW!Hm6xK+FQ95wew=","E!4H2phLBh5XxES1vpkoBnT78nc="],"a4tJq3KuNyxpsFqrvlC08DHgxTo=":["Lao7KI0BdriDW!Hm6xK+FQ95wew="],"Pz!HzIwW3dnrPSNXXN9QxIDJ+ec=":["IWIZ+OzjoGe8WaxZJAdAlduTeM4=","d3ixPRFLYHKzY7e581cFhJ8Jc9c="],"jAccnsaG6aNkeYRStKGY1utN+ok=":["IWIZ+OzjoGe8WaxZJAdAlduTeM4=","Itj+h3TzfFt3ldO1pLrQ!ARbE+Q=","oPCVOTXvLSmw0dIituEHDx6QYb8=","VZryWUOa+ybEjr9618s5GzdSCUg=","nvPEYF5ecfCgeZtz0b79BJc10hQ=","LVC3ZXEQXBybzsWEU7IvtweguLk="],"i0GRkmH8zZe2glnCSMWShdBGNGk=":["IWIZ+OzjoGe8WaxZJAdAlduTeM4=","SakDlOFO6qrtJ+MLRo5w8kneKJo=","VZryWUOa+ybEjr9618s5GzdSCUg=","nvPEYF5ecfCgeZtz0b79BJc10hQ=","8hAeC!sAzMz9aBuKCQBCESSJ0Jw=","LVC3ZXEQXBybzsWEU7IvtweguLk=","mcVUqqKpbsQ+ggBiFMEdX4yO41k=","yurDvkgJC0UbnxshEC6fc0bcxns="],"ErrudH+ernI9euZWn+NSpzpVo2c=":["IWIZ+OzjoGe8WaxZJAdAlduTeM4=","nvPEYF5ecfCgeZtz0b79BJc10hQ=","d3ixPRFLYHKzY7e581cFhJ8Jc9c=","6r5dv6vTx5ikW7QOcqFPcRR76as="],"aa1GPRG7npF25lScvgiKSAso25c=":["IWIZ+OzjoGe8WaxZJAdAlduTeM4=","6JkYgguOk4ahjustmu+cUJFiRQo=","nvPEYF5ecfCgeZtz0b79BJc10hQ=","d3ixPRFLYHKzY7e581cFhJ8Jc9c=","6r5dv6vTx5ikW7QOcqFPcRR76as=","ga0oa7cCrYlEwXsOlBYpyXOntzo=","qOYDTIPmm0B66OPOalImMLiTUn8=","kyhLLd4oc2OpM5ubMWEu5Qhj!9A=","BCGpoj3t4PQxeSczpaJJG0LDrwY="],"hPzmMuJQfkyzSHLSKJzZ4eL47Ds=":["IWIZ+OzjoGe8WaxZJAdAlduTeM4="],"zTKiidypycqfHRDKRf9hzABOLXA=":["lbaKvAG9cUEWUD+R5mUaCRNcMZQ=","QBXoNztTcV!Rhiel5bhxIcJdDdU=","iB+!7cnd+CkW1mOyRcQ14cl2NXo=","YvWgAC94G8KyYtHNc05dRpKTs08=","Y6wme1ToTKy1eQKkDAvK3zOk9dk=","HQUuJ24bF0nkYobQ0tjRvPsUTsU=","nvPEYF5ecfCgeZtz0b79BJc10hQ=","8hAeC!sAzMz9aBuKCQBCESSJ0Jw=","p+1+kKoBePHwa6IvFWiDkHpqrFY=","0EC4BnwgLw4AdOVe1IXZWiXHsls="],"fKS2990Vo6!xja0Y5ICx4bQ!Tvc=":["lbaKvAG9cUEWUD+R5mUaCRNcMZQ="],"1h70uP2tjh8v7WnkenisadsaXDg=":["Itj+h3TzfFt3ldO1pLrQ!ARbE+Q=","SakDlOFO6qrtJ+MLRo5w8kneKJo=","VZryWUOa+ybEjr9618s5GzdSCUg=","nvPEYF5ecfCgeZtz0b79BJc10hQ=","mcVUqqKpbsQ+ggBiFMEdX4yO41k=","6r5dv6vTx5ikW7QOcqFPcRR76as=","yurDvkgJC0UbnxshEC6fc0bcxns="],"QhI70xokMynK9ElJuTSInFhEwqM=":["Itj+h3TzfFt3ldO1pLrQ!ARbE+Q="],"ySbJj9Qwpbtbrc126sSSeJUqgR8=":["JZFBz0qr62NWGTfmWnffmavVxiQ=","WEn8q7V9nT!rthk0Xc+MijAm06c=","8hAeC!sAzMz9aBuKCQBCESSJ0Jw=","p+1+kKoBePHwa6IvFWiDkHpqrFY="],"e4Vbfdq4pSzlNtMXVaDz37O5w9Q=":["JZFBz0qr62NWGTfmWnffmavVxiQ=","S5VzSUJQK44M4oJitKjfsoTgt1Q=","tgXYhhtgWOFCcOwmbhTu8+OcAho=","C592cMvctuWXIm!lT8MSWEIJk4I="],"EkksT1r1YczfTYRMM6DlLOIhKv8=":["JZFBz0qr62NWGTfmWnffmavVxiQ=","S5VzSUJQK44M4oJitKjfsoTgt1Q=","OlVDSJ+u39z5AHFxdW898lIKDGk=","2x3qA!i1nMAh4IQ2MP1sSOyvme4="],"47rfRi!gFR7Ci2v1SSJtLrBcfOc=":["JZFBz0qr62NWGTfmWnffmavVxiQ="],"KTo0tMpKP53j+pT8QcdPvBzJM6A=":["S5VzSUJQK44M4oJitKjfsoTgt1Q=","mTBeO!vIGSPtZhzJo0zz8xIdzeQ=","GlfSCAAk1cq34mMi6tAOyBsAdJA=","4V+iKE3rI9Sc1!jsAd++6YeW7mA=","cyRhgR5o4GBNUT2Z2NZjgYVU06c=","ybsT3GG7HCItyOugV+NMcehfGxA=","u!z!pVZqCMDQvOWIzXAWgSZwy3k=","2x3qA!i1nMAh4IQ2MP1sSOyvme4=","sRbLhFbvYt0mP+oKPm9fwSzikqU="],"HAvAh2ZJIBCHvPyPBx19xvp9RBk=":["S5VzSUJQK44M4oJitKjfsoTgt1Q="],"jPWxXE8W0YYo1Y7mgDyxaNpvzBc=":["6JkYgguOk4ahjustmu+cUJFiRQo=","vZaFAJG+5vpR0T31nsgmFFwwU4E=","qOYDTIPmm0B66OPOalImMLiTUn8=","BXGYbaZs7hPBTZIqM798R5tAa6g=","QkhXvL1qEXQI2RFcix3aH!8xGlo=","kyhLLd4oc2OpM5ubMWEu5Qhj!9A=","BCGpoj3t4PQxeSczpaJJG0LDrwY=","kkFfX4lBoHBzWk6O9Xd+3QTytys=","Mvu7K4HyK6DsYZCcsSxbh4kCsU0="],"63XOdOUfxTIVcurolJGWUpbHIO4=":["6JkYgguOk4ahjustmu+cUJFiRQo="],"EilJvqLZiT5VPMt!8kWx+eRiAzY=":["SakDlOFO6qrtJ+MLRo5w8kneKJo=","vqc38ssBxxj1YgLdMl2vG4aBk34=","yurDvkgJC0UbnxshEC6fc0bcxns="],"7OlhPXAltaMHdgx9tnmx8r6L6q8=":["SakDlOFO6qrtJ+MLRo5w8kneKJo="],"1X+opiwKknFLuppDw+jlcnI3ayg=":["OcF7NKoNK9iH9oXpPRxCPJOcqH4=","fceQk2Q9BrGJ1VNsdZ!AvC9SY!I="],"U767ToLI50ByvcSdoXT8fCwrHno=":["OcF7NKoNK9iH9oXpPRxCPJOcqH4=","rsd5OTDV73+IxrP7HNLMurCYaRQ=","ga0oa7cCrYlEwXsOlBYpyXOntzo=","iC1N99fh3DNmfoWniymqLUmNnXQ=","uX6OHtdKqFGBtr3ZUsci2jE+Qtw=","RDlB4oxpxkBLeI2Z1gnLc0s3IdU=","fceQk2Q9BrGJ1VNsdZ!AvC9SY!I=","yurDvkgJC0UbnxshEC6fc0bcxns="],"afB3NRjcR7itdZZ3rL0uTvi6BoM=":["OcF7NKoNK9iH9oXpPRxCPJOcqH4=","3+8cdkKx!lqFeuWNGcO+x4kWVsY=","XZ8dHMxMyL7NiKCGAgzDaqKsPL0=","QqxjPCTQkYRZpNXxa!v6+EID1Eo=","yRAXx7T09EN8A7723lQeqUOayAo=","iC1N99fh3DNmfoWniymqLUmNnXQ=","uX6OHtdKqFGBtr3ZUsci2jE+Qtw=","c!GkI9Dy1MmFINW0DrIYjTYsPhM=","aaP1ttcYJUuoasY+gneqidgM2lw=","RcmNx8wVMixS5mFHdBD!6tlBC3A=","UOC51rkPNQUEL0ImgAJuMHnug10=","tiW9!o2g3pSm1PYgSCfdhqOLtAw=","RDlB4oxpxkBLeI2Z1gnLc0s3IdU=","fceQk2Q9BrGJ1VNsdZ!AvC9SY!I="],"F+ITLYmuKVprcHNX3Do9!6TjSME=":["OcF7NKoNK9iH9oXpPRxCPJOcqH4="],"t1fHmw9Q6V4EvnKzu+aQg+ppMIg=":["rsd5OTDV73+IxrP7HNLMurCYaRQ=","uX6OHtdKqFGBtr3ZUsci2jE+Qtw=","gP87rKIiTMmup0K8ygTAxZ!A9vQ=","RDlB4oxpxkBLeI2Z1gnLc0s3IdU="],"KhlQM95CWHOrzjl0MLIzokxGwRs=":["rsd5OTDV73+IxrP7HNLMurCYaRQ=","RDlB4oxpxkBLeI2Z1gnLc0s3IdU="],"5VyCul2l+IiXCbZaGDxWhPoEQAQ=":["rsd5OTDV73+IxrP7HNLMurCYaRQ=","ZEVCSMHdftW!A3ppSGsrRDGW!jU=","KgQBEVyQlwmXFr1fac0TUgU2Pfw=","gP87rKIiTMmup0K8ygTAxZ!A9vQ=","RDlB4oxpxkBLeI2Z1gnLc0s3IdU="],"pRh5f8n!CWRA9ohAm2X06jlL05Q=":["rsd5OTDV73+IxrP7HNLMurCYaRQ="],"aS3rmBhBQxsF4rSun8fc+LOMOSI=":["3+8cdkKx!lqFeuWNGcO+x4kWVsY=","KAehnfe21qBQrxzcBDl230LnBas=","il53WPOj7yZ3Xiosy9AHDx!zmXc=","aaP1ttcYJUuoasY+gneqidgM2lw=","OYcJYk6NA!z!3Swcok1CWxIDJus=","L+wOL4oxou1Goqp7sI6r7Q!sGOg=","RcmNx8wVMixS5mFHdBD!6tlBC3A=","UOC51rkPNQUEL0ImgAJuMHnug10=","tiW9!o2g3pSm1PYgSCfdhqOLtAw=","GejHdU16O8a1UeBD64IoDNbc2O8="],"ONNd0ut3JdJiX8pPBo5ZurlZg+U=":["3+8cdkKx!lqFeuWNGcO+x4kWVsY="],"Go0kcW7h1dEm6tpUm2MNqGhTU70=":["UA4SWRMuNwHAjwMbHLV+9q05Cno="],"lhF2BXUWvo0hcPpINZLndM6N1M8=":["+MnMQzSNR4tlWoInH2RRoXruKOw="],"JImlE6xJcnKfLcvjdhPAo4XUHIo=":["rLQSuKYlqImv74rlEq7EaS2sRHM=","rZnB58n5wlmnsLZRnS3YRqym4V4=","9lFj1g8ssigaz5gNPL0aDgaMyBY=","TUGPCivlx2LR0lD4yi!wLeWT8WE=","au0lnYfgIXang4F9W+FncbjkN+c=","CFKumMUeeTxx5y8VB!2T7jXdVBQ="],"qgZHx8rZqgqGCM9pglfTuJYEUm0=":["rLQSuKYlqImv74rlEq7EaS2sRHM="],"h2lt528ZluRh7ArxCPAAoiGgI9E=":["rLQSuKYlqImv74rlEq7EaS2sRHM=","9fRDWommgYNy96OmR3PSbWyB6Rk=","cyRhgR5o4GBNUT2Z2NZjgYVU06c=","USQ4F4rW7ESDptMVDXR3kigzsOU=","jcv4Uzi4ZHMmPdkYgqz60Xj9ejw=","CFKumMUeeTxx5y8VB!2T7jXdVBQ=","CDScy6XlW+wfDhjpZ4M05fLnTfQ=","BeA336Omit5hKyw!XBOSBPUifh8="],"8rUomgzlfsnU1nu1V!LWGc9tZZQ=":["rLQSuKYlqImv74rlEq7EaS2sRHM=","QBXoNztTcV!Rhiel5bhxIcJdDdU=","PnJSOwxTT66QKCte7qG+jzK7GQs=","pmxlmmyt9u25dy8s+MLZRqZP95E=","YlQLATZHBfWGfiNj0pJDAoKd+Mg=","PXXxt8tBO6w08mWAtfefRkqQ1bQ=","8z+GMbCNrkrbMds55oO8idACxkc=","3pG7QohzAQmYhWSxGW!mn3lxZf0="],"dbkz0NEAGShUdWlS5OIQIBgueFQ=":["AkEbrf+Afz6Wpw!g4CM6tpxB924=","Ww5ugiuN3pUk3FBaGIFqHRJIUT0=","TUGPCivlx2LR0lD4yi!wLeWT8WE=","PXXxt8tBO6w08mWAtfefRkqQ1bQ=","CDScy6XlW+wfDhjpZ4M05fLnTfQ="],"MSFpmee6yIwd!JCj6rsAXsJOnJw=":["AkEbrf+Afz6Wpw!g4CM6tpxB924="],"t0o14VIRqpTfFUcfLbzapmdOfKE=":["9fRDWommgYNy96OmR3PSbWyB6Rk="],"JyZCxBLBVw5qCRfY9MawX4mwdVk=":["icRPx!s6Yufv9CyzO1IrO!RFFRw="],"nO9RxO3ktSM!92UgYFpz0DK863U=":["icRPx!s6Yufv9CyzO1IrO!RFFRw=","FXC49gelAuz10QSrosH42ATRB3U=","qsMBeP3wPB1UEMdypYH5L99z5NA=","YlQLATZHBfWGfiNj0pJDAoKd+Mg=","VZOhwpFXeQ1Ztcc+hXquroP9GUg=","ybsT3GG7HCItyOugV+NMcehfGxA="],"yY8GdTd5K71xhIIYZIuGoaq3Unk=":["icRPx!s6Yufv9CyzO1IrO!RFFRw=","SEawNajCvXA2ZMp6lfwqlQUm91U=","MYyXAGDJgyLVKyzLLf2Y3sB54bo="],"EdUucdvrlX51DgbgbSXo0jVy6H8=":["icRPx!s6Yufv9CyzO1IrO!RFFRw=","1ymX7BCii1tZ4wu7zDEPJksc7u8=","T+wGsHLBfQ2Ed7kTVEXt85K6ENA=","QBXoNztTcV!Rhiel5bhxIcJdDdU=","PnJSOwxTT66QKCte7qG+jzK7GQs=","dQnVgBmnRL+PgYSmjs26XMxiKec=","bPn+uFv5gO3+YDyXkxAk3mN!1Bk="],"CXHDA77h9pdLNTza6ejtZJdIOQk=":["Cn+nFHu!JFqmuydSduBy1UjEpeY=","BZ05YwwdXGfkcbZCZeME62nH9SE=","rZnB58n5wlmnsLZRnS3YRqym4V4=","9lFj1g8ssigaz5gNPL0aDgaMyBY="],"uXDbyDaKA7BFfvQoQ3fStcpoAhs=":["Cn+nFHu!JFqmuydSduBy1UjEpeY="],"9u7YyHOF4zBq9UqXISLD3lGVzjY=":["ZlvrhXhA10X2y5m1BKtsDlMhA6w="],"kAMjAaxVmbU!I2Nftama!CfZzP0=":["1ymX7BCii1tZ4wu7zDEPJksc7u8="],"Z9+VdgzcLhlxcyho0p6zRKCz1Os=":["1ymX7BCii1tZ4wu7zDEPJksc7u8=","9zMxnPkJ6Oi6AFiO1uHgNFO2ILs=","XlUXGdm7nZSLSwdnol2AVqGLvG4=","bPn+uFv5gO3+YDyXkxAk3mN!1Bk="],"Ii7lTlnPt9sWeF4aUqi6S1nJzZc=":["kYgjQX04ecI5jLXKObnK70gL9Zg=","32CO!yWnT6JzdcgliAzaVNzA+sI=","9lFj1g8ssigaz5gNPL0aDgaMyBY=","VP3o0IV4RwFlKUjhl7VVUtbBV4E=","3Q0HSTH8puQtPqy!jboLhrk04WY=","byCVKbES5S2AN!jCgBkmKlsd+tQ=","eY0wbnX53zCQyCklhQMla3UfWdU=","XaWg8ts0iIKoYsS8!r1gFuddUC0=","5!Hfw1O029eGmM3lQBnS9MHCu5E=","I3pZ68y3+Y8Q7hVDK1fvjJGk8Hc="],"Oin0wR!l3KnbN+qubesAiLEV5JU=":["kYgjQX04ecI5jLXKObnK70gL9Zg=","32CO!yWnT6JzdcgliAzaVNzA+sI=","VP3o0IV4RwFlKUjhl7VVUtbBV4E=","3Q0HSTH8puQtPqy!jboLhrk04WY=","5!Hfw1O029eGmM3lQBnS9MHCu5E=","I3pZ68y3+Y8Q7hVDK1fvjJGk8Hc="],"!Noysw+9!5cTs9!QNeSO4TgwpC0=":["kYgjQX04ecI5jLXKObnK70gL9Zg="],"djlNnkgMKfrSriyb7uHYBb+7HQE=":["BZ05YwwdXGfkcbZCZeME62nH9SE=","rZnB58n5wlmnsLZRnS3YRqym4V4="],"JIrbF07iZtE9hvFgOTnN9!pFcYc=":["BZ05YwwdXGfkcbZCZeME62nH9SE="],"!h7YF0opNvI3zzqjjWqOp11z3nU=":["rZnB58n5wlmnsLZRnS3YRqym4V4="],"fHgWw9b0Fmo8Vt66YLjy8rtJzZw=":["32CO!yWnT6JzdcgliAzaVNzA+sI=","5APkdHSxXTkSTaKLL6uvhsC8HVs="],"T9BFkYXMb6+KcktSxr43Xsadjvk=":["32CO!yWnT6JzdcgliAzaVNzA+sI="],"RG1n83lPBZL8ihEQIRlG9m71IoI=":["T+wGsHLBfQ2Ed7kTVEXt85K6ENA="],"2eSBxFCPddw2qGb7KvVBwZ6oM9A=":["wRjPxKgOJv35oAY!Zuhk9osdR00=","OlVDSJ+u39z5AHFxdW898lIKDGk=","MiHeZkfhBtEzJ47tREzWpkle0aE=","aqHYfdWKBEzsAxDpo5VNYhU8jcs=","GOlv8Y0fTlp72QRn6Hc7ZcHtul0=","jahUAfwYlaRk2q9O+dVZzO32sxI=","MloBs6ImDLGx!+8xraIMI5d8J8o=","glodVI75aus4ydd4dXu72ypdgFs=","iRPBCXpKA0lEWJvSJtNMtxKUnWU=","tgXYhhtgWOFCcOwmbhTu8+OcAho=","qfpqLe1yzue1FAlOHYAH!yTEDvs="],"+qmTEhreTjamh4+vEdtQb+x33BI=":["wRjPxKgOJv35oAY!Zuhk9osdR00="],"LqdLMPEaDLIzxwYlFFm368BMWfo=":["9Hy6KGXNOC7jFL61WmJAyLosUZ4="],"SnIAHjOya8RfTGOP1D7bpJQ48Js=":["mTBeO!vIGSPtZhzJo0zz8xIdzeQ=","cyRhgR5o4GBNUT2Z2NZjgYVU06c=","OlVDSJ+u39z5AHFxdW898lIKDGk=","CDScy6XlW+wfDhjpZ4M05fLnTfQ=","3pG7QohzAQmYhWSxGW!mn3lxZf0="],"jYyahrbh1E6I5w64sWROwLJlj9U=":["mTBeO!vIGSPtZhzJo0zz8xIdzeQ="],"7HtWn9!6TPjp9KNTeesSIzBJIEk=":["mTBeO!vIGSPtZhzJo0zz8xIdzeQ=","MSU2I59e504kxj8wZbxZDlPL7eM=","2x3qA!i1nMAh4IQ2MP1sSOyvme4="],"FdsktS4PF6weKKsNK95KvFPCeuk=":["RZfetHqZOrsQI0gC3LpfrHjdL7U=","OlVDSJ+u39z5AHFxdW898lIKDGk=","2x3qA!i1nMAh4IQ2MP1sSOyvme4="],"KoHronhvCfgC4k2!nPey60zulzA=":["RZfetHqZOrsQI0gC3LpfrHjdL7U="],"6Ll1JND8!c2pqsIOLz8jDsp8pho=":["RZfetHqZOrsQI0gC3LpfrHjdL7U=","ZGwpbWPzglCF152fZc1TTRugyf8=","0EC4BnwgLw4AdOVe1IXZWiXHsls=","sRbLhFbvYt0mP+oKPm9fwSzikqU=","YEz3cPy0cQoJ6wLi0tuPhYWt2l4="],"4dpILQ4ZVAXYI1TNnnIjFkbgrEE=":["vgTYpv5t5b1TqWb3UF0N1RrQf3Y=","GlfSCAAk1cq34mMi6tAOyBsAdJA=","4V+iKE3rI9Sc1!jsAd++6YeW7mA=","Y4Q3BpiAl6dAEVqWZ4AQN5FdGEI="],"o884PUXFj!GMG4gqnK!go2b4czw=":["vgTYpv5t5b1TqWb3UF0N1RrQf3Y=","TiI3kArYWszkoqS!xhpq7QOv!4I=","tgXYhhtgWOFCcOwmbhTu8+OcAho=","C592cMvctuWXIm!lT8MSWEIJk4I="],"UmP1M8pH7km!igDscoCmUFpAFLM=":["vgTYpv5t5b1TqWb3UF0N1RrQf3Y=","fAOR85SWHcQxMjqZWETQeH7tfJQ=","TiI3kArYWszkoqS!xhpq7QOv!4I=","Y4Q3BpiAl6dAEVqWZ4AQN5FdGEI=","OlVDSJ+u39z5AHFxdW898lIKDGk=","2x3qA!i1nMAh4IQ2MP1sSOyvme4="],"kBkTho2JhftE!VUjoX2JqRmhCrY=":["vgTYpv5t5b1TqWb3UF0N1RrQf3Y=","fAOR85SWHcQxMjqZWETQeH7tfJQ=","GlfSCAAk1cq34mMi6tAOyBsAdJA=","Y4Q3BpiAl6dAEVqWZ4AQN5FdGEI="],"83D1+tTMxa0GscbDsPVO51xpxs0=":["vgTYpv5t5b1TqWb3UF0N1RrQf3Y="],"DeICNZ1AHfvDEuaKu3GbIUfj+GA=":["fAOR85SWHcQxMjqZWETQeH7tfJQ=","GlfSCAAk1cq34mMi6tAOyBsAdJA=","4V+iKE3rI9Sc1!jsAd++6YeW7mA=","TiI3kArYWszkoqS!xhpq7QOv!4I=","lZw9KtoZMBGMaszQdQ3EjPvicFQ=","ybsT3GG7HCItyOugV+NMcehfGxA="],"0jv6bu1!sdHPO4rrct3fozgtIYM=":["fAOR85SWHcQxMjqZWETQeH7tfJQ="],"BK428!0Dde9Tr9D6arfihzZbC40=":["GlfSCAAk1cq34mMi6tAOyBsAdJA=","4V+iKE3rI9Sc1!jsAd++6YeW7mA=","Y4Q3BpiAl6dAEVqWZ4AQN5FdGEI="],"ZsuXHO3xVnhKN+RJVEna4EFsiHc=":["GlfSCAAk1cq34mMi6tAOyBsAdJA="],"ScH+jFwhLDAS2hLIccJzMCjgbdo=":["4V+iKE3rI9Sc1!jsAd++6YeW7mA=","Y4Q3BpiAl6dAEVqWZ4AQN5FdGEI="],"UFGEarzd3agWZHr4QUAqv2gVnPU=":["4V+iKE3rI9Sc1!jsAd++6YeW7mA="],"hL!NFeE!rJ2XagrV3O8wPNEcm6k=":["TiI3kArYWszkoqS!xhpq7QOv!4I="],"O5zya+glbis+8wRnQYpHuUJGLIs=":["Y4Q3BpiAl6dAEVqWZ4AQN5FdGEI="],"3pK+iAHhBnu313te25nKGZUEmK8=":["QBXoNztTcV!Rhiel5bhxIcJdDdU=","PnJSOwxTT66QKCte7qG+jzK7GQs=","pmxlmmyt9u25dy8s+MLZRqZP95E=","qsMBeP3wPB1UEMdypYH5L99z5NA=","u!z!pVZqCMDQvOWIzXAWgSZwy3k="],"fW7W7cxosBS!EkOx243WkZGowlc=":["QBXoNztTcV!Rhiel5bhxIcJdDdU="],"BKARpxkHi4DX0S5MqP+T2egbGOU=":["QBXoNztTcV!Rhiel5bhxIcJdDdU=","PnJSOwxTT66QKCte7qG+jzK7GQs=","FXC49gelAuz10QSrosH42ATRB3U=","qsMBeP3wPB1UEMdypYH5L99z5NA=","SEawNajCvXA2ZMp6lfwqlQUm91U="],"M43oZ7wtkyLo4+x!XNxb3RS9TKU=":["PnJSOwxTT66QKCte7qG+jzK7GQs="],"K!Wh550sI4zARSY6HiqQP4ezmv8=":["pmxlmmyt9u25dy8s+MLZRqZP95E=","wFnSPVxMoWycWoDQrqAiDti5nzQ=","dQnVgBmnRL+PgYSmjs26XMxiKec=","9zMxnPkJ6Oi6AFiO1uHgNFO2ILs=","VP3o0IV4RwFlKUjhl7VVUtbBV4E=","3Q0HSTH8puQtPqy!jboLhrk04WY="],"hmpfAeCiGif1Zt0CUBVr5YLPnxk=":["pmxlmmyt9u25dy8s+MLZRqZP95E="],"8Hqtzp6+gLDAqxOqcJlnVPDiRP4=":["wFnSPVxMoWycWoDQrqAiDti5nzQ="],"xT8HP0SEJmgmQdQBm79mWQj+zHw=":["dQnVgBmnRL+PgYSmjs26XMxiKec="],"msKW7jaFq6AFxzpT+xuD9DefF+s=":["9zMxnPkJ6Oi6AFiO1uHgNFO2ILs="],"jM6KevUw9+znWQIRRO0FI1YLWik=":["r3WU+jLqxhTQPBzDYh0Rtv6ReYk="],"a3Fngr2Y9qC1i4BAbWXCriOXKSA=":["XlUXGdm7nZSLSwdnol2AVqGLvG4=","bPn+uFv5gO3+YDyXkxAk3mN!1Bk=","iB+!7cnd+CkW1mOyRcQ14cl2NXo=","ybsT3GG7HCItyOugV+NMcehfGxA=","oPCVOTXvLSmw0dIituEHDx6QYb8=","Nzj!+EbFpdJjdE26JF3Fw49LMMo=","epZg9gH!qguzDlBIeKkgdxqHnQ8=","o1X+37LwL3h3gbqBHqor4ibv0a0=","4bGzERv0l2FD96GDoxO725nYXok=","u1oO4mJ9zF9h7HS7TEbWPInsRxw="],"mWoNQDqGrbGABzwoULNVBnvzBxA=":["XlUXGdm7nZSLSwdnol2AVqGLvG4="],"RNB9CS8uMYREZAQ+!zHlXExzaO4=":["E!4H2phLBh5XxES1vpkoBnT78nc="],"dN4xMdo1pn6phBuPbQhk3n3ic1c=":["fciaalDPwevSFffExHAr00YfZSA="],"QeBlDIeV17!6IyzbpOJSK1DwPaI=":["aKvWnQcJABeVM3M6k!yABtlq2pI=","ZsDohOTHJ0AZmR5cT7MWs7qW4xk=","WYve6mHx6vQcC1ME78b5RFvoWNU="],"3!8x9rLG10JO1vkC78Pwf!eelBI=":["aKvWnQcJABeVM3M6k!yABtlq2pI="],"c7pGdg2RjwG6FoVpxV0bjDuzTxQ=":["aKvWnQcJABeVM3M6k!yABtlq2pI="],"qKzzpuXDH+wkn8Bz8avFtKV4Cn4=":["aKvWnQcJABeVM3M6k!yABtlq2pI=","ZGwpbWPzglCF152fZc1TTRugyf8=","MSU2I59e504kxj8wZbxZDlPL7eM=","Ww5ugiuN3pUk3FBaGIFqHRJIUT0=","TUGPCivlx2LR0lD4yi!wLeWT8WE=","MYyXAGDJgyLVKyzLLf2Y3sB54bo=","PXXxt8tBO6w08mWAtfefRkqQ1bQ=","au0lnYfgIXang4F9W+FncbjkN+c=","CFKumMUeeTxx5y8VB!2T7jXdVBQ=","5APkdHSxXTkSTaKLL6uvhsC8HVs=","sRbLhFbvYt0mP+oKPm9fwSzikqU=","4P!hmCMwAgXXa3gFp41099dVSGY=","YEz3cPy0cQoJ6wLi0tuPhYWt2l4="],"6QMMR+yatimdnidZ0o3WBVP44YQ=":["bPn+uFv5gO3+YDyXkxAk3mN!1Bk="],"xJWnx!8QC3UJcpYPAfYNNCApQq0=":["iB+!7cnd+CkW1mOyRcQ14cl2NXo=","9IqMXRp1FCF4UyaZRMk6b8xX92g=","YvWgAC94G8KyYtHNc05dRpKTs08=","Kcj34wb1wI!IQaZ!ynzekoCw398="],"GTRJj9DhX8JkzqGwsAVoOz6qFM0=":["iB+!7cnd+CkW1mOyRcQ14cl2NXo="],"ubV3g!P4guokJOs+Ws1D!VFzwLs=":["aOW7lVeueOkm6IZNou1201JfsKQ="],"XPICLtHjNwNDl733Gqe2MolpXGk=":["d8Nzm09n!njw!3I1odUHjbO+iSY="],"i6jL6bhQC2YLPWZHXMDkeBrFmwQ=":["d8Nzm09n!njw!3I1odUHjbO+iSY="],"+iKf4PCWQE7PIU8SI+EOb9INYmQ=":["d8Nzm09n!njw!3I1odUHjbO+iSY=","C592cMvctuWXIm!lT8MSWEIJk4I=","P2sSZ2Dl3JFiAGm0pLMfbrFEYvk=","2LhhAm4wSkwP3QMfJqhh94b3ZdU=","epZg9gH!qguzDlBIeKkgdxqHnQ8="],"0CjjADoV!xNegl!XSkb9AZmvQoo=":["9IqMXRp1FCF4UyaZRMk6b8xX92g=","WYve6mHx6vQcC1ME78b5RFvoWNU=","WEn8q7V9nT!rthk0Xc+MijAm06c=","8hAeC!sAzMz9aBuKCQBCESSJ0Jw=","p+1+kKoBePHwa6IvFWiDkHpqrFY=","AY!SAdOGnaq4cYHwhN7v9jGeLbs="],"YhjpNjtdyqLjsFSmLPpH15C8snw=":["9IqMXRp1FCF4UyaZRMk6b8xX92g="],"BFzZsphxr9zFg3q7DyAM2n!mWkI=":["cyRhgR5o4GBNUT2Z2NZjgYVU06c=","4P!hmCMwAgXXa3gFp41099dVSGY=","Y9JvrrIZjbCbtCgifFXNkBT3m4Q="],"L1N9bVVtyUCSmD5v2nF!xkG4lIE=":["cyRhgR5o4GBNUT2Z2NZjgYVU06c="],"Nr2wat1d5mAh7cr4AmcUSFx1CaA=":["FXC49gelAuz10QSrosH42ATRB3U="],"t!iGT458Dh6CpfG3HnYtrhmc9Ek=":["qsMBeP3wPB1UEMdypYH5L99z5NA="],"Qz6i9a!p!nvMylcqHSz0di+8f28=":["SEawNajCvXA2ZMp6lfwqlQUm91U="],"+iZGhHpDqbUJJboZgw+wid8DHMk=":["YlQLATZHBfWGfiNj0pJDAoKd+Mg="],"BnpROxYiEKH2VmZMHGB3edlI2EM=":["rA9Tbari0sdgknPOGl53IZrjtgo="],"1KcKQxC0bv340YcMJ8Y+Zuy6cxM=":["Ydwft3mUE!4PQZTplaY0LQfYzOg="],"oxtfup3MQ7Gq!jGP8Uh4dNObQUo=":["USQ4F4rW7ESDptMVDXR3kigzsOU="],"wSDJGss2rzNHNCy9LRtxl3JHKOQ=":["VZOhwpFXeQ1Ztcc+hXquroP9GUg="],"VDwI5czaem2Q0sXz0QfvzejE3mo=":["jcv4Uzi4ZHMmPdkYgqz60Xj9ejw="],"h3j8xSl2+Eqk5y4jp!4NvxU5bA0=":["rB0F!ehvl4EHiHVtDpQKFodjzsU="],"4oQd6tznWoMWD5uXwc2gcmUm1d8=":["Vyzh4oc3PLK90kA!5aacu1QmKdk="],"zQAjIy8YTPNKuUSML8DtJzL!e88=":["RSlJTfPF99PwkP3JCNp2+fDHuz0="],"IVx0blpO62MnbdJ+KudEfHrpBb0=":["ZsDohOTHJ0AZmR5cT7MWs7qW4xk="],"O7Nage!5PxVlRRdDVJL7G2CUmAk=":["lZw9KtoZMBGMaszQdQ3EjPvicFQ="],"c7pYmcdiCPGSn!fbs2zltLS5BLM=":["+QRi9IRzKnrVe0ehyHRmusFogao="],"1mceK1kpyuy+iRwIuUd0oKCATRA=":["+QRi9IRzKnrVe0ehyHRmusFogao="],"XlFxofReiGCbX7GgUIVJLI8eu9s=":["YvWgAC94G8KyYtHNc05dRpKTs08=","tgXYhhtgWOFCcOwmbhTu8+OcAho=","C592cMvctuWXIm!lT8MSWEIJk4I=","P2sSZ2Dl3JFiAGm0pLMfbrFEYvk=","8hAeC!sAzMz9aBuKCQBCESSJ0Jw=","p+1+kKoBePHwa6IvFWiDkHpqrFY=","TmUqU6XKvnRfvPv1eNVev1xT3eE=","LVC3ZXEQXBybzsWEU7IvtweguLk="],"RAum86ssDRseMX5OThjnXwBnTbs=":["YvWgAC94G8KyYtHNc05dRpKTs08="],"IqX6BTQrDQyK5fAPBjMqCLwsZGc=":["ybsT3GG7HCItyOugV+NMcehfGxA=","!MT9cMUO6DoNY5IxFKVsdSDRa68=","OlVDSJ+u39z5AHFxdW898lIKDGk=","Nzj!+EbFpdJjdE26JF3Fw49LMMo="],"g!KuLfS2Xra7L8ZiEkNvpw7znLM=":["ybsT3GG7HCItyOugV+NMcehfGxA="],"68BQd5RQNlplAC!pxO0ZSZrLkjY=":["!MT9cMUO6DoNY5IxFKVsdSDRa68="],"cTa0zsHWyH0OVuH6z8rn!Lq8Qjw=":["OlVDSJ+u39z5AHFxdW898lIKDGk="],"JFsf3t18E+RiLMghxHhAKo+UmN4=":["oPCVOTXvLSmw0dIituEHDx6QYb8=","ZGwpbWPzglCF152fZc1TTRugyf8=","XZ8dHMxMyL7NiKCGAgzDaqKsPL0=","QqxjPCTQkYRZpNXxa!v6+EID1Eo=","TmUqU6XKvnRfvPv1eNVev1xT3eE=","LVC3ZXEQXBybzsWEU7IvtweguLk=","AY!SAdOGnaq4cYHwhN7v9jGeLbs=","c!GkI9Dy1MmFINW0DrIYjTYsPhM="],"kgnRe8edgop3vRI3vphQ8TK1f+8=":["oPCVOTXvLSmw0dIituEHDx6QYb8=","XZ8dHMxMyL7NiKCGAgzDaqKsPL0=","QqxjPCTQkYRZpNXxa!v6+EID1Eo=","TmUqU6XKvnRfvPv1eNVev1xT3eE="],"D2S5PnsabFuHbpizweAgG8QJwn8=":["oPCVOTXvLSmw0dIituEHDx6QYb8=","Y6wme1ToTKy1eQKkDAvK3zOk9dk=","HQUuJ24bF0nkYobQ0tjRvPsUTsU="],"yxSoFh+ZDFmFfKvDX31jGqGHOG0=":["oPCVOTXvLSmw0dIituEHDx6QYb8="],"dW62ds2pJO4OTgd!ofXKmbkpQxk=":["Y6wme1ToTKy1eQKkDAvK3zOk9dk=","Nzj!+EbFpdJjdE26JF3Fw49LMMo=","TmUqU6XKvnRfvPv1eNVev1xT3eE=","ga0oa7cCrYlEwXsOlBYpyXOntzo=","iC1N99fh3DNmfoWniymqLUmNnXQ=","uX6OHtdKqFGBtr3ZUsci2jE+Qtw=","RDlB4oxpxkBLeI2Z1gnLc0s3IdU=","fceQk2Q9BrGJ1VNsdZ!AvC9SY!I=","yurDvkgJC0UbnxshEC6fc0bcxns=","!qK!GFY8TZQ9Xh+t!H5vpjEuF9U="],"fwSu6Ro!u24RAObw5fXe1XP0Dx8=":["Y6wme1ToTKy1eQKkDAvK3zOk9dk=","HQUuJ24bF0nkYobQ0tjRvPsUTsU="],"b1IYvkcLnJJCcfT6Jo5hP6O!PlY=":["Y6wme1ToTKy1eQKkDAvK3zOk9dk="],"j8kNtUTFK+Aavffp7c4mViTBFuk=":["HQUuJ24bF0nkYobQ0tjRvPsUTsU="],"BkYjkvY9TZqlpxpQH1sld57h9ks=":["Nzj!+EbFpdJjdE26JF3Fw49LMMo=","mnM2vsiFWfTMY7yTDfnNoHTjK5Q=","TmUqU6XKvnRfvPv1eNVev1xT3eE="],"0bptEqEXaB77x7uFkTzUk8dOhjk=":["Nzj!+EbFpdJjdE26JF3Fw49LMMo=","ZGwpbWPzglCF152fZc1TTRugyf8="],"RvYmG6jZLBrEJTi1Gx3SmnIvucw=":["Nzj!+EbFpdJjdE26JF3Fw49LMMo="],"s787KIc2oHNCR+3r+em42L5Yaow=":["pHX8OgG17v7a7jAOGld13HE4KWY=","MiHeZkfhBtEzJ47tREzWpkle0aE=","aqHYfdWKBEzsAxDpo5VNYhU8jcs=","fdwLeHSNBQm0cgfhd2TZYzy0qGY=","GOlv8Y0fTlp72QRn6Hc7ZcHtul0=","jahUAfwYlaRk2q9O+dVZzO32sxI=","glodVI75aus4ydd4dXu72ypdgFs=","iRPBCXpKA0lEWJvSJtNMtxKUnWU="],"RCxe8UunYbOaTYNmFlQ4CRxnQ!o=":["pHX8OgG17v7a7jAOGld13HE4KWY=","tXC06vUKQYWFDtMWIxKqxSB34OE=","MiHeZkfhBtEzJ47tREzWpkle0aE="],"uesdKLUsqtZq8B7sVprnINhfOH0=":["pHX8OgG17v7a7jAOGld13HE4KWY="],"pXYB6+Fm!3cBuuH8tUaD80YIW6M=":["tXC06vUKQYWFDtMWIxKqxSB34OE=","cmRAjww!46TOSU9WzCJa!WxjiEs=","iRPBCXpKA0lEWJvSJtNMtxKUnWU=","mGasIbZEUBtsSEWDi!sNA+ByAdY="],"!7tEvClrTinMttq5e6Q992blxy0=":["tXC06vUKQYWFDtMWIxKqxSB34OE="],"pc24SPEtxDAAevt3nLQvvY2655E=":["MiHeZkfhBtEzJ47tREzWpkle0aE=","aqHYfdWKBEzsAxDpo5VNYhU8jcs=","GOlv8Y0fTlp72QRn6Hc7ZcHtul0=","jahUAfwYlaRk2q9O+dVZzO32sxI=","MloBs6ImDLGx!+8xraIMI5d8J8o=","glodVI75aus4ydd4dXu72ypdgFs=","cmRAjww!46TOSU9WzCJa!WxjiEs=","iRPBCXpKA0lEWJvSJtNMtxKUnWU="],"FTQBXSU!kayAU0bQWECjobd6OSc=":["MiHeZkfhBtEzJ47tREzWpkle0aE=","aqHYfdWKBEzsAxDpo5VNYhU8jcs=","GOlv8Y0fTlp72QRn6Hc7ZcHtul0=","cmRAjww!46TOSU9WzCJa!WxjiEs=","iRPBCXpKA0lEWJvSJtNMtxKUnWU=","mGasIbZEUBtsSEWDi!sNA+ByAdY="],"XqW1yC!yDu4sOhbdmsMOzh9fu7I=":["MiHeZkfhBtEzJ47tREzWpkle0aE="],"Mnd9VUY5RTb2gkCcQCWu3Rk0xz0=":["aqHYfdWKBEzsAxDpo5VNYhU8jcs=","fdwLeHSNBQm0cgfhd2TZYzy0qGY="],"f6BNJDT5ggU+uCdULI1NY+8mxso=":["aqHYfdWKBEzsAxDpo5VNYhU8jcs="],"S5XqmPMekG6Wbr4NkAovkLoadTg=":["fdwLeHSNBQm0cgfhd2TZYzy0qGY="],"8MPaomLJCS7XHRwdOsWWhH8xnn0=":["GOlv8Y0fTlp72QRn6Hc7ZcHtul0="],"Bsy3HNv3Y9EwCYy761cUv+6kXSI=":["jahUAfwYlaRk2q9O+dVZzO32sxI="],"A65NrxA1guphWhB6l5cUc9wqee4=":["MloBs6ImDLGx!+8xraIMI5d8J8o="],"nggD+a+7UxbkAPdrwN1GnPz5PHo=":["glodVI75aus4ydd4dXu72ypdgFs="],"314Tw8mbGSjiq+iyfV6GbFvk3hw=":["cmRAjww!46TOSU9WzCJa!WxjiEs="],"fj+rFamvbJGrNT3JyqVRce4n2tY=":["iRPBCXpKA0lEWJvSJtNMtxKUnWU="],"fCam+mbp91wjKBFkobcHvsokfV8=":["mGasIbZEUBtsSEWDi!sNA+ByAdY="],"IKTJbbK11a4CGjMfgZOiWGQyI1E=":["tgXYhhtgWOFCcOwmbhTu8+OcAho=","qfpqLe1yzue1FAlOHYAH!yTEDvs="],"0sDe7+oJHLP+oRhb!ALQxiJWi4c=":["tgXYhhtgWOFCcOwmbhTu8+OcAho=","C592cMvctuWXIm!lT8MSWEIJk4I="],"JkTu54u5ZA3JS!pdBGj84U!JfDw=":["tgXYhhtgWOFCcOwmbhTu8+OcAho="],"DGhlNDJPa6OJkKymROzo59JcAq0=":["C592cMvctuWXIm!lT8MSWEIJk4I=","P2sSZ2Dl3JFiAGm0pLMfbrFEYvk=","qfpqLe1yzue1FAlOHYAH!yTEDvs=","2LhhAm4wSkwP3QMfJqhh94b3ZdU=","epZg9gH!qguzDlBIeKkgdxqHnQ8="],"6Nwp7cmzFB8npzZebmBeiVUfeEU=":["C592cMvctuWXIm!lT8MSWEIJk4I=","P2sSZ2Dl3JFiAGm0pLMfbrFEYvk="],"l+N+bdiQXmwGnQvEFxakF8pmRyE=":["C592cMvctuWXIm!lT8MSWEIJk4I="],"D6J6FCjX5tN5CeI0K!lMzqyGguI=":["C592cMvctuWXIm!lT8MSWEIJk4I=","qfpqLe1yzue1FAlOHYAH!yTEDvs=","2LhhAm4wSkwP3QMfJqhh94b3ZdU="],"VS1hgPjtTdzUQFu4zuJl7ebikfc=":["P2sSZ2Dl3JFiAGm0pLMfbrFEYvk="],"qt8zr3+La72beEvbA5GwL5VV27Q=":["qfpqLe1yzue1FAlOHYAH!yTEDvs="],"zDX8As771n75Rk30wStc5mhg5hs=":["qfpqLe1yzue1FAlOHYAH!yTEDvs="],"F4zw2svNehvqO5hAGBZDgczZVB0=":["2LhhAm4wSkwP3QMfJqhh94b3ZdU="],"MmhXdAL1sRhSoiZkxAKU4X5lmok=":["epZg9gH!qguzDlBIeKkgdxqHnQ8=","vqc38ssBxxj1YgLdMl2vG4aBk34=","vZaFAJG+5vpR0T31nsgmFFwwU4E=","KAehnfe21qBQrxzcBDl230LnBas=","il53WPOj7yZ3Xiosy9AHDx!zmXc=","BXGYbaZs7hPBTZIqM798R5tAa6g=","QkhXvL1qEXQI2RFcix3aH!8xGlo=","kkFfX4lBoHBzWk6O9Xd+3QTytys=","Mvu7K4HyK6DsYZCcsSxbh4kCsU0=","OYcJYk6NA!z!3Swcok1CWxIDJus=","L+wOL4oxou1Goqp7sI6r7Q!sGOg=","GejHdU16O8a1UeBD64IoDNbc2O8="],"wT11pTclO3eqxcO3SybEFbAQbyo=":["epZg9gH!qguzDlBIeKkgdxqHnQ8="],"trSFLo24z2Rsi7ls56ezpc3Y+!s=":["epZg9gH!qguzDlBIeKkgdxqHnQ8="],"rPyVRjaJwLbTHFZxb1uen5rhuoQ=":["epZg9gH!qguzDlBIeKkgdxqHnQ8="],"YTzC99hNB6cUcl+2sjJrpcLHngE=":["WYve6mHx6vQcC1ME78b5RFvoWNU="],"fovy5TPK!ChyNJKXNQzGVZ09iUY=":["Kcj34wb1wI!IQaZ!ynzekoCw398="],"OQLTFn5Bg563E6VuUiQtEQH84Oc=":["VZryWUOa+ybEjr9618s5GzdSCUg=","mcVUqqKpbsQ+ggBiFMEdX4yO41k=","6r5dv6vTx5ikW7QOcqFPcRR76as="],"qCqiyZyc53PwwUeQmcWFRf5i3sU=":["VZryWUOa+ybEjr9618s5GzdSCUg="],"MLYibfuYSLKVpZsWWpycl8rRFVQ=":["VZryWUOa+ybEjr9618s5GzdSCUg="],"LwoOHBvT1ZKvYGQkz0oZ82IRFDY=":["nvPEYF5ecfCgeZtz0b79BJc10hQ="],"XWqKWarD3shB7roze514HL6oGuw=":["nvPEYF5ecfCgeZtz0b79BJc10hQ="],"3o1v4xZQuMPuNPAKVEUT2ilTzdA=":["ZGwpbWPzglCF152fZc1TTRugyf8="],"1ybXGVnv6eFHmt2pyK34UgcZw!I=":["ZGwpbWPzglCF152fZc1TTRugyf8=","QqxjPCTQkYRZpNXxa!v6+EID1Eo=","yRAXx7T09EN8A7723lQeqUOayAo="],"4SN0p4T3TS4kCZdkTgsS8hJp92g=":["ZGwpbWPzglCF152fZc1TTRugyf8=","XZ8dHMxMyL7NiKCGAgzDaqKsPL0="],"HkEMsyxFHe+6h0gbWjLXidX!Q54=":["ZGwpbWPzglCF152fZc1TTRugyf8="],"B9c04r+HtReBTpZjP4Bj7BcRLeE=":["XZ8dHMxMyL7NiKCGAgzDaqKsPL0=","QqxjPCTQkYRZpNXxa!v6+EID1Eo=","0EC4BnwgLw4AdOVe1IXZWiXHsls="],"xDGd6t+4PL1tjy0Qg6!RwFhCDRI=":["XZ8dHMxMyL7NiKCGAgzDaqKsPL0="],"Z3+ZTIg5GH6rk7tx9PKK5MryoMs=":["QqxjPCTQkYRZpNXxa!v6+EID1Eo=","yRAXx7T09EN8A7723lQeqUOayAo="],"qyJmdKHPX0m1ZayXeTgAJzx+gck=":["QqxjPCTQkYRZpNXxa!v6+EID1Eo="],"sco+l7NlECx3pYdbKB1cW8mVCb4=":["WEn8q7V9nT!rthk0Xc+MijAm06c="],"!SC4Kcs0rF9pROAb0phC3NWKH60=":["8hAeC!sAzMz9aBuKCQBCESSJ0Jw=","p+1+kKoBePHwa6IvFWiDkHpqrFY=","0EC4BnwgLw4AdOVe1IXZWiXHsls="],"bHQjkWTzl6iOLfvK4abKSyoPZb4=":["8hAeC!sAzMz9aBuKCQBCESSJ0Jw="],"WXdOuPqjVHL8L8F4SjKeqcR1DrI=":["p+1+kKoBePHwa6IvFWiDkHpqrFY="],"h8lXHh!SqKPIbuotlUgIAA8!OfI=":["mnM2vsiFWfTMY7yTDfnNoHTjK5Q="],"EyeyCJKzKaIZD6fdsqIlfqaQE8o=":["TmUqU6XKvnRfvPv1eNVev1xT3eE="],"LBDRjsifHRaTTSQsD0CBsNax9e8=":["LVC3ZXEQXBybzsWEU7IvtweguLk=","AY!SAdOGnaq4cYHwhN7v9jGeLbs="],"0nenTrR8OyZj64lx2cj8swpDcP0=":["LVC3ZXEQXBybzsWEU7IvtweguLk="],"H8MUIj6KSAymvO2ntMYSNtOhxpU=":["u!z!pVZqCMDQvOWIzXAWgSZwy3k="],"peMoUwDHF7sBCx+2C7t3wXDP4B8=":["AY!SAdOGnaq4cYHwhN7v9jGeLbs="],"hMt6QP8wGRTwOI530HMH5J6Z+JQ=":["mcVUqqKpbsQ+ggBiFMEdX4yO41k=","d3ixPRFLYHKzY7e581cFhJ8Jc9c=","yRAXx7T09EN8A7723lQeqUOayAo="],"MsLtcUc+ZdSbK4jCiURzAhjLJcQ=":["mcVUqqKpbsQ+ggBiFMEdX4yO41k="],"TByjzp!RmQ3aTvEDh7xE!N34!zs=":["0EC4BnwgLw4AdOVe1IXZWiXHsls=","o1X+37LwL3h3gbqBHqor4ibv0a0=","Y9JvrrIZjbCbtCgifFXNkBT3m4Q="],"MB7!qil25R+jVbXkoOyl+LHPuaI=":["0EC4BnwgLw4AdOVe1IXZWiXHsls="],"wXtpXQmimx8kbDCd0ouY!1gBjXc=":["d3ixPRFLYHKzY7e581cFhJ8Jc9c="],"dxbs07PwOlpZl3rowU839Z+lYjU=":["yRAXx7T09EN8A7723lQeqUOayAo="],"orEeTy0qbe+OF!uHRSs1Ikm9klc=":["6r5dv6vTx5ikW7QOcqFPcRR76as="],"1wa4hmYX+NukmdkSdflKI0vABZw=":["vqc38ssBxxj1YgLdMl2vG4aBk34=","vZaFAJG+5vpR0T31nsgmFFwwU4E=","KAehnfe21qBQrxzcBDl230LnBas=","il53WPOj7yZ3Xiosy9AHDx!zmXc="],"gJbM898b11mxTJdLnxiGf0v3siE=":["vqc38ssBxxj1YgLdMl2vG4aBk34=","il53WPOj7yZ3Xiosy9AHDx!zmXc="],"BUdj9SizXM!wrEEvgafw9adbe64=":["vqc38ssBxxj1YgLdMl2vG4aBk34=","vZaFAJG+5vpR0T31nsgmFFwwU4E=","KAehnfe21qBQrxzcBDl230LnBas=","il53WPOj7yZ3Xiosy9AHDx!zmXc=","BXGYbaZs7hPBTZIqM798R5tAa6g=","QkhXvL1qEXQI2RFcix3aH!8xGlo=","kkFfX4lBoHBzWk6O9Xd+3QTytys=","Mvu7K4HyK6DsYZCcsSxbh4kCsU0=","OYcJYk6NA!z!3Swcok1CWxIDJus=","L+wOL4oxou1Goqp7sI6r7Q!sGOg=","GejHdU16O8a1UeBD64IoDNbc2O8="],"R2CYfcpZ37d0mbt1uD+rT!FzVW0=":["vqc38ssBxxj1YgLdMl2vG4aBk34="],"aSCr8T09a2Nmlyujin+NksvKaW0=":["vqc38ssBxxj1YgLdMl2vG4aBk34=","vZaFAJG+5vpR0T31nsgmFFwwU4E=","KAehnfe21qBQrxzcBDl230LnBas=","il53WPOj7yZ3Xiosy9AHDx!zmXc="],"!pvZIbiSwfmME!ikEvj4KC694t4=":["vZaFAJG+5vpR0T31nsgmFFwwU4E="],"XDMkSBKDXBozAmgu0xVBAqfEeqA=":["KAehnfe21qBQrxzcBDl230LnBas="],"EzLj4b7u8RzkNgrFf5U500hSYL0=":["il53WPOj7yZ3Xiosy9AHDx!zmXc="],"3JRzjMKJFju0uSbjX4Zvp8zhzrw=":["ga0oa7cCrYlEwXsOlBYpyXOntzo=","ZEVCSMHdftW!A3ppSGsrRDGW!jU="],"6+jtXU1yGHwXsZB8xKRxgEg!7Y0=":["ga0oa7cCrYlEwXsOlBYpyXOntzo=","iC1N99fh3DNmfoWniymqLUmNnXQ=","uX6OHtdKqFGBtr3ZUsci2jE+Qtw=","RDlB4oxpxkBLeI2Z1gnLc0s3IdU=","fceQk2Q9BrGJ1VNsdZ!AvC9SY!I=","yurDvkgJC0UbnxshEC6fc0bcxns="],"3sQRHYIIWl3scFCHcgVXFX4aK90=":["ga0oa7cCrYlEwXsOlBYpyXOntzo="],"Esvl0qRpvAassXd5MRH35ISJc2I=":["ZEVCSMHdftW!A3ppSGsrRDGW!jU="],"HSodnaSz1s!je7nGTJTSiSXoMrw=":["iC1N99fh3DNmfoWniymqLUmNnXQ=","KgQBEVyQlwmXFr1fac0TUgU2Pfw=","c!GkI9Dy1MmFINW0DrIYjTYsPhM="],"c!aDftE+sqlo4L3aTSTA8ZdSUJU=":["iC1N99fh3DNmfoWniymqLUmNnXQ="],"EiOKTnH+9eCrzghQuqRaoFtsOYk=":["KgQBEVyQlwmXFr1fac0TUgU2Pfw="],"OW8ea+GEMBSpnIdqcjUYl6iwI!Q=":["uX6OHtdKqFGBtr3ZUsci2jE+Qtw="],"84kCJiE657C72Xm2jwxSaxKfFgk=":["gP87rKIiTMmup0K8ygTAxZ!A9vQ="],"hp30GfK6OTYEId7mxR4Ydsp9zOg=":["c!GkI9Dy1MmFINW0DrIYjTYsPhM="],"OX6RTX9722KbLmtwR5Mi!lwFNhU=":["qOYDTIPmm0B66OPOalImMLiTUn8="],"UhWz!bE7qhVPxsLdm7!Iw9miBtE=":["BXGYbaZs7hPBTZIqM798R5tAa6g=","QkhXvL1qEXQI2RFcix3aH!8xGlo=","kkFfX4lBoHBzWk6O9Xd+3QTytys=","Mvu7K4HyK6DsYZCcsSxbh4kCsU0="],"rHsZpxrqTCRVFMrfaadQhCMS+Xo=":["BXGYbaZs7hPBTZIqM798R5tAa6g=","QkhXvL1qEXQI2RFcix3aH!8xGlo=","kkFfX4lBoHBzWk6O9Xd+3QTytys=","Mvu7K4HyK6DsYZCcsSxbh4kCsU0=","OYcJYk6NA!z!3Swcok1CWxIDJus=","L+wOL4oxou1Goqp7sI6r7Q!sGOg=","GejHdU16O8a1UeBD64IoDNbc2O8="],"lLGUk3DwE5QOOWR7832FgYYkVRE=":["BXGYbaZs7hPBTZIqM798R5tAa6g="],"8i8uW8ngmfcStbh3rZaXlKeHISI=":["QkhXvL1qEXQI2RFcix3aH!8xGlo=","Mvu7K4HyK6DsYZCcsSxbh4kCsU0=","L+wOL4oxou1Goqp7sI6r7Q!sGOg="],"X6Zh42eylmvkcCmntQzxmN+oZlI=":["QkhXvL1qEXQI2RFcix3aH!8xGlo="],"fanPknQFkwACsYHAC5k25RcGSPE=":["kyhLLd4oc2OpM5ubMWEu5Qhj!9A="],"KZz5SCvEgK3aMTIgeUiU!DS9EMM=":["BCGpoj3t4PQxeSczpaJJG0LDrwY="],"ZrZwiaohIFP1+hWJYUYh8jNeXig=":["kkFfX4lBoHBzWk6O9Xd+3QTytys="],"b9o6QLfh4XqClFveKp3ru36DOh0=":["Mvu7K4HyK6DsYZCcsSxbh4kCsU0="],"753OJCdaFdBFY8s1ath39tQMuh8=":["voLKbXnSw5P6aDsrgohN+Jy242U="],"fanBH0liuikamo+BX+sEPTa9Rrc=":["aaP1ttcYJUuoasY+gneqidgM2lw="],"HHgbekfe1hMFir2iZhNs!MSMbDM=":["OYcJYk6NA!z!3Swcok1CWxIDJus=","L+wOL4oxou1Goqp7sI6r7Q!sGOg=","GejHdU16O8a1UeBD64IoDNbc2O8="],"Oqec7U2GGlM5++W1dWHaP2nisxY=":["OYcJYk6NA!z!3Swcok1CWxIDJus="],"2pFDoXyeI1pdzEI7lKhCLEvSiUc=":["L+wOL4oxou1Goqp7sI6r7Q!sGOg="],"LSumlfwT+VvpE492Y6R2IbrzFkI=":["RcmNx8wVMixS5mFHdBD!6tlBC3A="],"XUl6yv!Fh7qi8SaE79hVedS1LxQ=":["UOC51rkPNQUEL0ImgAJuMHnug10="],"+CEKpu5bK9qWDiN2cxONgpjtjuY=":["tiW9!o2g3pSm1PYgSCfdhqOLtAw="],"iY4G8UMD0reOaNW+qQjxGmPFzPY=":["GejHdU16O8a1UeBD64IoDNbc2O8="],"KM1sMh!FF6CVXXGRuqwB3I600UU=":["RDlB4oxpxkBLeI2Z1gnLc0s3IdU="],"50gKN8K82WzkC9RVTvqBuwAhLzM=":["fceQk2Q9BrGJ1VNsdZ!AvC9SY!I="],"xxc!7SW6vSJen!yQh+Wo5tEc0Ms=":["yurDvkgJC0UbnxshEC6fc0bcxns="],"mVDQ65r!LLJo6jjr+okD3dmD58o=":["cVww5BpYFEut4H2jGs1CJKxfC!M=","tbDyDH2Ne!YB+BTNA1v4fb!!f7w="],"8RCYyrX2AhCxPmIf9QdutNzviNk=":["cVww5BpYFEut4H2jGs1CJKxfC!M=","tbDyDH2Ne!YB+BTNA1v4fb!!f7w="],"XDATSWvN+DATki!5wXKQlvG!vO0=":["cVww5BpYFEut4H2jGs1CJKxfC!M="],"t09s7F2Ltq8DA89pIwJhT0hyVi8=":["tbDyDH2Ne!YB+BTNA1v4fb!!f7w="],"Iv5LMIt1bgB4aGIt0rmXHvlDBJc=":["FOeCZMPoH36!8TiC4d22d6LZ!2Q="],"D7s+HjM8DtDVqmZ!2zBmrutioWI=":["FOeCZMPoH36!8TiC4d22d6LZ!2Q="],"EPkp1Xu87aXo0N95wKwG+H!EeSo=":["aGc0AvwN19xawe9MDT1IbmM7lZU="],"hGuH!vrH5jjLEtRWceML8yZMHaw=":["aGc0AvwN19xawe9MDT1IbmM7lZU="],"q4rnfrrd3AxofuesRiVOiF2CgPM=":["aGc0AvwN19xawe9MDT1IbmM7lZU="],"9YIXN7eaxfxGGPBG1bNeVr54vQY=":["MSU2I59e504kxj8wZbxZDlPL7eM=","o1X+37LwL3h3gbqBHqor4ibv0a0="],"lnBPJ0hIZDrgkw5lkUXUWPB9gf4=":["MSU2I59e504kxj8wZbxZDlPL7eM=","au0lnYfgIXang4F9W+FncbjkN+c="],"rrKqYQlNssU3RlhViLO!zdRegfg=":["MSU2I59e504kxj8wZbxZDlPL7eM="],"XaP07D5+2cXP+IwUbekAz6pPm7A=":["BiKfD2b9B1WlxHYY29leOlvztSo=","2x3qA!i1nMAh4IQ2MP1sSOyvme4=","owD3kJfV1EdFDrEj2dKa7nlwpik="],"C5E+BZQy2vIpeUbxVlWBoAs6pL4=":["BiKfD2b9B1WlxHYY29leOlvztSo="],"e1+Eezs4pNDvOYrdLYXpMIEGfMw=":["2x3qA!i1nMAh4IQ2MP1sSOyvme4="],"YzLWCewrrDoE1!OUXPyzHXgnqeY=":["owD3kJfV1EdFDrEj2dKa7nlwpik="],"5ZrpU4zSAsrDpae7HzyKRBISghU=":["KsM9k3zuyZv6C5pe2FriMgjWXy0=","9lFj1g8ssigaz5gNPL0aDgaMyBY="],"REw3lGyS0neQbLtjIrpyKY2Tw28=":["KsM9k3zuyZv6C5pe2FriMgjWXy0=","Ww5ugiuN3pUk3FBaGIFqHRJIUT0=","TUGPCivlx2LR0lD4yi!wLeWT8WE="],"vDf4k1S9Ef24YhKxw+GuU3INqxw=":["KsM9k3zuyZv6C5pe2FriMgjWXy0="],"IC!brNkZz!J7!Oa4eFRXQHqecbI=":["9lFj1g8ssigaz5gNPL0aDgaMyBY="],"xes0h95ed0JsEB2l4Ibgq4M5t88=":["9lFj1g8ssigaz5gNPL0aDgaMyBY=","TUGPCivlx2LR0lD4yi!wLeWT8WE="],"gBnnU2vaHq+waqVzUi28+nOq23M=":["Ww5ugiuN3pUk3FBaGIFqHRJIUT0="],"bFmIEx9KD2aIB!xWefZdtiR+65Q=":["TUGPCivlx2LR0lD4yi!wLeWT8WE="],"rZ6BfLKuHQzaacMuiJhGhjtlCV0=":["MYyXAGDJgyLVKyzLLf2Y3sB54bo=","CDScy6XlW+wfDhjpZ4M05fLnTfQ=","byCVKbES5S2AN!jCgBkmKlsd+tQ="],"mEljR0uZ3IX1aHANjdBHJ2V5Dm4=":["MYyXAGDJgyLVKyzLLf2Y3sB54bo="],"pzO!6U89kdQzI0I4En6B3AtWeCc=":["PXXxt8tBO6w08mWAtfefRkqQ1bQ="],"NpDyQiI5G+8SpaRxa4BydudVFI8=":["PXXxt8tBO6w08mWAtfefRkqQ1bQ="],"RncyNoE4XRxiY6!2JlHIW2wr1cQ=":["8z+GMbCNrkrbMds55oO8idACxkc="],"luxz3or0yHO!FdJfzKdXL+hm!BE=":["au0lnYfgIXang4F9W+FncbjkN+c="],"YhAUjTesGlgdLFzG!2plNptHSc0=":["CFKumMUeeTxx5y8VB!2T7jXdVBQ="],"dyreJ2w8SJur72F7ZYHSCdDzAyw=":["5APkdHSxXTkSTaKLL6uvhsC8HVs="],"d6BgDGEz7v8JXu3hVormu8y8S!k=":["CDScy6XlW+wfDhjpZ4M05fLnTfQ="],"tVqhTl3n6ZjPI+dzagDgFLLxWw4=":["BeA336Omit5hKyw!XBOSBPUifh8="],"qWyforHymSFYyxXlLRntC8gp!Ek=":["3pG7QohzAQmYhWSxGW!mn3lxZf0="],"qk6hVXGwaXpaBMCTZnQAfr2dN+Q=":["VP3o0IV4RwFlKUjhl7VVUtbBV4E="],"W+MXCGXhqeVQypBuEP2IDlkZgtk=":["3Q0HSTH8puQtPqy!jboLhrk04WY="],"6mTLTpX9sBRsE2aivNlf9udJWV8=":["byCVKbES5S2AN!jCgBkmKlsd+tQ="],"G7WIFJo8ZUhIbPov3ktAuAeS99U=":["byCVKbES5S2AN!jCgBkmKlsd+tQ=","eY0wbnX53zCQyCklhQMla3UfWdU="],"KRbvAS6trolQgQDR5yoV8aMm!68=":["eY0wbnX53zCQyCklhQMla3UfWdU="],"YNcqslp0HqWexgb75n37KpiJJEc=":["XaWg8ts0iIKoYsS8!r1gFuddUC0="],"Kwe0kD2BvgZhKospoVsYFZiuca4=":["o1X+37LwL3h3gbqBHqor4ibv0a0="],"2ub88yXgkK3EWKhZIqJOr5TQSl4=":["o1X+37LwL3h3gbqBHqor4ibv0a0=","sRbLhFbvYt0mP+oKPm9fwSzikqU="],"lScVEw0iAJivooYvDwR5coF4hng=":["sRbLhFbvYt0mP+oKPm9fwSzikqU="],"dgwVdfNUCQY!w+4MBpqTw9cKKjM=":["4P!hmCMwAgXXa3gFp41099dVSGY=","fexOA6aja8O76PXnEx2auR7WnoQ=","Y9JvrrIZjbCbtCgifFXNkBT3m4Q=","YEz3cPy0cQoJ6wLi0tuPhYWt2l4="],"PXttJUSYl0Cx!v!SYqLqR4vGuNc=":["4P!hmCMwAgXXa3gFp41099dVSGY=","fexOA6aja8O76PXnEx2auR7WnoQ=","Y9JvrrIZjbCbtCgifFXNkBT3m4Q="],"5hZKHw2ImWpLUMf!q6URcqx1sFE=":["4P!hmCMwAgXXa3gFp41099dVSGY="],"bETqb!zE8OS9+0Y8CgDw3+T5zPY=":["4P!hmCMwAgXXa3gFp41099dVSGY=","fexOA6aja8O76PXnEx2auR7WnoQ=","ce!jxNS40Jc2ITlrkGFPd2mSCMY=","eokf8E82tP09lD1z4s65uHKiOk0=","!jfa6A!+SPQO0svDmgE0KwQ7ZzI="],"np5SGI6cihbiFrWZxGRRmtZYqBk=":["fexOA6aja8O76PXnEx2auR7WnoQ="],"lG0AQZgCFkAw0O4+wRlWz7B01EQ=":["s89t7P9rCkYrfnqdzXsN7rd+Thk=","eokf8E82tP09lD1z4s65uHKiOk0=","!jfa6A!+SPQO0svDmgE0KwQ7ZzI=","gDfeFtILZsu5faoBUwMnKrx9zWg="],"XDbSf03vwVRxM1ikE0zwYwbSJ3Q=":["s89t7P9rCkYrfnqdzXsN7rd+Thk=","ce!jxNS40Jc2ITlrkGFPd2mSCMY=","eokf8E82tP09lD1z4s65uHKiOk0=","!jfa6A!+SPQO0svDmgE0KwQ7ZzI=","gDfeFtILZsu5faoBUwMnKrx9zWg=","RxXVaeVE9SytIpKEn4ktfEVtcuE="],"f13OYjwCPM6hKPoU9NSOAXb7ngc=":["s89t7P9rCkYrfnqdzXsN7rd+Thk="],"bqIeuk9Ydi0ixBOTn1pzFHHwPoU=":["Y9JvrrIZjbCbtCgifFXNkBT3m4Q="],"ZCnkk2HVhyFQaiN6yFC8OnY+ItY=":["YEz3cPy0cQoJ6wLi0tuPhYWt2l4="],"5NW5XHz5yKuObrfIZNWSVBJ8egg=":["ce!jxNS40Jc2ITlrkGFPd2mSCMY=","eokf8E82tP09lD1z4s65uHKiOk0=","!jfa6A!+SPQO0svDmgE0KwQ7ZzI=","gDfeFtILZsu5faoBUwMnKrx9zWg="],"Mxra8HwKOcaF2G+qQAN0gbs1MW8=":["ce!jxNS40Jc2ITlrkGFPd2mSCMY=","gDfeFtILZsu5faoBUwMnKrx9zWg=","RxXVaeVE9SytIpKEn4ktfEVtcuE="],"jsEh4nuQ8aPer0KM8WdA13028zI=":["ce!jxNS40Jc2ITlrkGFPd2mSCMY="],"tqIqIo7sfrnk3o6JWFGx74K3oxE=":["eokf8E82tP09lD1z4s65uHKiOk0="],"6f6muiVBzgnM!ECoz3G3OEbTY0U=":["!jfa6A!+SPQO0svDmgE0KwQ7ZzI=","gDfeFtILZsu5faoBUwMnKrx9zWg="],"q+vce+iiT!raQFlmJa!+Gn1UhHY=":["!jfa6A!+SPQO0svDmgE0KwQ7ZzI="],"X67iyuKvhy+7nq+4g1qL6rafu04=":["gDfeFtILZsu5faoBUwMnKrx9zWg="],"s5XNTDRkffECUCfwn3vBiC7uLEc=":["RxXVaeVE9SytIpKEn4ktfEVtcuE="],"Km3uoB4+xrJTY2BKzvEcdC2ycx4=":["BmdBYU3RN5hmReNXSzlFNnsrueo=","XczbG6rCA3VTSFDDQYkCpUbJhWE=","4bGzERv0l2FD96GDoxO725nYXok=","5YSb+vOZOMhfaO13buyAcFJMC2I=","Pg+33iDDV4dwLo3JBYs7MBHKWgk=","YoJKDCGSRxkV9KfVK7B+FZtgUe8=","u1oO4mJ9zF9h7HS7TEbWPInsRxw=","7pLHSXJ30Qp7K8tgTxe5TwvfdUc="],"jcjaKqnQNBfvnPOBHGcfnGtTDxk=":["BmdBYU3RN5hmReNXSzlFNnsrueo=","XczbG6rCA3VTSFDDQYkCpUbJhWE=","5YSb+vOZOMhfaO13buyAcFJMC2I=","7pLHSXJ30Qp7K8tgTxe5TwvfdUc=","kqsJeN+SYAmgtTk1l07MRgRXjfc="],"k7VjIDDapT3Sr7YvKGIQ18cw17g=":["BmdBYU3RN5hmReNXSzlFNnsrueo="],"CZLz!yNgs8xhd!NhtCYwqZ4gW9Y=":["XczbG6rCA3VTSFDDQYkCpUbJhWE="],"!GUDG3TzoKEiCcVbtyYpyJqncec=":["4bGzERv0l2FD96GDoxO725nYXok="],"EPi5kT7TfdZh6nkiWVQ4fh7yjYQ=":["5YSb+vOZOMhfaO13buyAcFJMC2I="],"oW8quENk+9q3wNq85uPx4aLXoP4=":["Pg+33iDDV4dwLo3JBYs7MBHKWgk="],"nboLNAZg7N6F5ynpyFo0zM1!KD8=":["YoJKDCGSRxkV9KfVK7B+FZtgUe8="],"3zKLOBGHKiI0W1wvZIPAMKTWTik=":["u1oO4mJ9zF9h7HS7TEbWPInsRxw="],"voIam9+IC6rmlkBrXyTBudVGhRU=":["7pLHSXJ30Qp7K8tgTxe5TwvfdUc="],"HSyro1siamxkfMAcOvb+nnLOCnc=":["kqsJeN+SYAmgtTk1l07MRgRXjfc=","!qK!GFY8TZQ9Xh+t!H5vpjEuF9U="],"xAGOLashOg0Gt4jD6IHri9r7Wck=":["kqsJeN+SYAmgtTk1l07MRgRXjfc="],"5PjXyIUpx7!VbqGDeOYmKQASOes=":["!qK!GFY8TZQ9Xh+t!H5vpjEuF9U="],"sjqDahLCTx4H1fxNmQyEXicP50I=":["5!Hfw1O029eGmM3lQBnS9MHCu5E="],"tJ8+03JBt3PoaTsBMNHCWxIFyFI=":["I3pZ68y3+Y8Q7hVDK1fvjJGk8Hc="]}