{"K!Wh550sI4zARSY6HiqQP4ezmv8=":["1!rL2uD5w8re7b3zPfcDwIwzcPU="],"EY4wSOnJY+m0REFemGyx7K3cfDw=":["QMlxeIgPgOGE9DxuvRAvfpJxkTQ="],"jcjaKqnQNBfvnPOBHGcfnGtTDxk=":[],"Km3uoB4+xrJTY2BKzvEcdC2ycx4=":["GL2FpUW7VC1D22e4rSDj!uYq0DM="],"FN1abks5Y5kfItNig4qX1WTu!T0=":["TIV!XA4HGPbgk51Spv41yv8GINs="],"fHgWw9b0Fmo8Vt66YLjy8rtJzZw=":["VjfWbNzq2uEBrB!UdE6KYWFGzv8="],"XPICLtHjNwNDl733Gqe2MolpXGk=":["8A1UH4X5hnyN0QIllI+QATAywCI="],"IKTJbbK11a4CGjMfgZOiWGQyI1E=":[],"qKzzpuXDH+wkn8Bz8avFtKV4Cn4=":["I0tAwJZAZd1fUA!NL3CYbLCd5fQ="],"KhlQM95CWHOrzjl0MLIzokxGwRs=":["cNPwr3I+JfuqdxlcvJ!F3Tmf9Rc="],"t1fHmw9Q6V4EvnKzu+aQg+ppMIg=":["M2RROX3YHBMt!cuTqb6U0wNbcrs="],"6PPWfTMMoFHMzTMX6bFsyg6NFSU=":["MCyQrbeHAnHcvxJeRPV64omq4BU="],"B9c04r+HtReBTpZjP4Bj7BcRLeE=":["7zih19nXkFKwzoaqheTyl1RHBgQ="],"7HtWn9!6TPjp9KNTeesSIzBJIEk=":["QGnywnv85i3!YNPRS1u4fybbMNk="],"dgwVdfNUCQY!w+4MBpqTw9cKKjM=":["ykCll3EQT91dBQiE+nJOaxWUsMk="],"HSyro1siamxkfMAcOvb+nnLOCnc=":["GL2FpUW7VC1D22e4rSDj!uYq0DM="],"u87TkhE0+VLl9jyi37c4Hrw27yo=":["TIV!XA4HGPbgk51Spv41yv8GINs="],"8rUomgzlfsnU1nu1V!LWGc9tZZQ=":["Icgu!GMhOnr!p4F0tiQzharRaEM="],"XhQDifJ5!P7KzOi!z9XWwXfz8gw=":["9K45P3T3sXDOJ6wk7F0iunZk0dk="],"!h0RDHi2FZOY1f5kSlvfmb4VrR0=":["v6qNHAl0qghDZOzixNSEWE2VkVM="],"KtGolv1fiheSo!YPUqOl54St0iY=":["wnCdTOmhnx22VGEWyIrE5WX6ohA="],"BXPSv!zzJjl1FleNt!EH+ykQNjw=":["i11LQjoe1nqgP9eD4d4!OTbuk+0="],"rHsZpxrqTCRVFMrfaadQhCMS+Xo=":["zdtvW7SS7UuFl0Oatv8wfrwj8CI="],"oZmWSM3B!aMVr7wG+nuIpKh!0Ds=":["SY130fGuIjO9vujx2fNxxGtqWHw="],"y46m3LhW4VQMEQItBjWzirCK2m4=":["tQ2VbCs!gU2ypkUriXjd+XYg9TY="],"blS8ffwKGBrBWTkwrVdYp8R48E0=":["7Nq96Dat7EjAM7TmxEAPwqHCqa8="],"Mnd9VUY5RTb2gkCcQCWu3Rk0xz0=":["i11LQjoe1nqgP9eD4d4!OTbuk+0="],"c7pGdg2RjwG6FoVpxV0bjDuzTxQ=":["UcHychzAN5hxZIDKFCEVecS1SF4="],"LNakE1sAQJZ6ykB9KEZMKgEfyvk=":["Qm9MnJ4xw4drYLSFtQRl5jamZAs="],"trSFLo24z2Rsi7ls56ezpc3Y+!s=":["MYrALYqqTK18i0XT24rUT+qZKUE="],"5NW5XHz5yKuObrfIZNWSVBJ8egg=":["!6FSl7xDlZdj3f2kKxacwz1cm9Q="],"+iKf4PCWQE7PIU8SI+EOb9INYmQ=":["KZjKxg7kTl58mWPFfmLoqG09i30="],"dYH6Qg2o7lz+eU+3G8mcbh1Btbc=":["OMvDK9BS2Fc7IsFKpF1!F2sBWKQ="],"FdsktS4PF6weKKsNK95KvFPCeuk=":["s0CwlkMkq9m17VCFZczgz53gmX4="],"JeNEAsc78VK+RXnU8IceaW8Bv48=":["TIV!XA4HGPbgk51Spv41yv8GINs="],"nS9hyVBJOJ7!1jslKFhnICPl0QM=":[],"vdgtlKfnh1E+096uePfyg+cgsKU=":["RzW5oMVM4TNDC299UDRuFL7GDIM="],"hfBPXxgy+oB06b!3IJ3hHfT7FZ4=":["1f!nkSSdlKUIgxphJ4CpU4EoIFU="],"4afJLkoDpjLLyPjSsdCN9pC92BA=":["nKh3ox!!ZNSJQ6M3fFYHOtIWRCo="],"Oin0wR!l3KnbN+qubesAiLEV5JU=":["!6FSl7xDlZdj3f2kKxacwz1cm9Q="],"gJbM898b11mxTJdLnxiGf0v3siE=":["Up3DDr7y!2LnOf+a81wJVx!Sxek="],"h2lt528ZluRh7ArxCPAAoiGgI9E=":["!6FSl7xDlZdj3f2kKxacwz1cm9Q="],"EkksT1r1YczfTYRMM6DlLOIhKv8=":["D8SDKAUp0GQXbWnQqqDWZbe2Gmo="],"hbcKDRxBgmtjtA5V7c6a9z7rzIM=":["16Sp0PdVCfQBpIKp40+qqIiizbA="],"DeICNZ1AHfvDEuaKu3GbIUfj+GA=":["hD6PO92MhZtR8!q82Rw4KPltIOg="],"xp0hn31rqGHPEeoMiUpxmZAqbkM=":["01rBsOKoWt69gvEiqWkqysDn3eo="],"n+NQgo0MEsaFIEWtsTpXCxwfhfA=":["nNHhnNkBF14hvgKzSqA3oD0jeZY="],"CK4D5ltVYWc6xoFSndJVItqFrU4=":["v6qNHAl0qghDZOzixNSEWE2VkVM="],"Z9+VdgzcLhlxcyho0p6zRKCz1Os=":["nKh3ox!!ZNSJQ6M3fFYHOtIWRCo="],"lG0AQZgCFkAw0O4+wRlWz7B01EQ=":["TIV!XA4HGPbgk51Spv41yv8GINs="],"BK428!0Dde9Tr9D6arfihzZbC40=":["RzW5oMVM4TNDC299UDRuFL7GDIM="],"VR1vNs3olhT8w8f7dwgacSKISC8=":["Qm9MnJ4xw4drYLSFtQRl5jamZAs="],"ErrudH+ernI9euZWn+NSpzpVo2c=":["TIV!XA4HGPbgk51Spv41yv8GINs="],"Pz!HzIwW3dnrPSNXXN9QxIDJ+ec=":["RzW5oMVM4TNDC299UDRuFL7GDIM="],"dbkz0NEAGShUdWlS5OIQIBgueFQ=":["C+xWZwkOZvLqOb1ZmI2li9JVjLU="],"BKARpxkHi4DX0S5MqP+T2egbGOU=":["8A1UH4X5hnyN0QIllI+QATAywCI="],"pc24SPEtxDAAevt3nLQvvY2655E=":["TIV!XA4HGPbgk51Spv41yv8GINs="],"lnBPJ0hIZDrgkw5lkUXUWPB9gf4=":["TnaKPNQ!F4R!9Ey92S7UvIyeTGM="],"nEWRgiOGglWqD+cnva5Xswd0avA=":["nKh3ox!!ZNSJQ6M3fFYHOtIWRCo="],"O6BHaLpCEjFZgeI9963IFJP2jvs=":["VjfWbNzq2uEBrB!UdE6KYWFGzv8="],"eDfQEM+KERz9HjkQXi5X0BcF1Ok=":["FK05Dcl74NFOp37hyX9KECMA!h8="],"jAccnsaG6aNkeYRStKGY1utN+ok=":["01rBsOKoWt69gvEiqWkqysDn3eo="],"3SATByHGH7Ps09yZKzy6lWLj+g4=":["C+xWZwkOZvLqOb1ZmI2li9JVjLU="],"!SC4Kcs0rF9pROAb0phC3NWKH60=":["01rBsOKoWt69gvEiqWkqysDn3eo="],"XDbSf03vwVRxM1ikE0zwYwbSJ3Q=":["01rBsOKoWt69gvEiqWkqysDn3eo="],"G7WIFJo8ZUhIbPov3ktAuAeS99U=":["CqGYb+t!Fu!1b3KKTIx6bGqjD4c="],"IH3MPD4oT86QpdAYKBSS0bSYSgg=":["01rBsOKoWt69gvEiqWkqysDn3eo="],"xJWnx!8QC3UJcpYPAfYNNCApQq0=":["MGwJ7Yq4pBcst7Z9HJQwV6Q7I9E="],"1h70uP2tjh8v7WnkenisadsaXDg=":["TIV!XA4HGPbgk51Spv41yv8GINs="],"i0GRkmH8zZe2glnCSMWShdBGNGk=":["RzW5oMVM4TNDC299UDRuFL7GDIM="],"D2S5PnsabFuHbpizweAgG8QJwn8=":["TorPtE85Fau2Ofx8htpi5X1OiAo="],"0sDe7+oJHLP+oRhb!ALQxiJWi4c=":["GL2FpUW7VC1D22e4rSDj!uYq0DM="],"fObxPejBcXJUTaLARPOKsaxinek=":["TIV!XA4HGPbgk51Spv41yv8GINs="],"UmP1M8pH7km!igDscoCmUFpAFLM=":["hD6PO92MhZtR8!q82Rw4KPltIOg="],"i4Xw8Hw1RkYHObO4NLNCst01gy4=":["PNuh9O!m8FF8zKNQ7sWoTdESklk="],"F6RXpzOVaOvAyRpEzrIbz4!oqrE=":["FK05Dcl74NFOp37hyX9KECMA!h8="],"JImlE6xJcnKfLcvjdhPAo4XUHIo=":["01rBsOKoWt69gvEiqWkqysDn3eo="],"oZhyaV8fOl8inYuSuu63fSGjAfA=":["otcUcmC6wOtTC29SZkj8fOIEneg="],"8Smixd93zH22iJ!jNBJ0GamiC10=":[],"FwCAzi9HE0B+NIPGJxho!T1lxpI=":["v6qNHAl0qghDZOzixNSEWE2VkVM="],"DWQERac!rrEG8BqCztiYEtSJTkA=":[],"MmhXdAL1sRhSoiZkxAKU4X5lmok=":["TR2b2JZ7nYvZDeuWvmUs9810tNY="],"dtSqj4DtKIb7dGr9T9OKzSJ3btw=":["RzW5oMVM4TNDC299UDRuFL7GDIM="],"HhBkaxCNzIBErW9PJiLpSdJXaW4=":["v6qNHAl0qghDZOzixNSEWE2VkVM="],"REw3lGyS0neQbLtjIrpyKY2Tw28=":["bV!!Ft+XcTQhWb0EkbnMf1iTadY="],"L2BAKyFweVzXIITR7IDzEY0O0sU=":["v6qNHAl0qghDZOzixNSEWE2VkVM="],"nO9RxO3ktSM!92UgYFpz0DK863U=":["FK05Dcl74NFOp37hyX9KECMA!h8="],"bf5qD8BNdVw!HrhZgXQ6xdQy1as=":["IzsbYHcc52ypa3k7aJM9JPx0Jp4="],"TByjzp!RmQ3aTvEDh7xE!N34!zs=":["tdJyRB!IAhet!24RS2NJ5jnNPgY="],"AzUlH9MKbR9JkGDzZShsihYZwDg=":["v6qNHAl0qghDZOzixNSEWE2VkVM="],"EwxHOVNvQuO9OG3nHG+0A7w4Omo=":["wnCdTOmhnx22VGEWyIrE5WX6ohA="],"j2JXl1l73rFSeCK7bVvLk+kbn38=":["TIV!XA4HGPbgk51Spv41yv8GINs="],"4XnaXCenrlJfkyPN43Sa2vx!njQ=":["FK05Dcl74NFOp37hyX9KECMA!h8="],"5VyCul2l+IiXCbZaGDxWhPoEQAQ=":["01rBsOKoWt69gvEiqWkqysDn3eo="],"6Nwp7cmzFB8npzZebmBeiVUfeEU=":["kq3LDwWr3IZb2rIzD!plNrNvAWk="],"P6b+SfT0p7Rlypnj5w5!Kbe9x40=":["C+xWZwkOZvLqOb1ZmI2li9JVjLU="],"aSCr8T09a2Nmlyujin+NksvKaW0=":["9K45P3T3sXDOJ6wk7F0iunZk0dk="],"OW36N3GolZYlfFohz!AbCpYYB48=":["1Svps!Tl+GquVgMuNcfjrdpNjTo="],"jPWxXE8W0YYo1Y7mgDyxaNpvzBc=":["zdtvW7SS7UuFl0Oatv8wfrwj8CI="],"mVDQ65r!LLJo6jjr+okD3dmD58o=":["GL2FpUW7VC1D22e4rSDj!uYq0DM="],"1X+opiwKknFLuppDw+jlcnI3ayg=":["zdtvW7SS7UuFl0Oatv8wfrwj8CI="],"EilJvqLZiT5VPMt!8kWx+eRiAzY=":["zdtvW7SS7UuFl0Oatv8wfrwj8CI="],"DGhlNDJPa6OJkKymROzo59JcAq0=":["zdtvW7SS7UuFl0Oatv8wfrwj8CI="],"CgZOZBvdaIcH6bmzKW8zaJLtzlE=":["GL2FpUW7VC1D22e4rSDj!uYq0DM="],"aS3rmBhBQxsF4rSun8fc+LOMOSI=":["zdtvW7SS7UuFl0Oatv8wfrwj8CI="],"xes0h95ed0JsEB2l4Ibgq4M5t88=":["cnVQ9fYCLpmIzdUh90AdjgIkWD8="],"NpDyQiI5G+8SpaRxa4BydudVFI8=":["cnVQ9fYCLpmIzdUh90AdjgIkWD8="],"D6J6FCjX5tN5CeI0K!lMzqyGguI=":["MYrALYqqTK18i0XT24rUT+qZKUE="],"LGkgJP1YOSKhWm6PHH7Kmc6ybeY=":["XEA01uLy!4wBCxOm6YdegP1gZiw="],"KTo0tMpKP53j+pT8QcdPvBzJM6A=":["OMvDK9BS2Fc7IsFKpF1!F2sBWKQ="],"bWDM5Yt2U0JWIB00ZckTzxYsSQg=":["nNHhnNkBF14hvgKzSqA3oD0jeZY="],"2rFQGQcI2!YoP0JIgu4u6n!BVUs=":["487hZ5VZDdf70MbcxcjZHqu9Ej0="],"DD6TmHwmCQRw82YRrPnVfRVi1Xk=":["i11LQjoe1nqgP9eD4d4!OTbuk+0="],"+DjH2+mPa7FRg9Et!NIYdmAKJ+U=":["cNPwr3I+JfuqdxlcvJ!F3Tmf9Rc="],"Ii7lTlnPt9sWeF4aUqi6S1nJzZc=":["I0tAwJZAZd1fUA!NL3CYbLCd5fQ="],"HSodnaSz1s!je7nGTJTSiSXoMrw=":[],"sCUMkA!5tMkp4BTIc1ylqdqpiqs=":["v6qNHAl0qghDZOzixNSEWE2VkVM="],"3pK+iAHhBnu313te25nKGZUEmK8=":[],"QeBlDIeV17!6IyzbpOJSK1DwPaI=":[],"aa1GPRG7npF25lScvgiKSAso25c=":["01rBsOKoWt69gvEiqWkqysDn3eo="],"afB3NRjcR7itdZZ3rL0uTvi6BoM=":["01rBsOKoWt69gvEiqWkqysDn3eo="],"PXttJUSYl0Cx!v!SYqLqR4vGuNc=":[],"vR5cX+Y5!D6tA+JLO7XUEPq9ZAg=":["v6qNHAl0qghDZOzixNSEWE2VkVM="],"e4Vbfdq4pSzlNtMXVaDz37O5w9Q=":[],"9JP1DbjOtGvo6Bni+caoF5YC6tY=":["C+xWZwkOZvLqOb1ZmI2li9JVjLU="],"fwSu6Ro!u24RAObw5fXe1XP0Dx8=":["7zih19nXkFKwzoaqheTyl1RHBgQ="],"teK5mn!e6qfZeuIzlPD0zN9o4IA=":[],"HWhIMmsrZrgxJ!mVAMCe4ljYX4w=":["RzW5oMVM4TNDC299UDRuFL7GDIM="],"IiOF6GUrv+Tj4mFMFTpmMz6N!Uc=":["VjfWbNzq2uEBrB!UdE6KYWFGzv8="],"2ub88yXgkK3EWKhZIqJOr5TQSl4=":["v6qNHAl0qghDZOzixNSEWE2VkVM="],"Iv5LMIt1bgB4aGIt0rmXHvlDBJc=":["GL2FpUW7VC1D22e4rSDj!uYq0DM="],"lP5ehIkMjJC!zsu3h26fT9MqTog=":["TIV!XA4HGPbgk51Spv41yv8GINs="],"8i8uW8ngmfcStbh3rZaXlKeHISI=":["GL2FpUW7VC1D22e4rSDj!uYq0DM="],"8i3RtPtGTlJAxrpx!ri47EGWw7I=":["VjfWbNzq2uEBrB!UdE6KYWFGzv8="],"BUdj9SizXM!wrEEvgafw9adbe64=":[],"0CjjADoV!xNegl!XSkb9AZmvQoo=":["RzW5oMVM4TNDC299UDRuFL7GDIM="],"zTKiidypycqfHRDKRf9hzABOLXA=":["RzW5oMVM4TNDC299UDRuFL7GDIM="],"zHk0NbxqCR4Jikl6bihTARmIzCA=":["1f!nkSSdlKUIgxphJ4CpU4EoIFU="],"37gd3eCfRgvpJ0Ja6JvLe2z8MT8=":["zto6BzHHexFKWSEu!bcZ8wP!qYQ="],"EPkp1Xu87aXo0N95wKwG+H!EeSo=":["QwFtfFsoqjDKL1Lkk72HH!7cjvE="],"9w2sb3n1sgXkILjoTQ0n8jshEMY=":["C+xWZwkOZvLqOb1ZmI2li9JVjLU=","QJ+mYYsJR0hs06iR8gQRvZPpCOE="],"LBDRjsifHRaTTSQsD0CBsNax9e8=":["TIV!XA4HGPbgk51Spv41yv8GINs="],"hGuH!vrH5jjLEtRWceML8yZMHaw=":["7Nq96Dat7EjAM7TmxEAPwqHCqa8="],"9nSTofQd7ZQ3!jUMkcNN6s8CdYI=":["RzW5oMVM4TNDC299UDRuFL7GDIM="],"lH1+qrsGEw4YTYdPRpG!GgG9pzU=":["RzW5oMVM4TNDC299UDRuFL7GDIM="],"FTQBXSU!kayAU0bQWECjobd6OSc=":["i11LQjoe1nqgP9eD4d4!OTbuk+0="],"5ZrpU4zSAsrDpae7HzyKRBISghU=":["v6qNHAl0qghDZOzixNSEWE2VkVM="],"BFzZsphxr9zFg3q7DyAM2n!mWkI=":[],"gtFO9pKEepKJNCJkf+R1K1iWEUw=":["GL2FpUW7VC1D22e4rSDj!uYq0DM="],"6Ll1JND8!c2pqsIOLz8jDsp8pho=":["nzy6xB3!v4dh70UoBaSnV0RxfWY="],"4dpILQ4ZVAXYI1TNnnIjFkbgrEE=":["TIV!XA4HGPbgk51Spv41yv8GINs="],"JIcUF2AG3!qC9YlqZlgNaoJin2g=":["otcUcmC6wOtTC29SZkj8fOIEneg="],"!In!9fUpRDZHjCndOwF3l5EIFnY=":["TIV!XA4HGPbgk51Spv41yv8GINs="],"HUYTrr2M53rxmKl7GesK+Wpn3aE=":["TIV!XA4HGPbgk51Spv41yv8GINs="],"2cmxVx+2cLVR2+yD+pxYJXfxZdk=":["TIV!XA4HGPbgk51Spv41yv8GINs="],"bETqb!zE8OS9+0Y8CgDw3+T5zPY=":["!6FSl7xDlZdj3f2kKxacwz1cm9Q="],"KgwK9c!krJrJIJglQBMJH1wk!tM=":["cNPwr3I+JfuqdxlcvJ!F3Tmf9Rc="],"cxaUkgWX+RKr7cv4WvdKsQfIoFs=":["iYGqHETIwre0r7Y6jyVZ1yb!EGs="],"xgWYJfoleqPNPZnM5fwZAmYACgQ=":["8A1UH4X5hnyN0QIllI+QATAywCI="],"Mxra8HwKOcaF2G+qQAN0gbs1MW8=":["01rBsOKoWt69gvEiqWkqysDn3eo="],"UXNQeZJAMeE5cZJ0EiBXuPFb7WU=":["RzW5oMVM4TNDC299UDRuFL7GDIM="],"2eSBxFCPddw2qGb7KvVBwZ6oM9A=":["01rBsOKoWt69gvEiqWkqysDn3eo="],"c7pYmcdiCPGSn!fbs2zltLS5BLM=":["nKh3ox!!ZNSJQ6M3fFYHOtIWRCo="],"zlRMAB9EBXX4voaofWSA8sluVsc=":[],"XlFxofReiGCbX7GgUIVJLI8eu9s=":["01rBsOKoWt69gvEiqWkqysDn3eo="],"1L22rmIXwS6x1JK3DhVR6LH9U6A=":["XEA01uLy!4wBCxOm6YdegP1gZiw="],"djlNnkgMKfrSriyb7uHYBb+7HQE=":["TR2b2JZ7nYvZDeuWvmUs9810tNY="],"In6WEpQac1W0eEI5xeEtD47tkKc=":["QGnywnv85i3!YNPRS1u4fybbMNk="],"uRcvOjsTP6CQdHFImw1ia2Eianc=":["wcgevcvoEPPC31jBsPDti035CaU="],"CXHDA77h9pdLNTza6ejtZJdIOQk=":["UcHychzAN5hxZIDKFCEVecS1SF4="],"Ufk1EFYWOnatJYH4RGxEm828K9M=":["mvbqSXEhhgsLYdkcgZANJFJTtdQ="],"WC+U!Ua+7e5peU8SPd1sT000vkI=":["mvbqSXEhhgsLYdkcgZANJFJTtdQ="],"het6TcRAz0GdkiqnXIxp7NrUgmM=":["mvbqSXEhhgsLYdkcgZANJFJTtdQ="],"Tnotefd0LXqdDTba9ZdAa88p6TU=":["mvbqSXEhhgsLYdkcgZANJFJTtdQ="],"uJc4pp4UunF7TNrQmfHa!pAcKzk=":["mvbqSXEhhgsLYdkcgZANJFJTtdQ="],"bSFBh4xEtD+NQO7YPK6pakxUlsU=":["i11LQjoe1nqgP9eD4d4!OTbuk+0="],"PpGWcQRoJWlQvAfLv18ZT6iDasw=":["RzW5oMVM4TNDC299UDRuFL7GDIM="],"T23H7KMJlQAX1vrOzvTxtnTOpdg=":[],"hMt6QP8wGRTwOI530HMH5J6Z+JQ=":[],"vgx0E+y5qEWLWh7Y70WwwZHI0wQ=":[],"Cr8BjMTdCDDykR1q44JgM54gbSE=":["W8Ky!LoWIswxqOFkWn8dRcTo0VI="],"o884PUXFj!GMG4gqnK!go2b4czw=":["01rBsOKoWt69gvEiqWkqysDn3eo="],"8RCYyrX2AhCxPmIf9QdutNzviNk=":["UR0iGCzSyFWtYIhl+1IGyZeRMYg="],"yY8GdTd5K71xhIIYZIuGoaq3Unk=":["Icgu!GMhOnr!p4F0tiQzharRaEM="],"UhWz!bE7qhVPxsLdm7!Iw9miBtE=":["TIV!XA4HGPbgk51Spv41yv8GINs="],"BIrpOWXcfHSiB1Nrmq!T0X4HMM0=":["lrj0SKNY1ir3EhsF4x3OrpdVqTE="],"HHgbekfe1hMFir2iZhNs!MSMbDM=":["TIV!XA4HGPbgk51Spv41yv8GINs="],"BjM1Bid3Sn!GaKFv6i1Hq7rjqMg=":["TIV!XA4HGPbgk51Spv41yv8GINs="],"7AVa0F8L18aCt5QpQA4L29itzPI=":["tQ2VbCs!gU2ypkUriXjd+XYg9TY="],"3JRzjMKJFju0uSbjX4Zvp8zhzrw=":[],"1wa4hmYX+NukmdkSdflKI0vABZw=":["lK70Z2lovqMwmxgqfdn4cdTpo28="],"wT11pTclO3eqxcO3SybEFbAQbyo=":["WHB0iZ6!rv!JfP6h9MzX!z4cADc="],"qt8zr3+La72beEvbA5GwL5VV27Q=":["WHB0iZ6!rv!JfP6h9MzX!z4cADc="],"lnsmi7asSrUWAS6pYE7qcFe91uc=":["PgbQ9rrhCLp4ojlLa5Oz+W76bH0="],"suLcXfq7gbkpyficxTt5vSjVr+Q=":[],"3k087PJFcY4QtF5GXGJDV6T5Z9w=":[],"K8eG6xQndOzjmGySavjXHTJFX6c=":["TIV!XA4HGPbgk51Spv41yv8GINs="],"dW62ds2pJO4OTgd!ofXKmbkpQxk=":["QMlxeIgPgOGE9DxuvRAvfpJxkTQ="],"Z0Sub2RwcIFR0wVloK5E7AcWzdk=":["bdAPZyu1ME+AMg8AnY3uARGULjs="],"9YIXN7eaxfxGGPBG1bNeVr54vQY=":["v6qNHAl0qghDZOzixNSEWE2VkVM="],"6+jtXU1yGHwXsZB8xKRxgEg!7Y0=":["IW5j3KucaHUgMYClt6z+iFaa7uA="],"4SN0p4T3TS4kCZdkTgsS8hJp92g=":["IW5j3KucaHUgMYClt6z+iFaa7uA="],"1ybXGVnv6eFHmt2pyK34UgcZw!I=":["IW5j3KucaHUgMYClt6z+iFaa7uA="],"BkYjkvY9TZqlpxpQH1sld57h9ks=":["IW5j3KucaHUgMYClt6z+iFaa7uA=","IW5j3KucaHUgMYClt6z+iFaa7uA="],"IqX6BTQrDQyK5fAPBjMqCLwsZGc=":["IW5j3KucaHUgMYClt6z+iFaa7uA="],"rZ6BfLKuHQzaacMuiJhGhjtlCV0=":["QMlxeIgPgOGE9DxuvRAvfpJxkTQ="],"6f6muiVBzgnM!ECoz3G3OEbTY0U=":["!6FSl7xDlZdj3f2kKxacwz1cm9Q="],"!PUmJDlTzw8EsKbE7YKJ9rELYR0=":["RzW5oMVM4TNDC299UDRuFL7GDIM="],"Sw+TzCsiAwrN9UXbxghLeGGDSrs=":["RzW5oMVM4TNDC299UDRuFL7GDIM="],"IL5DCjHo5T2Ik+TqjFY7xhdUMoA=":["c0!KUxQGgf1GFHZhjvvj!rPv1wo="],"wuNl8GXi4yYBVtDzN6kjMCvvITs=":["7Nq96Dat7EjAM7TmxEAPwqHCqa8="],"j0jVDwp3pssnku!9+8H2IUrgpwE=":["ueEn1n9C29Hk3GD2vi6gR8i8+ik="],"3o1v4xZQuMPuNPAKVEUT2ilTzdA=":["ueEn1n9C29Hk3GD2vi6gR8i8+ik="],"Z3+ZTIg5GH6rk7tx9PKK5MryoMs=":["ueEn1n9C29Hk3GD2vi6gR8i8+ik="],"3LXerU5VwaErAp7mD3qRaiWhHPw=":["ueEn1n9C29Hk3GD2vi6gR8i8+ik="],"ScH+jFwhLDAS2hLIccJzMCjgbdo=":["RzW5oMVM4TNDC299UDRuFL7GDIM="],"kBkTho2JhftE!VUjoX2JqRmhCrY=":["hD6PO92MhZtR8!q82Rw4KPltIOg="],"RCxe8UunYbOaTYNmFlQ4CRxnQ!o=":["i11LQjoe1nqgP9eD4d4!OTbuk+0="],"SYaCqCn2G1Ckh2jvBWQeDVbCM70=":["RzW5oMVM4TNDC299UDRuFL7GDIM="],"XaP07D5+2cXP+IwUbekAz6pPm7A=":["RzW5oMVM4TNDC299UDRuFL7GDIM="],"a3Fngr2Y9qC1i4BAbWXCriOXKSA=":["iYki!oP97ngIJM8u1jMOLtNBXs4="],"SrO+Oxp2iFKkRCCL9xMS045KI2c=":["TIV!XA4HGPbgk51Spv41yv8GINs="],"+AUzZri4wsmvb2J20tKyrlVe+NQ=":["1f!nkSSdlKUIgxphJ4CpU4EoIFU="],"SnIAHjOya8RfTGOP1D7bpJQ48Js=":["!6FSl7xDlZdj3f2kKxacwz1cm9Q="],"qCqiyZyc53PwwUeQmcWFRf5i3sU=":["TIV!XA4HGPbgk51Spv41yv8GINs="],"!jLp16Sx3iFK!Zctzdd6feGZILQ=":["XEA01uLy!4wBCxOm6YdegP1gZiw="],"ySbJj9Qwpbtbrc126sSSeJUqgR8=":["01rBsOKoWt69gvEiqWkqysDn3eo="],"XWqKWarD3shB7roze514HL6oGuw=":["7zih19nXkFKwzoaqheTyl1RHBgQ="],"lNRraSrOkAS841OCHGkElUs!2sA=":["nKh3ox!!ZNSJQ6M3fFYHOtIWRCo="],"x4dPvpg!yyFlnW0br32vuAofyCU=":["lrj0SKNY1ir3EhsF4x3OrpdVqTE="],"pXYB6+Fm!3cBuuH8tUaD80YIW6M=":[],"EfYa2RoaY6akGH!w4KS2HF9j9yk=":["I0tAwJZAZd1fUA!NL3CYbLCd5fQ="],"FvTJLMju2AkcnXdWJVKCQUXPGoo=":["C+xWZwkOZvLqOb1ZmI2li9JVjLU=","QJ+mYYsJR0hs06iR8gQRvZPpCOE="],"kgnRe8edgop3vRI3vphQ8TK1f+8=":["RzW5oMVM4TNDC299UDRuFL7GDIM="],"JFsf3t18E+RiLMghxHhAKo+UmN4=":["RzW5oMVM4TNDC299UDRuFL7GDIM="],"U767ToLI50ByvcSdoXT8fCwrHno=":["01rBsOKoWt69gvEiqWkqysDn3eo="],"s787KIc2oHNCR+3r+em42L5Yaow=":["i11LQjoe1nqgP9eD4d4!OTbuk+0="],"LNMKYtAnS+6rFG77FlUxnBOBJiU=":["VjfWbNzq2uEBrB!UdE6KYWFGzv8="],"bICb4+fqm1yxquJwDXkuPiuXzAw=":["v6qNHAl0qghDZOzixNSEWE2VkVM="],"mDWd2MAmCYh57S+PbwpmkAvOczk=":["v6qNHAl0qghDZOzixNSEWE2VkVM="],"D3nR+KIfX9hlCnX7qyAYL7fFSfw=":[],"OQLTFn5Bg563E6VuUiQtEQH84Oc=":["TIV!XA4HGPbgk51Spv41yv8GINs="],"EdUucdvrlX51DgbgbSXo0jVy6H8=":["vPNKU1MeIgv8MmOPDdufPPxZyZg="],"iTfWqEzT0k5USO5AZU9wGFJ3mws=":["fbyPWd7ncJpMxc20U2PJCEcO+5I="],"8I8d82WYvJr01nI4VMMp9KgBMxQ=":["TR2b2JZ7nYvZDeuWvmUs9810tNY="],"aaemlQXz594G2MstYZkJ1qdGrqA=":["9K45P3T3sXDOJ6wk7F0iunZk0dk="],"rCAj5zX0zy!Ul47fYcppfkPP0bE=":["nKh3ox!!ZNSJQ6M3fFYHOtIWRCo="],"ckNNVrF2HLvCXaFAuXEmf1RH0bs=":["8A1UH4X5hnyN0QIllI+QATAywCI="],"D5g+GO2P3T91Q1k2pLHRQq97ITY=":["KMys3iwtc!Opdks6MOU5jMvx64c="],"wPJyLCYNgQDePZ+KmwzL5OEeODU=":["15CaRB3!hKwfVYrhwRr8!ueaaww="],"FtaqIJoyMfSSzqtN005x!uha+Qw=":["nKh3ox!!ZNSJQ6M3fFYHOtIWRCo="],"VTqWXfOI6aH2MIXSp+rk+BVe7w4=":["Icgu!GMhOnr!p4F0tiQzharRaEM="],"hp30GfK6OTYEId7mxR4Ydsp9zOg=":["aQSxDKpflO3!6YJtKGHiqXo1eyA="],"hmpfAeCiGif1Zt0CUBVr5YLPnxk=":["otcUcmC6wOtTC29SZkj8fOIEneg="],"a4tJq3KuNyxpsFqrvlC08DHgxTo=":["487hZ5VZDdf70MbcxcjZHqu9Ej0="],"S5XqmPMekG6Wbr4NkAovkLoadTg=":["487hZ5VZDdf70MbcxcjZHqu9Ej0="],"vm4QkMIhZeg4XKtHlxFaTUUB3Q4=":["487hZ5VZDdf70MbcxcjZHqu9Ej0=","otcUcmC6wOtTC29SZkj8fOIEneg="],"CH2w8fc6GWTXynFZeTyEKO8PouQ=":["hoTjPtBWmiBO6IDt3OwqW67p9X0="],"pRh5f8n!CWRA9ohAm2X06jlL05Q=":["cNPwr3I+JfuqdxlcvJ!F3Tmf9Rc="],"KM1sMh!FF6CVXXGRuqwB3I600UU=":["EyXLQ+2Sw7OwhPSL!nM37xELc1c="],"OW8ea+GEMBSpnIdqcjUYl6iwI!Q=":["RzW5oMVM4TNDC299UDRuFL7GDIM="],"sqj!4jmlRiyu6RgipxFfhWJlk30=":["XEA01uLy!4wBCxOm6YdegP1gZiw="],"!pvZIbiSwfmME!ikEvj4KC694t4=":["lK70Z2lovqMwmxgqfdn4cdTpo28="],"kAMjAaxVmbU!I2Nftama!CfZzP0=":["nFh2BbdtY1mvdQalsnNFptaecmM="],"dN4xMdo1pn6phBuPbQhk3n3ic1c=":["UcHychzAN5hxZIDKFCEVecS1SF4="],"+iZGhHpDqbUJJboZgw+wid8DHMk=":["Icgu!GMhOnr!p4F0tiQzharRaEM="],"oxtfup3MQ7Gq!jGP8Uh4dNObQUo=":["Icgu!GMhOnr!p4F0tiQzharRaEM="],"zQAjIy8YTPNKuUSML8DtJzL!e88=":["Icgu!GMhOnr!p4F0tiQzharRaEM="],"XqW1yC!yDu4sOhbdmsMOzh9fu7I=":["7fY6m28G1dXhchYs4ZgB5qk2Xkk="],"f6BNJDT5ggU+uCdULI1NY+8mxso=":["7fY6m28G1dXhchYs4ZgB5qk2Xkk="],"CySdy75iJEPcv8D8kfQjHTUxIIs=":["4x0K9Gts333v1xgwd+6!Wabakdk="],"RncyNoE4XRxiY6!2JlHIW2wr1cQ=":["3Puvh9eNHDyyOINrBer2K+hFxMo="],"X67iyuKvhy+7nq+4g1qL6rafu04=":["otcUcmC6wOtTC29SZkj8fOIEneg="],"s5XNTDRkffECUCfwn3vBiC7uLEc=":["RzW5oMVM4TNDC299UDRuFL7GDIM="],"q+vce+iiT!raQFlmJa!+Gn1UhHY=":["3Zn401ctOhy0TWYzPIsPMpYKP58="],"5PjXyIUpx7!VbqGDeOYmKQASOes=":["hVn8i8dkCPGiNvKZLMuDjxtbW7c="],"nboLNAZg7N6F5ynpyFo0zM1!KD8=":["hVn8i8dkCPGiNvKZLMuDjxtbW7c="],"3zKLOBGHKiI0W1wvZIPAMKTWTik=":["CqGYb+t!Fu!1b3KKTIx6bGqjD4c="],"6QMMR+yatimdnidZ0o3WBVP44YQ=":["nKh3ox!!ZNSJQ6M3fFYHOtIWRCo="],"oW8quENk+9q3wNq85uPx4aLXoP4=":["wnCdTOmhnx22VGEWyIrE5WX6ohA="],"!GUDG3TzoKEiCcVbtyYpyJqncec=":["CqGYb+t!Fu!1b3KKTIx6bGqjD4c="],"H8MUIj6KSAymvO2ntMYSNtOhxpU=":["QULiEqELdfBnpQ8VuW1ORoMN9GM="],"Ex!Rg66ieDfIt3pxOxumRGPKCHc=":["9KxlRAolTPdFKBRnWWYUSs2N6yE="],"zDX8As771n75Rk30wStc5mhg5hs=":["MYrALYqqTK18i0XT24rUT+qZKUE="],"RAum86ssDRseMX5OThjnXwBnTbs=":["4Omm7Js!!SPSdshuVuxpCzj2XRc="],"jM6KevUw9+znWQIRRO0FI1YLWik=":["tQ2VbCs!gU2ypkUriXjd+XYg9TY="],"YyWxxVsrEpYV7Pr7IontseiUpC8=":["otcUcmC6wOtTC29SZkj8fOIEneg="],"ONNd0ut3JdJiX8pPBo5ZurlZg+U=":["cNPwr3I+JfuqdxlcvJ!F3Tmf9Rc="],"GTRJj9DhX8JkzqGwsAVoOz6qFM0=":["nKh3ox!!ZNSJQ6M3fFYHOtIWRCo="],"6KCn1w!F8glnOqXeXE+CWjd9fpo=":["wcgevcvoEPPC31jBsPDti035CaU="],"lScVEw0iAJivooYvDwR5coF4hng=":["v6qNHAl0qghDZOzixNSEWE2VkVM="],"l+N+bdiQXmwGnQvEFxakF8pmRyE=":["RzW5oMVM4TNDC299UDRuFL7GDIM="],"47rfRi!gFR7Ci2v1SSJtLrBcfOc=":["01rBsOKoWt69gvEiqWkqysDn3eo="],"XDATSWvN+DATki!5wXKQlvG!vO0=":["UR0iGCzSyFWtYIhl+1IGyZeRMYg="],"t09s7F2Ltq8DA89pIwJhT0hyVi8=":["MouJ!7Sx4BsAdrfYiquDTWNXFQk="],"fj+rFamvbJGrNT3JyqVRce4n2tY=":["ybUDkpv!0KKFtzZcFYxKfVJl55o="],"!h7YF0opNvI3zzqjjWqOp11z3nU=":["iB5rlWdIuIz!GewC8YzshzPOWqg="],"uesdKLUsqtZq8B7sVprnINhfOH0=":["nKh3ox!!ZNSJQ6M3fFYHOtIWRCo="],"JkTu54u5ZA3JS!pdBGj84U!JfDw=":["TIV!XA4HGPbgk51Spv41yv8GINs="],"8Hqtzp6+gLDAqxOqcJlnVPDiRP4=":["otcUcmC6wOtTC29SZkj8fOIEneg="],"luxz3or0yHO!FdJfzKdXL+hm!BE=":["UcHychzAN5hxZIDKFCEVecS1SF4="],"KRbvAS6trolQgQDR5yoV8aMm!68=":["3Puvh9eNHDyyOINrBer2K+hFxMo="],"peMoUwDHF7sBCx+2C7t3wXDP4B8=":["7zih19nXkFKwzoaqheTyl1RHBgQ="],"j8kNtUTFK+Aavffp7c4mViTBFuk=":["OITorbUSlMn!+oLyrANrUc+VlvM="],"Oqec7U2GGlM5++W1dWHaP2nisxY=":["Dp+!3gDCPVEfevi2LipnB3LbuCw="],"ZrZwiaohIFP1+hWJYUYh8jNeXig=":["MouJ!7Sx4BsAdrfYiquDTWNXFQk="],"iY4G8UMD0reOaNW+qQjxGmPFzPY=":["Dp+!3gDCPVEfevi2LipnB3LbuCw="],"lLGUk3DwE5QOOWR7832FgYYkVRE=":["MouJ!7Sx4BsAdrfYiquDTWNXFQk="],"VS1hgPjtTdzUQFu4zuJl7ebikfc=":["Qm9MnJ4xw4drYLSFtQRl5jamZAs="],"0CNJCr!st0k06!3tI8J8imqAhoA=":["jj32s2r4+q7+!ECn5Q8oh9M04Eg="],"pzO!6U89kdQzI0I4En6B3AtWeCc=":["lMPe+I5!nVpfTWFejiSvJ2uvpyE="],"MSFpmee6yIwd!JCj6rsAXsJOnJw=":["otcUcmC6wOtTC29SZkj8fOIEneg="],"83D1+tTMxa0GscbDsPVO51xpxs0=":["otcUcmC6wOtTC29SZkj8fOIEneg="],"uXDbyDaKA7BFfvQoQ3fStcpoAhs=":["UcHychzAN5hxZIDKFCEVecS1SF4="],"orEeTy0qbe+OF!uHRSs1Ikm9klc=":["9xGDyuvAWtNR02ePmHcRKtYtNVM="],"hPzmMuJQfkyzSHLSKJzZ4eL47Ds=":["7Nq96Dat7EjAM7TmxEAPwqHCqa8="],"xT8HP0SEJmgmQdQBm79mWQj+zHw=":["nKh3ox!!ZNSJQ6M3fFYHOtIWRCo="],"JxT+iMMTUMWr6K5o9GZ6cQodoiI=":["Icgu!GMhOnr!p4F0tiQzharRaEM="],"Qz6i9a!p!nvMylcqHSz0di+8f28=":["Icgu!GMhOnr!p4F0tiQzharRaEM="],"EzLj4b7u8RzkNgrFf5U500hSYL0=":["lK70Z2lovqMwmxgqfdn4cdTpo28="],"fanBH0liuikamo+BX+sEPTa9Rrc=":["EyXLQ+2Sw7OwhPSL!nM37xELc1c="],"2pFDoXyeI1pdzEI7lKhCLEvSiUc=":["Dp+!3gDCPVEfevi2LipnB3LbuCw="],"qk6hVXGwaXpaBMCTZnQAfr2dN+Q=":["UcHychzAN5hxZIDKFCEVecS1SF4="],"+CEKpu5bK9qWDiN2cxONgpjtjuY=":["EyXLQ+2Sw7OwhPSL!nM37xELc1c="],"xxc!7SW6vSJen!yQh+Wo5tEc0Ms=":["9m0vTjUcvnOX8ZhSRscOO2BSOAQ="],"dqNOmrMLPkvMElcr!gYzeOuYuuo=":["nKh3ox!!ZNSJQ6M3fFYHOtIWRCo="],"0jv6bu1!sdHPO4rrct3fozgtIYM=":["hD6PO92MhZtR8!q82Rw4KPltIOg="],"63XOdOUfxTIVcurolJGWUpbHIO4=":["cNPwr3I+JfuqdxlcvJ!F3Tmf9Rc="],"i6jL6bhQC2YLPWZHXMDkeBrFmwQ=":["xUQTu6sVAvxT0T+6mdhWlvYzOq4="],"D7s+HjM8DtDVqmZ!2zBmrutioWI=":["Lx5VnUw!iEhFA5w!3EJ3woTeydk="],"q4rnfrrd3AxofuesRiVOiF2CgPM=":["QwFtfFsoqjDKL1Lkk72HH!7cjvE="],"Rat7z1eewi5tU40jLQ99wDI5UnA=":["NSFmsYI4X6UFNZsCJWKGrObz!z8="],"6mTLTpX9sBRsE2aivNlf9udJWV8=":["3Puvh9eNHDyyOINrBer2K+hFxMo="],"bFmIEx9KD2aIB!xWefZdtiR+65Q=":["lMPe+I5!nVpfTWFejiSvJ2uvpyE="],"mEljR0uZ3IX1aHANjdBHJ2V5Dm4=":["v6qNHAl0qghDZOzixNSEWE2VkVM="],"VnRTx1g0UqiIFZuSko6Mj303xHk=":["UcHychzAN5hxZIDKFCEVecS1SF4="],"t0o14VIRqpTfFUcfLbzapmdOfKE=":["otcUcmC6wOtTC29SZkj8fOIEneg="],"+qmTEhreTjamh4+vEdtQb+x33BI=":["UcHychzAN5hxZIDKFCEVecS1SF4="],"LqdLMPEaDLIzxwYlFFm368BMWfo=":["UcHychzAN5hxZIDKFCEVecS1SF4="],"RG1n83lPBZL8ihEQIRlG9m71IoI=":["UcHychzAN5hxZIDKFCEVecS1SF4="],"yxSoFh+ZDFmFfKvDX31jGqGHOG0=":["OITorbUSlMn!+oLyrANrUc+VlvM="],"gBnnU2vaHq+waqVzUi28+nOq23M=":["UcuOZmT0MIfJF3eBn8Dqc+cCpYw="],"MsLtcUc+ZdSbK4jCiURzAhjLJcQ=":["4Q6UGQzAe!ym5KPL0MDQ3psNeuA="],"R2CYfcpZ37d0mbt1uD+rT!FzVW0=":["lK70Z2lovqMwmxgqfdn4cdTpo28="],"!Noysw+9!5cTs9!QNeSO4TgwpC0=":["wnCdTOmhnx22VGEWyIrE5WX6ohA="],"crud89BEx3VAspc728vGskyS46E=":["hoTjPtBWmiBO6IDt3OwqW67p9X0="],"QTuOQODinPkwVcsx9Ljr55+cEco=":["QGnywnv85i3!YNPRS1u4fybbMNk="],"sjqDahLCTx4H1fxNmQyEXicP50I=":["VjfWbNzq2uEBrB!UdE6KYWFGzv8="],"tJ8+03JBt3PoaTsBMNHCWxIFyFI=":["Z37Dcq1iGIpCoRTFqZO3TdsBq!k="],"KoHronhvCfgC4k2!nPey60zulzA=":["Icgu!GMhOnr!p4F0tiQzharRaEM="],"jYyahrbh1E6I5w64sWROwLJlj9U=":["xaKVmreHCMb3XXdsWK4k9OlShsU="],"xDGd6t+4PL1tjy0Qg6!RwFhCDRI=":["DzDgzqj2dqnYXeTR0joiloLa1f0="],"KZz5SCvEgK3aMTIgeUiU!DS9EMM=":["9m0vTjUcvnOX8ZhSRscOO2BSOAQ="],"b9o6QLfh4XqClFveKp3ru36DOh0=":["MouJ!7Sx4BsAdrfYiquDTWNXFQk="],"YQ3lLbCu4zfBJ+jqgs5MHC4WHx4=":["v6qNHAl0qghDZOzixNSEWE2VkVM="],"9u7YyHOF4zBq9UqXISLD3lGVzjY=":["nFh2BbdtY1mvdQalsnNFptaecmM="],"ubV3g!P4guokJOs+Ws1D!VFzwLs=":["nKh3ox!!ZNSJQ6M3fFYHOtIWRCo="],"dyreJ2w8SJur72F7ZYHSCdDzAyw=":["v6qNHAl0qghDZOzixNSEWE2VkVM="],"YNcqslp0HqWexgb75n37KpiJJEc=":["Icgu!GMhOnr!p4F0tiQzharRaEM="],"NFswOgta5Ogh0stVlyejxaJ+Mhk=":["Icgu!GMhOnr!p4F0tiQzharRaEM="],"C5E+BZQy2vIpeUbxVlWBoAs6pL4=":["UcHychzAN5hxZIDKFCEVecS1SF4="],"lhF2BXUWvo0hcPpINZLndM6N1M8=":["4Omm7Js!!SPSdshuVuxpCzj2XRc="],"HAvAh2ZJIBCHvPyPBx19xvp9RBk=":["PgbQ9rrhCLp4ojlLa5Oz+W76bH0="],"F+ITLYmuKVprcHNX3Do9!6TjSME=":["cNPwr3I+JfuqdxlcvJ!F3Tmf9Rc="],"tVqhTl3n6ZjPI+dzagDgFLLxWw4=":["CqGYb+t!Fu!1b3KKTIx6bGqjD4c="],"F4zw2svNehvqO5hAGBZDgczZVB0=":["MYrALYqqTK18i0XT24rUT+qZKUE="],"f13OYjwCPM6hKPoU9NSOAXb7ngc=":["otcUcmC6wOtTC29SZkj8fOIEneg="],"ZCnkk2HVhyFQaiN6yFC8OnY+ItY=":["ykCll3EQT91dBQiE+nJOaxWUsMk="],"jsEh4nuQ8aPer0KM8WdA13028zI=":["3Zn401ctOhy0TWYzPIsPMpYKP58="],"bqIeuk9Ydi0ixBOTn1pzFHHwPoU=":["ykCll3EQT91dBQiE+nJOaxWUsMk="],"5hZKHw2ImWpLUMf!q6URcqx1sFE=":["UcHychzAN5hxZIDKFCEVecS1SF4="],"dxbs07PwOlpZl3rowU839Z+lYjU=":["4Q6UGQzAe!ym5KPL0MDQ3psNeuA="],"qyJmdKHPX0m1ZayXeTgAJzx+gck=":["4Q6UGQzAe!ym5KPL0MDQ3psNeuA="],"c!aDftE+sqlo4L3aTSTA8ZdSUJU=":["RzW5oMVM4TNDC299UDRuFL7GDIM="],"kwgKfKhWrcV8jd9nZoHUWFGBTHo=":["v6qNHAl0qghDZOzixNSEWE2VkVM="],"D25BCyKXnRUvwdT4PCDKd4qjIkY=":["otcUcmC6wOtTC29SZkj8fOIEneg="],"YhjpNjtdyqLjsFSmLPpH15C8snw=":["vh8gDzY!71wGHH1D!iJ!ny4JQxY="],"XDMkSBKDXBozAmgu0xVBAqfEeqA=":["lK70Z2lovqMwmxgqfdn4cdTpo28="],"wSDJGss2rzNHNCy9LRtxl3JHKOQ=":["Icgu!GMhOnr!p4F0tiQzharRaEM="],"CZLz!yNgs8xhd!NhtCYwqZ4gW9Y=":["UcHychzAN5hxZIDKFCEVecS1SF4="],"k7VjIDDapT3Sr7YvKGIQ18cw17g=":["CqGYb+t!Fu!1b3KKTIx6bGqjD4c="],"e6vcIKYD2hozOG!DcU+C0A1LEMc=":["UaBoUncCQ!!lgC!IJyGdU9oEQFU="],"g8XX5A3xdwrLAvW3QOfT6QnCgH0=":["foa7q0MsYQBFrNxM4S9zOYgbM6U="],"M43oZ7wtkyLo4+x!XNxb3RS9TKU=":["Icgu!GMhOnr!p4F0tiQzharRaEM="],"3!8x9rLG10JO1vkC78Pwf!eelBI=":["uIT7wdlkoJ4cGavSZ2oWW6y9zWs="],"IVx0blpO62MnbdJ+KudEfHrpBb0=":["Icgu!GMhOnr!p4F0tiQzharRaEM="],"t!iGT458Dh6CpfG3HnYtrhmc9Ek=":["Icgu!GMhOnr!p4F0tiQzharRaEM="],"JyZCxBLBVw5qCRfY9MawX4mwdVk=":["Icgu!GMhOnr!p4F0tiQzharRaEM="],"UFGEarzd3agWZHr4QUAqv2gVnPU=":["Icgu!GMhOnr!p4F0tiQzharRaEM="],"MLYibfuYSLKVpZsWWpycl8rRFVQ=":["DxUIAJnKHz9DnzhPO5uBiiqiMY8="],"50gKN8K82WzkC9RVTvqBuwAhLzM=":["EyXLQ+2Sw7OwhPSL!nM37xELc1c="],"cTa0zsHWyH0OVuH6z8rn!Lq8Qjw=":["TIV!XA4HGPbgk51Spv41yv8GINs="],"MdGu0Tc03gnRhNrjRowr2UCM4!s=":["jj32s2r4+q7+!ECn5Q8oh9M04Eg="],"SUgezMtLdC46QMoHMeaAHe69GPQ=":["foa7q0MsYQBFrNxM4S9zOYgbM6U="],"sco+l7NlECx3pYdbKB1cW8mVCb4=":["UcHychzAN5hxZIDKFCEVecS1SF4="],"DO7roVlJuuhbACHg8ysdkCgtM4E=":["jj32s2r4+q7+!ECn5Q8oh9M04Eg="],"cfwkTCCWc!jbMgvWaN8OdkxeRrU=":["jj32s2r4+q7+!ECn5Q8oh9M04Eg="],"SI0FbgZaJwp1EpYA4R+VzPm2v5E=":["jj32s2r4+q7+!ECn5Q8oh9M04Eg="],"KnvY98rlCoJqasuEFVKlqWKJJo0=":["1Svps!Tl+GquVgMuNcfjrdpNjTo="],"Ummwu3WoIyqTOIUDPf2XnpqZeOc=":["VjfWbNzq2uEBrB!UdE6KYWFGzv8="],"0nenTrR8OyZj64lx2cj8swpDcP0=":["UcHychzAN5hxZIDKFCEVecS1SF4="],"b1IYvkcLnJJCcfT6Jo5hP6O!PlY=":["uIT7wdlkoJ4cGavSZ2oWW6y9zWs="],"t1t4AVU9nC!V+DLi8+7bbXtn0Dk=":["PNuh9O!m8FF8zKNQ7sWoTdESklk="],"msKW7jaFq6AFxzpT+xuD9DefF+s=":["nKh3ox!!ZNSJQ6M3fFYHOtIWRCo="],"wXtpXQmimx8kbDCd0ouY!1gBjXc=":["4Q6UGQzAe!ym5KPL0MDQ3psNeuA="],"rPyVRjaJwLbTHFZxb1uen5rhuoQ=":["MYrALYqqTK18i0XT24rUT+qZKUE="],"314Tw8mbGSjiq+iyfV6GbFvk3hw=":["i11LQjoe1nqgP9eD4d4!OTbuk+0="],"hL!NFeE!rJ2XagrV3O8wPNEcm6k=":["By3HKrPoVOew0+xfzSyVJ0YThvY="],"84kCJiE657C72Xm2jwxSaxKfFgk=":["QwFtfFsoqjDKL1Lkk72HH!7cjvE="],"EiOKTnH+9eCrzghQuqRaoFtsOYk=":["DrT9zo2iUftedoH1takUbkyARd0="],"Esvl0qRpvAassXd5MRH35ISJc2I=":["+sMExeHHiKXUUjGpBW9w0zqPQ6s="],"O5zya+glbis+8wRnQYpHuUJGLIs=":["otcUcmC6wOtTC29SZkj8fOIEneg="],"8MPaomLJCS7XHRwdOsWWhH8xnn0=":["7fY6m28G1dXhchYs4ZgB5qk2Xkk="],"g!KuLfS2Xra7L8ZiEkNvpw7znLM=":["Icgu!GMhOnr!p4F0tiQzharRaEM="],"rrKqYQlNssU3RlhViLO!zdRegfg=":["TnaKPNQ!F4R!9Ey92S7UvIyeTGM="],"Kwe0kD2BvgZhKospoVsYFZiuca4=":["Icgu!GMhOnr!p4F0tiQzharRaEM="],"fcNdYdIqs0DUuTAmQY8AX1i82ho=":["4Omm7Js!!SPSdshuVuxpCzj2XRc="],"O7Nage!5PxVlRRdDVJL7G2CUmAk=":["otcUcmC6wOtTC29SZkj8fOIEneg="],"xAGOLashOg0Gt4jD6IHri9r7Wck=":["CqGYb+t!Fu!1b3KKTIx6bGqjD4c="],"voIam9+IC6rmlkBrXyTBudVGhRU=":["CqGYb+t!Fu!1b3KKTIx6bGqjD4c="],"1mceK1kpyuy+iRwIuUd0oKCATRA=":["RIcRBOn2xSkjwVBfXejIenQ2!8E="],"EPi5kT7TfdZh6nkiWVQ4fh7yjYQ=":["CqGYb+t!Fu!1b3KKTIx6bGqjD4c="],"qWyforHymSFYyxXlLRntC8gp!Ek=":["CqGYb+t!Fu!1b3KKTIx6bGqjD4c="],"fW7W7cxosBS!EkOx243WkZGowlc=":["Icgu!GMhOnr!p4F0tiQzharRaEM="],"WXdOuPqjVHL8L8F4SjKeqcR1DrI=":["UcHychzAN5hxZIDKFCEVecS1SF4="],"QKavbYo+6Zqi9s5LvOmVUBWSUhs=":["4x0K9Gts333v1xgwd+6!Wabakdk="],"WnUsde68OPbbEbCZtKJ9FpU!kXU=":["wcgevcvoEPPC31jBsPDti035CaU="],"MB7!qil25R+jVbXkoOyl+LHPuaI=":["!vFzpeU+WUSkSOgpnh+T84aaaOU="],"mWoNQDqGrbGABzwoULNVBnvzBxA=":["vPNKU1MeIgv8MmOPDdufPPxZyZg="],"4xQ9mXsMtS9Ds9O9kTvFCkBoZ9w=":["tN6UZYxlXt4B7Zc7BrWJvbYiLqI="],"VDwI5czaem2Q0sXz0QfvzejE3mo=":["otcUcmC6wOtTC29SZkj8fOIEneg="],"fovy5TPK!ChyNJKXNQzGVZ09iUY=":["aYa9BPwDk4xQBrMWivef8ahnOy4="],"fanPknQFkwACsYHAC5k25RcGSPE=":["9m0vTjUcvnOX8ZhSRscOO2BSOAQ="],"QhI70xokMynK9ElJuTSInFhEwqM=":["tN6UZYxlXt4B7Zc7BrWJvbYiLqI="],"1rfDLmiLC!XjtO4BKxg32Onpi78=":["omcxW1k!GNdKyownIfSXQie3!L4="],"A65NrxA1guphWhB6l5cUc9wqee4=":["UcHychzAN5hxZIDKFCEVecS1SF4="],"!7tEvClrTinMttq5e6Q992blxy0=":["QGnywnv85i3!YNPRS1u4fybbMNk="],"753OJCdaFdBFY8s1ath39tQMuh8=":["TJb!zBu+zu424xqLPk4dJYYydjY="],"HUXY38U6tOrGFzNwkmL3pmEbTs8=":["otcUcmC6wOtTC29SZkj8fOIEneg="],"HkEMsyxFHe+6h0gbWjLXidX!Q54=":["UcHychzAN5hxZIDKFCEVecS1SF4="],"8dfIyHyLxV40xYQ9RpyuudhPC7A=":["VjfWbNzq2uEBrB!UdE6KYWFGzv8="],"bHQjkWTzl6iOLfvK4abKSyoPZb4=":["UcHychzAN5hxZIDKFCEVecS1SF4="],"68BQd5RQNlplAC!pxO0ZSZrLkjY=":["Icgu!GMhOnr!p4F0tiQzharRaEM="],"jlw5Kum!PJJnohqxwEoPnHGtT8E=":["otcUcmC6wOtTC29SZkj8fOIEneg="],"Nr2wat1d5mAh7cr4AmcUSFx1CaA=":["Icgu!GMhOnr!p4F0tiQzharRaEM="],"qgZHx8rZqgqGCM9pglfTuJYEUm0=":["otcUcmC6wOtTC29SZkj8fOIEneg="],"nggD+a+7UxbkAPdrwN1GnPz5PHo=":["RzW5oMVM4TNDC299UDRuFL7GDIM="],"W+MXCGXhqeVQypBuEP2IDlkZgtk=":["+umMX5aHoxoBAPFuUMiMVoK3Rd8="],"fKS2990Vo6!xja0Y5ICx4bQ!Tvc=":["7zih19nXkFKwzoaqheTyl1RHBgQ="],"Bsy3HNv3Y9EwCYy761cUv+6kXSI=":["i11LQjoe1nqgP9eD4d4!OTbuk+0="],"EyeyCJKzKaIZD6fdsqIlfqaQE8o=":["HagGtP6qxoaj+6eNAkvqXD5rP+k="],"3sQRHYIIWl3scFCHcgVXFX4aK90=":["RzW5oMVM4TNDC299UDRuFL7GDIM="],"RvYmG6jZLBrEJTi1Gx3SmnIvucw=":["OITorbUSlMn!+oLyrANrUc+VlvM="],"d6BgDGEz7v8JXu3hVormu8y8S!k=":["otcUcmC6wOtTC29SZkj8fOIEneg="],"RNB9CS8uMYREZAQ+!zHlXExzaO4=":["otcUcmC6wOtTC29SZkj8fOIEneg="],"BnpROxYiEKH2VmZMHGB3edlI2EM=":["otcUcmC6wOtTC29SZkj8fOIEneg="],"h8lXHh!SqKPIbuotlUgIAA8!OfI=":["HagGtP6qxoaj+6eNAkvqXD5rP+k="],"aucOyFwSyzS7N33QssTBbcN9jtI=":["wcgevcvoEPPC31jBsPDti035CaU="],"ldpyg9hmTq7rXu3CO9jUW3VBj5M=":["uIT7wdlkoJ4cGavSZ2oWW6y9zWs="],"KOZ4bpcF7b1yrAZFk+kvwqLewJ4=":["NSFmsYI4X6UFNZsCJWKGrObz!z8="],"YTzC99hNB6cUcl+2sjJrpcLHngE=":["uIT7wdlkoJ4cGavSZ2oWW6y9zWs="],"LSumlfwT+VvpE492Y6R2IbrzFkI=":["EyXLQ+2Sw7OwhPSL!nM37xELc1c="],"XUl6yv!Fh7qi8SaE79hVedS1LxQ=":["EyXLQ+2Sw7OwhPSL!nM37xELc1c="],"T9BFkYXMb6+KcktSxr43Xsadjvk=":["wnCdTOmhnx22VGEWyIrE5WX6ohA="],"Go0kcW7h1dEm6tpUm2MNqGhTU70=":["cNPwr3I+JfuqdxlcvJ!F3Tmf9Rc="],"4oQd6tznWoMWD5uXwc2gcmUm1d8=":["P9qZq51YPL5UYiomxJQxoGZ1N!E="],"Ewy6wgIZuMt!h0eJLrTyiKHGsR8=":["jj32s2r4+q7+!ECn5Q8oh9M04Eg="],"747L6F8c+aM4dnzYKG4OpBbRgns=":["jj32s2r4+q7+!ECn5Q8oh9M04Eg="],"bc0WjnnHn3JpiGELIby6d7VYmco=":["jj32s2r4+q7+!ECn5Q8oh9M04Eg="],"JIrbF07iZtE9hvFgOTnN9!pFcYc=":["eiOE8849V6kgml5zqe6P0GQcwaE="],"h3j8xSl2+Eqk5y4jp!4NvxU5bA0=":["P9qZq51YPL5UYiomxJQxoGZ1N!E="],"e1+Eezs4pNDvOYrdLYXpMIEGfMw=":["DyRjwYmgHLNT67Sir5smGqNPoTc="],"YzLWCewrrDoE1!OUXPyzHXgnqeY=":["qDyCbE3shQLqcD4JcAbvzHm85p0="],"np5SGI6cihbiFrWZxGRRmtZYqBk=":["otcUcmC6wOtTC29SZkj8fOIEneg="],"ZsuXHO3xVnhKN+RJVEna4EFsiHc=":["otcUcmC6wOtTC29SZkj8fOIEneg="],"YhAUjTesGlgdLFzG!2plNptHSc0=":["UcHychzAN5hxZIDKFCEVecS1SF4="],"OX6RTX9722KbLmtwR5Mi!lwFNhU=":["9m0vTjUcvnOX8ZhSRscOO2BSOAQ="],"X6Zh42eylmvkcCmntQzxmN+oZlI=":["MouJ!7Sx4BsAdrfYiquDTWNXFQk="],"LwoOHBvT1ZKvYGQkz0oZ82IRFDY=":["9pl!jfLvTsb2NNH9z0uAuQja5X0="],"tqIqIo7sfrnk3o6JWFGx74K3oxE=":["3Zn401ctOhy0TWYzPIsPMpYKP58="],"IC!brNkZz!J7!Oa4eFRXQHqecbI=":["CGoKg9dLWAXmMEprh+o8O9+hydY="],"fCam+mbp91wjKBFkobcHvsokfV8=":["UcHychzAN5hxZIDKFCEVecS1SF4="],"L1N9bVVtyUCSmD5v2nF!xkG4lIE=":["Icgu!GMhOnr!p4F0tiQzharRaEM="],"vDf4k1S9Ef24YhKxw+GuU3INqxw=":["4Omm7Js!!SPSdshuVuxpCzj2XRc="],"!Cdm3d7ESsjbcPnsHwN!HIvoHoI=":["RzW5oMVM4TNDC299UDRuFL7GDIM="],"BLSQzuabCD290aSXgjFkj4rnIE4=":["4Omm7Js!!SPSdshuVuxpCzj2XRc="],"7OlhPXAltaMHdgx9tnmx8r6L6q8=":["cNPwr3I+JfuqdxlcvJ!F3Tmf9Rc="],"ClKC0APPolGVmcYQOVTjLXhKwvU=":["4Omm7Js!!SPSdshuVuxpCzj2XRc="],"eJ4xDa8hDOliO+YqKZUPZZ!YWLU=":["wnCdTOmhnx22VGEWyIrE5WX6ohA="],"UOKWCxn1bLhwlvq88mP2pIwyZQE=":["otcUcmC6wOtTC29SZkj8fOIEneg="],"N5n2FIAvlij1FRPPq4F1NEBF0gs=":["i11LQjoe1nqgP9eD4d4!OTbuk+0="],"buswTJAb!uozPrhqbk5iAoLGwoQ=":["QGnywnv85i3!YNPRS1u4fybbMNk="],"zkV1ORiJkNTzsJFAFAImcet5q6Y=":["BfNTUpN8FyU5IIxjs6uwCgRrjEw="],"!UMsUWFpCB2!Jv2xtJmO1pou0gw=":["Icgu!GMhOnr!p4F0tiQzharRaEM="],"8uKwn9zJoihrQd8OHY8euFZO03E=":["nKh3ox!!ZNSJQ6M3fFYHOtIWRCo="],"KcbWxEV475nCV0MzvNw8nb3MDic=":["mvbqSXEhhgsLYdkcgZANJFJTtdQ="],"iMXPO0tvE7pmHiXtfid4GihM5bw=":["rbsfm5txhCr!SakaNTsFYrXjVG8="],"WBy3Dbze8E93hIpVBbqccib1vqI=":["vPNKU1MeIgv8MmOPDdufPPxZyZg="],"FzejQyrSgdZA2!sLuIW4f1QV5dU=":["vPNKU1MeIgv8MmOPDdufPPxZyZg="],"Z3JY7uvpGt!lGhIjUDOBYFyik5g=":["Icgu!GMhOnr!p4F0tiQzharRaEM="],"iuBq2Rr+Ogj1gctPyxCqWTt3KCc=":["vPNKU1MeIgv8MmOPDdufPPxZyZg="],"jBpWNl0FRV3EZxOCi6OCAZOXsyU=":["vPNKU1MeIgv8MmOPDdufPPxZyZg="],"VuAzm6tXRlUYoVfi+AqwPByvc9U=":["By3HKrPoVOew0+xfzSyVJ0YThvY="],"QjEwq8!pZQ4k7sa+9zB9ycaPiJo=":["By3HKrPoVOew0+xfzSyVJ0YThvY="],"OsMYSaohAPedujIfdkuDEf8TnVo=":["UcHychzAN5hxZIDKFCEVecS1SF4="],"Mph!qogpZYbmWYxGgeECT683BXI=":["Qm9MnJ4xw4drYLSFtQRl5jamZAs="],"Cmk3vR4i1imC5ucSMtVcimW0uug=":["xWaU4QmBOkFKDwK16FgWvHmr2LM="],"Otf9Iud33uHpJc4vjsKJRxm0UuM=":["mvbqSXEhhgsLYdkcgZANJFJTtdQ="],"khyv!BUa3mKgjhuScIObyEd1U8Y=":["mvbqSXEhhgsLYdkcgZANJFJTtdQ="],"l8VquCN9mssDv0DGVLOM0CkZ4Uo=":["4Omm7Js!!SPSdshuVuxpCzj2XRc="],"GkCBHTqnQ6nDK9GYQ77q!SYWDbg=":["8A1UH4X5hnyN0QIllI+QATAywCI="],"riyyeS+cSFj2D3oRfNEONRs23mE=":["8A1UH4X5hnyN0QIllI+QATAywCI="],"QVcfBmMFwz2LEKR+LwatlMS11tg=":["nKh3ox!!ZNSJQ6M3fFYHOtIWRCo="],"Irpz2P9ZUYnfNddJxok9umQtmW0=":["QGnywnv85i3!YNPRS1u4fybbMNk="],"Ruhl9NFILkTMMaOUawZsBc64dd8=":["nKh3ox!!ZNSJQ6M3fFYHOtIWRCo="]}