{"1!rL2uD5w8re7b3zPfcDwIwzcPU=":["K!Wh550sI4zARSY6HiqQP4ezmv8="],"QMlxeIgPgOGE9DxuvRAvfpJxkTQ=":["EY4wSOnJY+m0REFemGyx7K3cfDw=","dW62ds2pJO4OTgd!ofXKmbkpQxk=","rZ6BfLKuHQzaacMuiJhGhjtlCV0="],"GL2FpUW7VC1D22e4rSDj!uYq0DM=":["Km3uoB4+xrJTY2BKzvEcdC2ycx4=","HSyro1siamxkfMAcOvb+nnLOCnc=","0sDe7+oJHLP+oRhb!ALQxiJWi4c=","mVDQ65r!LLJo6jjr+okD3dmD58o=","CgZOZBvdaIcH6bmzKW8zaJLtzlE=","Iv5LMIt1bgB4aGIt0rmXHvlDBJc=","8i8uW8ngmfcStbh3rZaXlKeHISI=","gtFO9pKEepKJNCJkf+R1K1iWEUw="],"TIV!XA4HGPbgk51Spv41yv8GINs=":["FN1abks5Y5kfItNig4qX1WTu!T0=","u87TkhE0+VLl9jyi37c4Hrw27yo=","JeNEAsc78VK+RXnU8IceaW8Bv48=","lG0AQZgCFkAw0O4+wRlWz7B01EQ=","ErrudH+ernI9euZWn+NSpzpVo2c=","pc24SPEtxDAAevt3nLQvvY2655E=","1h70uP2tjh8v7WnkenisadsaXDg=","fObxPejBcXJUTaLARPOKsaxinek=","j2JXl1l73rFSeCK7bVvLk+kbn38=","lP5ehIkMjJC!zsu3h26fT9MqTog=","LBDRjsifHRaTTSQsD0CBsNax9e8=","4dpILQ4ZVAXYI1TNnnIjFkbgrEE=","!In!9fUpRDZHjCndOwF3l5EIFnY=","HUYTrr2M53rxmKl7GesK+Wpn3aE=","2cmxVx+2cLVR2+yD+pxYJXfxZdk=","UhWz!bE7qhVPxsLdm7!Iw9miBtE=","HHgbekfe1hMFir2iZhNs!MSMbDM=","BjM1Bid3Sn!GaKFv6i1Hq7rjqMg=","K8eG6xQndOzjmGySavjXHTJFX6c=","SrO+Oxp2iFKkRCCL9xMS045KI2c=","qCqiyZyc53PwwUeQmcWFRf5i3sU=","OQLTFn5Bg563E6VuUiQtEQH84Oc=","JkTu54u5ZA3JS!pdBGj84U!JfDw=","cTa0zsHWyH0OVuH6z8rn!Lq8Qjw="],"VjfWbNzq2uEBrB!UdE6KYWFGzv8=":["fHgWw9b0Fmo8Vt66YLjy8rtJzZw=","O6BHaLpCEjFZgeI9963IFJP2jvs=","IiOF6GUrv+Tj4mFMFTpmMz6N!Uc=","8i3RtPtGTlJAxrpx!ri47EGWw7I=","LNMKYtAnS+6rFG77FlUxnBOBJiU=","sjqDahLCTx4H1fxNmQyEXicP50I=","Ummwu3WoIyqTOIUDPf2XnpqZeOc=","8dfIyHyLxV40xYQ9RpyuudhPC7A="],"8A1UH4X5hnyN0QIllI+QATAywCI=":["XPICLtHjNwNDl733Gqe2MolpXGk=","BKARpxkHi4DX0S5MqP+T2egbGOU=","xgWYJfoleqPNPZnM5fwZAmYACgQ=","ckNNVrF2HLvCXaFAuXEmf1RH0bs=","GkCBHTqnQ6nDK9GYQ77q!SYWDbg=","riyyeS+cSFj2D3oRfNEONRs23mE="],"I0tAwJZAZd1fUA!NL3CYbLCd5fQ=":["qKzzpuXDH+wkn8Bz8avFtKV4Cn4=","Ii7lTlnPt9sWeF4aUqi6S1nJzZc=","EfYa2RoaY6akGH!w4KS2HF9j9yk="],"cNPwr3I+JfuqdxlcvJ!F3Tmf9Rc=":["KhlQM95CWHOrzjl0MLIzokxGwRs=","+DjH2+mPa7FRg9Et!NIYdmAKJ+U=","KgwK9c!krJrJIJglQBMJH1wk!tM=","pRh5f8n!CWRA9ohAm2X06jlL05Q=","ONNd0ut3JdJiX8pPBo5ZurlZg+U=","63XOdOUfxTIVcurolJGWUpbHIO4=","F+ITLYmuKVprcHNX3Do9!6TjSME=","Go0kcW7h1dEm6tpUm2MNqGhTU70=","7OlhPXAltaMHdgx9tnmx8r6L6q8="],"M2RROX3YHBMt!cuTqb6U0wNbcrs=":["t1fHmw9Q6V4EvnKzu+aQg+ppMIg="],"MCyQrbeHAnHcvxJeRPV64omq4BU=":["6PPWfTMMoFHMzTMX6bFsyg6NFSU="],"7zih19nXkFKwzoaqheTyl1RHBgQ=":["B9c04r+HtReBTpZjP4Bj7BcRLeE=","fwSu6Ro!u24RAObw5fXe1XP0Dx8=","XWqKWarD3shB7roze514HL6oGuw=","peMoUwDHF7sBCx+2C7t3wXDP4B8=","fKS2990Vo6!xja0Y5ICx4bQ!Tvc="],"QGnywnv85i3!YNPRS1u4fybbMNk=":["7HtWn9!6TPjp9KNTeesSIzBJIEk=","In6WEpQac1W0eEI5xeEtD47tkKc=","QTuOQODinPkwVcsx9Ljr55+cEco=","!7tEvClrTinMttq5e6Q992blxy0=","buswTJAb!uozPrhqbk5iAoLGwoQ=","Irpz2P9ZUYnfNddJxok9umQtmW0="],"ykCll3EQT91dBQiE+nJOaxWUsMk=":["dgwVdfNUCQY!w+4MBpqTw9cKKjM=","ZCnkk2HVhyFQaiN6yFC8OnY+ItY=","bqIeuk9Ydi0ixBOTn1pzFHHwPoU="],"Icgu!GMhOnr!p4F0tiQzharRaEM=":["8rUomgzlfsnU1nu1V!LWGc9tZZQ=","yY8GdTd5K71xhIIYZIuGoaq3Unk=","VTqWXfOI6aH2MIXSp+rk+BVe7w4=","+iZGhHpDqbUJJboZgw+wid8DHMk=","oxtfup3MQ7Gq!jGP8Uh4dNObQUo=","zQAjIy8YTPNKuUSML8DtJzL!e88=","JxT+iMMTUMWr6K5o9GZ6cQodoiI=","Qz6i9a!p!nvMylcqHSz0di+8f28=","KoHronhvCfgC4k2!nPey60zulzA=","YNcqslp0HqWexgb75n37KpiJJEc=","NFswOgta5Ogh0stVlyejxaJ+Mhk=","wSDJGss2rzNHNCy9LRtxl3JHKOQ=","M43oZ7wtkyLo4+x!XNxb3RS9TKU=","IVx0blpO62MnbdJ+KudEfHrpBb0=","t!iGT458Dh6CpfG3HnYtrhmc9Ek=","JyZCxBLBVw5qCRfY9MawX4mwdVk=","UFGEarzd3agWZHr4QUAqv2gVnPU=","g!KuLfS2Xra7L8ZiEkNvpw7znLM=","Kwe0kD2BvgZhKospoVsYFZiuca4=","fW7W7cxosBS!EkOx243WkZGowlc=","68BQd5RQNlplAC!pxO0ZSZrLkjY=","Nr2wat1d5mAh7cr4AmcUSFx1CaA=","L1N9bVVtyUCSmD5v2nF!xkG4lIE=","!UMsUWFpCB2!Jv2xtJmO1pou0gw=","Z3JY7uvpGt!lGhIjUDOBYFyik5g="],"9K45P3T3sXDOJ6wk7F0iunZk0dk=":["XhQDifJ5!P7KzOi!z9XWwXfz8gw=","aSCr8T09a2Nmlyujin+NksvKaW0=","aaemlQXz594G2MstYZkJ1qdGrqA="],"v6qNHAl0qghDZOzixNSEWE2VkVM=":["!h0RDHi2FZOY1f5kSlvfmb4VrR0=","CK4D5ltVYWc6xoFSndJVItqFrU4=","FwCAzi9HE0B+NIPGJxho!T1lxpI=","HhBkaxCNzIBErW9PJiLpSdJXaW4=","L2BAKyFweVzXIITR7IDzEY0O0sU=","AzUlH9MKbR9JkGDzZShsihYZwDg=","sCUMkA!5tMkp4BTIc1ylqdqpiqs=","vR5cX+Y5!D6tA+JLO7XUEPq9ZAg=","2ub88yXgkK3EWKhZIqJOr5TQSl4=","5ZrpU4zSAsrDpae7HzyKRBISghU=","9YIXN7eaxfxGGPBG1bNeVr54vQY=","bICb4+fqm1yxquJwDXkuPiuXzAw=","mDWd2MAmCYh57S+PbwpmkAvOczk=","lScVEw0iAJivooYvDwR5coF4hng=","mEljR0uZ3IX1aHANjdBHJ2V5Dm4=","YQ3lLbCu4zfBJ+jqgs5MHC4WHx4=","dyreJ2w8SJur72F7ZYHSCdDzAyw=","kwgKfKhWrcV8jd9nZoHUWFGBTHo="],"wnCdTOmhnx22VGEWyIrE5WX6ohA=":["KtGolv1fiheSo!YPUqOl54St0iY=","EwxHOVNvQuO9OG3nHG+0A7w4Omo=","oW8quENk+9q3wNq85uPx4aLXoP4=","!Noysw+9!5cTs9!QNeSO4TgwpC0=","T9BFkYXMb6+KcktSxr43Xsadjvk=","eJ4xDa8hDOliO+YqKZUPZZ!YWLU="],"i11LQjoe1nqgP9eD4d4!OTbuk+0=":["BXPSv!zzJjl1FleNt!EH+ykQNjw=","Mnd9VUY5RTb2gkCcQCWu3Rk0xz0=","DD6TmHwmCQRw82YRrPnVfRVi1Xk=","FTQBXSU!kayAU0bQWECjobd6OSc=","bSFBh4xEtD+NQO7YPK6pakxUlsU=","RCxe8UunYbOaTYNmFlQ4CRxnQ!o=","s787KIc2oHNCR+3r+em42L5Yaow=","314Tw8mbGSjiq+iyfV6GbFvk3hw=","Bsy3HNv3Y9EwCYy761cUv+6kXSI=","N5n2FIAvlij1FRPPq4F1NEBF0gs="],"zdtvW7SS7UuFl0Oatv8wfrwj8CI=":["rHsZpxrqTCRVFMrfaadQhCMS+Xo=","jPWxXE8W0YYo1Y7mgDyxaNpvzBc=","1X+opiwKknFLuppDw+jlcnI3ayg=","EilJvqLZiT5VPMt!8kWx+eRiAzY=","DGhlNDJPa6OJkKymROzo59JcAq0=","aS3rmBhBQxsF4rSun8fc+LOMOSI="],"SY130fGuIjO9vujx2fNxxGtqWHw=":["oZmWSM3B!aMVr7wG+nuIpKh!0Ds="],"tQ2VbCs!gU2ypkUriXjd+XYg9TY=":["y46m3LhW4VQMEQItBjWzirCK2m4=","7AVa0F8L18aCt5QpQA4L29itzPI=","jM6KevUw9+znWQIRRO0FI1YLWik="],"7Nq96Dat7EjAM7TmxEAPwqHCqa8=":["blS8ffwKGBrBWTkwrVdYp8R48E0=","hGuH!vrH5jjLEtRWceML8yZMHaw=","wuNl8GXi4yYBVtDzN6kjMCvvITs=","hPzmMuJQfkyzSHLSKJzZ4eL47Ds="],"UcHychzAN5hxZIDKFCEVecS1SF4=":["c7pGdg2RjwG6FoVpxV0bjDuzTxQ=","CXHDA77h9pdLNTza6ejtZJdIOQk=","dN4xMdo1pn6phBuPbQhk3n3ic1c=","luxz3or0yHO!FdJfzKdXL+hm!BE=","uXDbyDaKA7BFfvQoQ3fStcpoAhs=","qk6hVXGwaXpaBMCTZnQAfr2dN+Q=","VnRTx1g0UqiIFZuSko6Mj303xHk=","+qmTEhreTjamh4+vEdtQb+x33BI=","LqdLMPEaDLIzxwYlFFm368BMWfo=","RG1n83lPBZL8ihEQIRlG9m71IoI=","C5E+BZQy2vIpeUbxVlWBoAs6pL4=","5hZKHw2ImWpLUMf!q6URcqx1sFE=","CZLz!yNgs8xhd!NhtCYwqZ4gW9Y=","sco+l7NlECx3pYdbKB1cW8mVCb4=","0nenTrR8OyZj64lx2cj8swpDcP0=","WXdOuPqjVHL8L8F4SjKeqcR1DrI=","A65NrxA1guphWhB6l5cUc9wqee4=","HkEMsyxFHe+6h0gbWjLXidX!Q54=","bHQjkWTzl6iOLfvK4abKSyoPZb4=","YhAUjTesGlgdLFzG!2plNptHSc0=","fCam+mbp91wjKBFkobcHvsokfV8=","OsMYSaohAPedujIfdkuDEf8TnVo="],"Qm9MnJ4xw4drYLSFtQRl5jamZAs=":["LNakE1sAQJZ6ykB9KEZMKgEfyvk=","VR1vNs3olhT8w8f7dwgacSKISC8=","VS1hgPjtTdzUQFu4zuJl7ebikfc=","Mph!qogpZYbmWYxGgeECT683BXI="],"MYrALYqqTK18i0XT24rUT+qZKUE=":["trSFLo24z2Rsi7ls56ezpc3Y+!s=","D6J6FCjX5tN5CeI0K!lMzqyGguI=","zDX8As771n75Rk30wStc5mhg5hs=","F4zw2svNehvqO5hAGBZDgczZVB0=","rPyVRjaJwLbTHFZxb1uen5rhuoQ="],"!6FSl7xDlZdj3f2kKxacwz1cm9Q=":["5NW5XHz5yKuObrfIZNWSVBJ8egg=","Oin0wR!l3KnbN+qubesAiLEV5JU=","h2lt528ZluRh7ArxCPAAoiGgI9E=","bETqb!zE8OS9+0Y8CgDw3+T5zPY=","6f6muiVBzgnM!ECoz3G3OEbTY0U=","SnIAHjOya8RfTGOP1D7bpJQ48Js="],"KZjKxg7kTl58mWPFfmLoqG09i30=":["+iKf4PCWQE7PIU8SI+EOb9INYmQ="],"OMvDK9BS2Fc7IsFKpF1!F2sBWKQ=":["dYH6Qg2o7lz+eU+3G8mcbh1Btbc=","KTo0tMpKP53j+pT8QcdPvBzJM6A="],"s0CwlkMkq9m17VCFZczgz53gmX4=":["FdsktS4PF6weKKsNK95KvFPCeuk="],"RzW5oMVM4TNDC299UDRuFL7GDIM=":["vdgtlKfnh1E+096uePfyg+cgsKU=","BK428!0Dde9Tr9D6arfihzZbC40=","Pz!HzIwW3dnrPSNXXN9QxIDJ+ec=","i0GRkmH8zZe2glnCSMWShdBGNGk=","dtSqj4DtKIb7dGr9T9OKzSJ3btw=","HWhIMmsrZrgxJ!mVAMCe4ljYX4w=","0CjjADoV!xNegl!XSkb9AZmvQoo=","zTKiidypycqfHRDKRf9hzABOLXA=","9nSTofQd7ZQ3!jUMkcNN6s8CdYI=","lH1+qrsGEw4YTYdPRpG!GgG9pzU=","UXNQeZJAMeE5cZJ0EiBXuPFb7WU=","PpGWcQRoJWlQvAfLv18ZT6iDasw=","!PUmJDlTzw8EsKbE7YKJ9rELYR0=","Sw+TzCsiAwrN9UXbxghLeGGDSrs=","ScH+jFwhLDAS2hLIccJzMCjgbdo=","SYaCqCn2G1Ckh2jvBWQeDVbCM70=","XaP07D5+2cXP+IwUbekAz6pPm7A=","kgnRe8edgop3vRI3vphQ8TK1f+8=","JFsf3t18E+RiLMghxHhAKo+UmN4=","OW8ea+GEMBSpnIdqcjUYl6iwI!Q=","s5XNTDRkffECUCfwn3vBiC7uLEc=","l+N+bdiQXmwGnQvEFxakF8pmRyE=","c!aDftE+sqlo4L3aTSTA8ZdSUJU=","nggD+a+7UxbkAPdrwN1GnPz5PHo=","3sQRHYIIWl3scFCHcgVXFX4aK90=","!Cdm3d7ESsjbcPnsHwN!HIvoHoI="],"1f!nkSSdlKUIgxphJ4CpU4EoIFU=":["hfBPXxgy+oB06b!3IJ3hHfT7FZ4=","zHk0NbxqCR4Jikl6bihTARmIzCA=","+AUzZri4wsmvb2J20tKyrlVe+NQ="],"nKh3ox!!ZNSJQ6M3fFYHOtIWRCo=":["4afJLkoDpjLLyPjSsdCN9pC92BA=","Z9+VdgzcLhlxcyho0p6zRKCz1Os=","nEWRgiOGglWqD+cnva5Xswd0avA=","c7pYmcdiCPGSn!fbs2zltLS5BLM=","lNRraSrOkAS841OCHGkElUs!2sA=","rCAj5zX0zy!Ul47fYcppfkPP0bE=","FtaqIJoyMfSSzqtN005x!uha+Qw=","6QMMR+yatimdnidZ0o3WBVP44YQ=","GTRJj9DhX8JkzqGwsAVoOz6qFM0=","uesdKLUsqtZq8B7sVprnINhfOH0=","xT8HP0SEJmgmQdQBm79mWQj+zHw=","dqNOmrMLPkvMElcr!gYzeOuYuuo=","ubV3g!P4guokJOs+Ws1D!VFzwLs=","msKW7jaFq6AFxzpT+xuD9DefF+s=","8uKwn9zJoihrQd8OHY8euFZO03E=","QVcfBmMFwz2LEKR+LwatlMS11tg=","Ruhl9NFILkTMMaOUawZsBc64dd8="],"Up3DDr7y!2LnOf+a81wJVx!Sxek=":["gJbM898b11mxTJdLnxiGf0v3siE="],"D8SDKAUp0GQXbWnQqqDWZbe2Gmo=":["EkksT1r1YczfTYRMM6DlLOIhKv8="],"16Sp0PdVCfQBpIKp40+qqIiizbA=":["hbcKDRxBgmtjtA5V7c6a9z7rzIM="],"hD6PO92MhZtR8!q82Rw4KPltIOg=":["DeICNZ1AHfvDEuaKu3GbIUfj+GA=","UmP1M8pH7km!igDscoCmUFpAFLM=","kBkTho2JhftE!VUjoX2JqRmhCrY=","0jv6bu1!sdHPO4rrct3fozgtIYM="],"01rBsOKoWt69gvEiqWkqysDn3eo=":["xp0hn31rqGHPEeoMiUpxmZAqbkM=","jAccnsaG6aNkeYRStKGY1utN+ok=","!SC4Kcs0rF9pROAb0phC3NWKH60=","XDbSf03vwVRxM1ikE0zwYwbSJ3Q=","IH3MPD4oT86QpdAYKBSS0bSYSgg=","JImlE6xJcnKfLcvjdhPAo4XUHIo=","5VyCul2l+IiXCbZaGDxWhPoEQAQ=","aa1GPRG7npF25lScvgiKSAso25c=","afB3NRjcR7itdZZ3rL0uTvi6BoM=","Mxra8HwKOcaF2G+qQAN0gbs1MW8=","2eSBxFCPddw2qGb7KvVBwZ6oM9A=","XlFxofReiGCbX7GgUIVJLI8eu9s=","o884PUXFj!GMG4gqnK!go2b4czw=","ySbJj9Qwpbtbrc126sSSeJUqgR8=","U767ToLI50ByvcSdoXT8fCwrHno=","47rfRi!gFR7Ci2v1SSJtLrBcfOc="],"nNHhnNkBF14hvgKzSqA3oD0jeZY=":["n+NQgo0MEsaFIEWtsTpXCxwfhfA=","bWDM5Yt2U0JWIB00ZckTzxYsSQg="],"C+xWZwkOZvLqOb1ZmI2li9JVjLU=":["dbkz0NEAGShUdWlS5OIQIBgueFQ=","3SATByHGH7Ps09yZKzy6lWLj+g4=","P6b+SfT0p7Rlypnj5w5!Kbe9x40=","9JP1DbjOtGvo6Bni+caoF5YC6tY=","9w2sb3n1sgXkILjoTQ0n8jshEMY=","FvTJLMju2AkcnXdWJVKCQUXPGoo="],"TnaKPNQ!F4R!9Ey92S7UvIyeTGM=":["lnBPJ0hIZDrgkw5lkUXUWPB9gf4=","rrKqYQlNssU3RlhViLO!zdRegfg="],"FK05Dcl74NFOp37hyX9KECMA!h8=":["eDfQEM+KERz9HjkQXi5X0BcF1Ok=","F6RXpzOVaOvAyRpEzrIbz4!oqrE=","nO9RxO3ktSM!92UgYFpz0DK863U=","4XnaXCenrlJfkyPN43Sa2vx!njQ="],"CqGYb+t!Fu!1b3KKTIx6bGqjD4c=":["G7WIFJo8ZUhIbPov3ktAuAeS99U=","3zKLOBGHKiI0W1wvZIPAMKTWTik=","!GUDG3TzoKEiCcVbtyYpyJqncec=","tVqhTl3n6ZjPI+dzagDgFLLxWw4=","k7VjIDDapT3Sr7YvKGIQ18cw17g=","xAGOLashOg0Gt4jD6IHri9r7Wck=","voIam9+IC6rmlkBrXyTBudVGhRU=","EPi5kT7TfdZh6nkiWVQ4fh7yjYQ=","qWyforHymSFYyxXlLRntC8gp!Ek="],"MGwJ7Yq4pBcst7Z9HJQwV6Q7I9E=":["xJWnx!8QC3UJcpYPAfYNNCApQq0="],"TorPtE85Fau2Ofx8htpi5X1OiAo=":["D2S5PnsabFuHbpizweAgG8QJwn8="],"PNuh9O!m8FF8zKNQ7sWoTdESklk=":["i4Xw8Hw1RkYHObO4NLNCst01gy4=","t1t4AVU9nC!V+DLi8+7bbXtn0Dk="],"otcUcmC6wOtTC29SZkj8fOIEneg=":["oZhyaV8fOl8inYuSuu63fSGjAfA=","JIcUF2AG3!qC9YlqZlgNaoJin2g=","hmpfAeCiGif1Zt0CUBVr5YLPnxk=","vm4QkMIhZeg4XKtHlxFaTUUB3Q4=","X67iyuKvhy+7nq+4g1qL6rafu04=","YyWxxVsrEpYV7Pr7IontseiUpC8=","8Hqtzp6+gLDAqxOqcJlnVPDiRP4=","MSFpmee6yIwd!JCj6rsAXsJOnJw=","83D1+tTMxa0GscbDsPVO51xpxs0=","t0o14VIRqpTfFUcfLbzapmdOfKE=","f13OYjwCPM6hKPoU9NSOAXb7ngc=","D25BCyKXnRUvwdT4PCDKd4qjIkY=","O5zya+glbis+8wRnQYpHuUJGLIs=","O7Nage!5PxVlRRdDVJL7G2CUmAk=","VDwI5czaem2Q0sXz0QfvzejE3mo=","HUXY38U6tOrGFzNwkmL3pmEbTs8=","jlw5Kum!PJJnohqxwEoPnHGtT8E=","qgZHx8rZqgqGCM9pglfTuJYEUm0=","d6BgDGEz7v8JXu3hVormu8y8S!k=","RNB9CS8uMYREZAQ+!zHlXExzaO4=","BnpROxYiEKH2VmZMHGB3edlI2EM=","np5SGI6cihbiFrWZxGRRmtZYqBk=","ZsuXHO3xVnhKN+RJVEna4EFsiHc=","UOKWCxn1bLhwlvq88mP2pIwyZQE="],"TR2b2JZ7nYvZDeuWvmUs9810tNY=":["MmhXdAL1sRhSoiZkxAKU4X5lmok=","djlNnkgMKfrSriyb7uHYBb+7HQE=","8I8d82WYvJr01nI4VMMp9KgBMxQ="],"bV!!Ft+XcTQhWb0EkbnMf1iTadY=":["REw3lGyS0neQbLtjIrpyKY2Tw28="],"IzsbYHcc52ypa3k7aJM9JPx0Jp4=":["bf5qD8BNdVw!HrhZgXQ6xdQy1as="],"tdJyRB!IAhet!24RS2NJ5jnNPgY=":["TByjzp!RmQ3aTvEDh7xE!N34!zs="],"kq3LDwWr3IZb2rIzD!plNrNvAWk=":["6Nwp7cmzFB8npzZebmBeiVUfeEU="],"1Svps!Tl+GquVgMuNcfjrdpNjTo=":["OW36N3GolZYlfFohz!AbCpYYB48=","KnvY98rlCoJqasuEFVKlqWKJJo0="],"cnVQ9fYCLpmIzdUh90AdjgIkWD8=":["xes0h95ed0JsEB2l4Ibgq4M5t88=","NpDyQiI5G+8SpaRxa4BydudVFI8="],"XEA01uLy!4wBCxOm6YdegP1gZiw=":["LGkgJP1YOSKhWm6PHH7Kmc6ybeY=","1L22rmIXwS6x1JK3DhVR6LH9U6A=","!jLp16Sx3iFK!Zctzdd6feGZILQ=","sqj!4jmlRiyu6RgipxFfhWJlk30="],"487hZ5VZDdf70MbcxcjZHqu9Ej0=":["2rFQGQcI2!YoP0JIgu4u6n!BVUs=","a4tJq3KuNyxpsFqrvlC08DHgxTo=","S5XqmPMekG6Wbr4NkAovkLoadTg=","vm4QkMIhZeg4XKtHlxFaTUUB3Q4="],"zto6BzHHexFKWSEu!bcZ8wP!qYQ=":["37gd3eCfRgvpJ0Ja6JvLe2z8MT8="],"QwFtfFsoqjDKL1Lkk72HH!7cjvE=":["EPkp1Xu87aXo0N95wKwG+H!EeSo=","q4rnfrrd3AxofuesRiVOiF2CgPM=","84kCJiE657C72Xm2jwxSaxKfFgk="],"QJ+mYYsJR0hs06iR8gQRvZPpCOE=":["9w2sb3n1sgXkILjoTQ0n8jshEMY=","FvTJLMju2AkcnXdWJVKCQUXPGoo="],"nzy6xB3!v4dh70UoBaSnV0RxfWY=":["6Ll1JND8!c2pqsIOLz8jDsp8pho="],"iYGqHETIwre0r7Y6jyVZ1yb!EGs=":["cxaUkgWX+RKr7cv4WvdKsQfIoFs="],"wcgevcvoEPPC31jBsPDti035CaU=":["uRcvOjsTP6CQdHFImw1ia2Eianc=","6KCn1w!F8glnOqXeXE+CWjd9fpo=","WnUsde68OPbbEbCZtKJ9FpU!kXU=","aucOyFwSyzS7N33QssTBbcN9jtI="],"mvbqSXEhhgsLYdkcgZANJFJTtdQ=":["Ufk1EFYWOnatJYH4RGxEm828K9M=","WC+U!Ua+7e5peU8SPd1sT000vkI=","het6TcRAz0GdkiqnXIxp7NrUgmM=","Tnotefd0LXqdDTba9ZdAa88p6TU=","uJc4pp4UunF7TNrQmfHa!pAcKzk=","KcbWxEV475nCV0MzvNw8nb3MDic=","Otf9Iud33uHpJc4vjsKJRxm0UuM=","khyv!BUa3mKgjhuScIObyEd1U8Y="],"W8Ky!LoWIswxqOFkWn8dRcTo0VI=":["Cr8BjMTdCDDykR1q44JgM54gbSE="],"UR0iGCzSyFWtYIhl+1IGyZeRMYg=":["8RCYyrX2AhCxPmIf9QdutNzviNk=","XDATSWvN+DATki!5wXKQlvG!vO0="],"lrj0SKNY1ir3EhsF4x3OrpdVqTE=":["BIrpOWXcfHSiB1Nrmq!T0X4HMM0=","x4dPvpg!yyFlnW0br32vuAofyCU="],"lK70Z2lovqMwmxgqfdn4cdTpo28=":["1wa4hmYX+NukmdkSdflKI0vABZw=","!pvZIbiSwfmME!ikEvj4KC694t4=","EzLj4b7u8RzkNgrFf5U500hSYL0=","R2CYfcpZ37d0mbt1uD+rT!FzVW0=","XDMkSBKDXBozAmgu0xVBAqfEeqA="],"WHB0iZ6!rv!JfP6h9MzX!z4cADc=":["wT11pTclO3eqxcO3SybEFbAQbyo=","qt8zr3+La72beEvbA5GwL5VV27Q="],"PgbQ9rrhCLp4ojlLa5Oz+W76bH0=":["lnsmi7asSrUWAS6pYE7qcFe91uc=","HAvAh2ZJIBCHvPyPBx19xvp9RBk="],"bdAPZyu1ME+AMg8AnY3uARGULjs=":["Z0Sub2RwcIFR0wVloK5E7AcWzdk="],"IW5j3KucaHUgMYClt6z+iFaa7uA=":["6+jtXU1yGHwXsZB8xKRxgEg!7Y0=","4SN0p4T3TS4kCZdkTgsS8hJp92g=","1ybXGVnv6eFHmt2pyK34UgcZw!I=","BkYjkvY9TZqlpxpQH1sld57h9ks=","BkYjkvY9TZqlpxpQH1sld57h9ks=","IqX6BTQrDQyK5fAPBjMqCLwsZGc="],"c0!KUxQGgf1GFHZhjvvj!rPv1wo=":["IL5DCjHo5T2Ik+TqjFY7xhdUMoA="],"ueEn1n9C29Hk3GD2vi6gR8i8+ik=":["j0jVDwp3pssnku!9+8H2IUrgpwE=","3o1v4xZQuMPuNPAKVEUT2ilTzdA=","Z3+ZTIg5GH6rk7tx9PKK5MryoMs=","3LXerU5VwaErAp7mD3qRaiWhHPw="],"iYki!oP97ngIJM8u1jMOLtNBXs4=":["a3Fngr2Y9qC1i4BAbWXCriOXKSA="],"vPNKU1MeIgv8MmOPDdufPPxZyZg=":["EdUucdvrlX51DgbgbSXo0jVy6H8=","mWoNQDqGrbGABzwoULNVBnvzBxA=","WBy3Dbze8E93hIpVBbqccib1vqI=","FzejQyrSgdZA2!sLuIW4f1QV5dU=","iuBq2Rr+Ogj1gctPyxCqWTt3KCc=","jBpWNl0FRV3EZxOCi6OCAZOXsyU="],"fbyPWd7ncJpMxc20U2PJCEcO+5I=":["iTfWqEzT0k5USO5AZU9wGFJ3mws="],"KMys3iwtc!Opdks6MOU5jMvx64c=":["D5g+GO2P3T91Q1k2pLHRQq97ITY="],"15CaRB3!hKwfVYrhwRr8!ueaaww=":["wPJyLCYNgQDePZ+KmwzL5OEeODU="],"aQSxDKpflO3!6YJtKGHiqXo1eyA=":["hp30GfK6OTYEId7mxR4Ydsp9zOg="],"hoTjPtBWmiBO6IDt3OwqW67p9X0=":["CH2w8fc6GWTXynFZeTyEKO8PouQ=","crud89BEx3VAspc728vGskyS46E="],"EyXLQ+2Sw7OwhPSL!nM37xELc1c=":["KM1sMh!FF6CVXXGRuqwB3I600UU=","fanBH0liuikamo+BX+sEPTa9Rrc=","+CEKpu5bK9qWDiN2cxONgpjtjuY=","50gKN8K82WzkC9RVTvqBuwAhLzM=","LSumlfwT+VvpE492Y6R2IbrzFkI=","XUl6yv!Fh7qi8SaE79hVedS1LxQ="],"nFh2BbdtY1mvdQalsnNFptaecmM=":["kAMjAaxVmbU!I2Nftama!CfZzP0=","9u7YyHOF4zBq9UqXISLD3lGVzjY="],"7fY6m28G1dXhchYs4ZgB5qk2Xkk=":["XqW1yC!yDu4sOhbdmsMOzh9fu7I=","f6BNJDT5ggU+uCdULI1NY+8mxso=","8MPaomLJCS7XHRwdOsWWhH8xnn0="],"4x0K9Gts333v1xgwd+6!Wabakdk=":["CySdy75iJEPcv8D8kfQjHTUxIIs=","QKavbYo+6Zqi9s5LvOmVUBWSUhs="],"3Puvh9eNHDyyOINrBer2K+hFxMo=":["RncyNoE4XRxiY6!2JlHIW2wr1cQ=","KRbvAS6trolQgQDR5yoV8aMm!68=","6mTLTpX9sBRsE2aivNlf9udJWV8="],"3Zn401ctOhy0TWYzPIsPMpYKP58=":["q+vce+iiT!raQFlmJa!+Gn1UhHY=","jsEh4nuQ8aPer0KM8WdA13028zI=","tqIqIo7sfrnk3o6JWFGx74K3oxE="],"hVn8i8dkCPGiNvKZLMuDjxtbW7c=":["5PjXyIUpx7!VbqGDeOYmKQASOes=","nboLNAZg7N6F5ynpyFo0zM1!KD8="],"QULiEqELdfBnpQ8VuW1ORoMN9GM=":["H8MUIj6KSAymvO2ntMYSNtOhxpU="],"9KxlRAolTPdFKBRnWWYUSs2N6yE=":["Ex!Rg66ieDfIt3pxOxumRGPKCHc="],"4Omm7Js!!SPSdshuVuxpCzj2XRc=":["RAum86ssDRseMX5OThjnXwBnTbs=","lhF2BXUWvo0hcPpINZLndM6N1M8=","fcNdYdIqs0DUuTAmQY8AX1i82ho=","vDf4k1S9Ef24YhKxw+GuU3INqxw=","BLSQzuabCD290aSXgjFkj4rnIE4=","ClKC0APPolGVmcYQOVTjLXhKwvU=","l8VquCN9mssDv0DGVLOM0CkZ4Uo="],"MouJ!7Sx4BsAdrfYiquDTWNXFQk=":["t09s7F2Ltq8DA89pIwJhT0hyVi8=","ZrZwiaohIFP1+hWJYUYh8jNeXig=","lLGUk3DwE5QOOWR7832FgYYkVRE=","b9o6QLfh4XqClFveKp3ru36DOh0=","X6Zh42eylmvkcCmntQzxmN+oZlI="],"ybUDkpv!0KKFtzZcFYxKfVJl55o=":["fj+rFamvbJGrNT3JyqVRce4n2tY="],"iB5rlWdIuIz!GewC8YzshzPOWqg=":["!h7YF0opNvI3zzqjjWqOp11z3nU="],"OITorbUSlMn!+oLyrANrUc+VlvM=":["j8kNtUTFK+Aavffp7c4mViTBFuk=","yxSoFh+ZDFmFfKvDX31jGqGHOG0=","RvYmG6jZLBrEJTi1Gx3SmnIvucw="],"Dp+!3gDCPVEfevi2LipnB3LbuCw=":["Oqec7U2GGlM5++W1dWHaP2nisxY=","iY4G8UMD0reOaNW+qQjxGmPFzPY=","2pFDoXyeI1pdzEI7lKhCLEvSiUc="],"jj32s2r4+q7+!ECn5Q8oh9M04Eg=":["0CNJCr!st0k06!3tI8J8imqAhoA=","MdGu0Tc03gnRhNrjRowr2UCM4!s=","DO7roVlJuuhbACHg8ysdkCgtM4E=","cfwkTCCWc!jbMgvWaN8OdkxeRrU=","SI0FbgZaJwp1EpYA4R+VzPm2v5E=","Ewy6wgIZuMt!h0eJLrTyiKHGsR8=","747L6F8c+aM4dnzYKG4OpBbRgns=","bc0WjnnHn3JpiGELIby6d7VYmco="],"lMPe+I5!nVpfTWFejiSvJ2uvpyE=":["pzO!6U89kdQzI0I4En6B3AtWeCc=","bFmIEx9KD2aIB!xWefZdtiR+65Q="],"9xGDyuvAWtNR02ePmHcRKtYtNVM=":["orEeTy0qbe+OF!uHRSs1Ikm9klc="],"9m0vTjUcvnOX8ZhSRscOO2BSOAQ=":["xxc!7SW6vSJen!yQh+Wo5tEc0Ms=","KZz5SCvEgK3aMTIgeUiU!DS9EMM=","fanPknQFkwACsYHAC5k25RcGSPE=","OX6RTX9722KbLmtwR5Mi!lwFNhU="],"xUQTu6sVAvxT0T+6mdhWlvYzOq4=":["i6jL6bhQC2YLPWZHXMDkeBrFmwQ="],"Lx5VnUw!iEhFA5w!3EJ3woTeydk=":["D7s+HjM8DtDVqmZ!2zBmrutioWI="],"NSFmsYI4X6UFNZsCJWKGrObz!z8=":["Rat7z1eewi5tU40jLQ99wDI5UnA=","KOZ4bpcF7b1yrAZFk+kvwqLewJ4="],"UcuOZmT0MIfJF3eBn8Dqc+cCpYw=":["gBnnU2vaHq+waqVzUi28+nOq23M="],"4Q6UGQzAe!ym5KPL0MDQ3psNeuA=":["MsLtcUc+ZdSbK4jCiURzAhjLJcQ=","dxbs07PwOlpZl3rowU839Z+lYjU=","qyJmdKHPX0m1ZayXeTgAJzx+gck=","wXtpXQmimx8kbDCd0ouY!1gBjXc="],"Z37Dcq1iGIpCoRTFqZO3TdsBq!k=":["tJ8+03JBt3PoaTsBMNHCWxIFyFI="],"xaKVmreHCMb3XXdsWK4k9OlShsU=":["jYyahrbh1E6I5w64sWROwLJlj9U="],"DzDgzqj2dqnYXeTR0joiloLa1f0=":["xDGd6t+4PL1tjy0Qg6!RwFhCDRI="],"vh8gDzY!71wGHH1D!iJ!ny4JQxY=":["YhjpNjtdyqLjsFSmLPpH15C8snw="],"UaBoUncCQ!!lgC!IJyGdU9oEQFU=":["e6vcIKYD2hozOG!DcU+C0A1LEMc="],"foa7q0MsYQBFrNxM4S9zOYgbM6U=":["g8XX5A3xdwrLAvW3QOfT6QnCgH0=","SUgezMtLdC46QMoHMeaAHe69GPQ="],"uIT7wdlkoJ4cGavSZ2oWW6y9zWs=":["3!8x9rLG10JO1vkC78Pwf!eelBI=","b1IYvkcLnJJCcfT6Jo5hP6O!PlY=","ldpyg9hmTq7rXu3CO9jUW3VBj5M=","YTzC99hNB6cUcl+2sjJrpcLHngE="],"DxUIAJnKHz9DnzhPO5uBiiqiMY8=":["MLYibfuYSLKVpZsWWpycl8rRFVQ="],"By3HKrPoVOew0+xfzSyVJ0YThvY=":["hL!NFeE!rJ2XagrV3O8wPNEcm6k=","VuAzm6tXRlUYoVfi+AqwPByvc9U=","QjEwq8!pZQ4k7sa+9zB9ycaPiJo="],"DrT9zo2iUftedoH1takUbkyARd0=":["EiOKTnH+9eCrzghQuqRaoFtsOYk="],"+sMExeHHiKXUUjGpBW9w0zqPQ6s=":["Esvl0qRpvAassXd5MRH35ISJc2I="],"RIcRBOn2xSkjwVBfXejIenQ2!8E=":["1mceK1kpyuy+iRwIuUd0oKCATRA="],"!vFzpeU+WUSkSOgpnh+T84aaaOU=":["MB7!qil25R+jVbXkoOyl+LHPuaI="],"tN6UZYxlXt4B7Zc7BrWJvbYiLqI=":["4xQ9mXsMtS9Ds9O9kTvFCkBoZ9w=","QhI70xokMynK9ElJuTSInFhEwqM="],"aYa9BPwDk4xQBrMWivef8ahnOy4=":["fovy5TPK!ChyNJKXNQzGVZ09iUY="],"omcxW1k!GNdKyownIfSXQie3!L4=":["1rfDLmiLC!XjtO4BKxg32Onpi78="],"TJb!zBu+zu424xqLPk4dJYYydjY=":["753OJCdaFdBFY8s1ath39tQMuh8="],"+umMX5aHoxoBAPFuUMiMVoK3Rd8=":["W+MXCGXhqeVQypBuEP2IDlkZgtk="],"HagGtP6qxoaj+6eNAkvqXD5rP+k=":["EyeyCJKzKaIZD6fdsqIlfqaQE8o=","h8lXHh!SqKPIbuotlUgIAA8!OfI="],"P9qZq51YPL5UYiomxJQxoGZ1N!E=":["4oQd6tznWoMWD5uXwc2gcmUm1d8=","h3j8xSl2+Eqk5y4jp!4NvxU5bA0="],"eiOE8849V6kgml5zqe6P0GQcwaE=":["JIrbF07iZtE9hvFgOTnN9!pFcYc="],"DyRjwYmgHLNT67Sir5smGqNPoTc=":["e1+Eezs4pNDvOYrdLYXpMIEGfMw="],"qDyCbE3shQLqcD4JcAbvzHm85p0=":["YzLWCewrrDoE1!OUXPyzHXgnqeY="],"9pl!jfLvTsb2NNH9z0uAuQja5X0=":["LwoOHBvT1ZKvYGQkz0oZ82IRFDY="],"CGoKg9dLWAXmMEprh+o8O9+hydY=":["IC!brNkZz!J7!Oa4eFRXQHqecbI="],"BfNTUpN8FyU5IIxjs6uwCgRrjEw=":["zkV1ORiJkNTzsJFAFAImcet5q6Y="],"rbsfm5txhCr!SakaNTsFYrXjVG8=":["iMXPO0tvE7pmHiXtfid4GihM5bw="],"xWaU4QmBOkFKDwK16FgWvHmr2LM=":["Cmk3vR4i1imC5ucSMtVcimW0uug="]}