{"K!Wh550sI4zARSY6HiqQP4ezmv8=":["SPEmKNCu96GlnsB4tRDfy4IMfK4="],"EY4wSOnJY+m0REFemGyx7K3cfDw=":["8Ao5hWqaACiDr+zT0IeDfpDqatI=","SNW!Dhmjv6F0QOxi1R1aoYtdYtU="],"jcjaKqnQNBfvnPOBHGcfnGtTDxk=":["SNW!Dhmjv6F0QOxi1R1aoYtdYtU="],"Km3uoB4+xrJTY2BKzvEcdC2ycx4=":["8Ao5hWqaACiDr+zT0IeDfpDqatI=","uVbsQDXJXwwDSu3VO8auqHJ8Bds="],"FN1abks5Y5kfItNig4qX1WTu!T0=":["8Ao5hWqaACiDr+zT0IeDfpDqatI=","SNW!Dhmjv6F0QOxi1R1aoYtdYtU="],"fHgWw9b0Fmo8Vt66YLjy8rtJzZw=":["8Ao5hWqaACiDr+zT0IeDfpDqatI=","SNW!Dhmjv6F0QOxi1R1aoYtdYtU="],"XPICLtHjNwNDl733Gqe2MolpXGk=":["SPEmKNCu96GlnsB4tRDfy4IMfK4="],"IKTJbbK11a4CGjMfgZOiWGQyI1E=":["8Ao5hWqaACiDr+zT0IeDfpDqatI="],"qKzzpuXDH+wkn8Bz8avFtKV4Cn4=":["SPEmKNCu96GlnsB4tRDfy4IMfK4="],"KhlQM95CWHOrzjl0MLIzokxGwRs=":["8Ao5hWqaACiDr+zT0IeDfpDqatI=","uVbsQDXJXwwDSu3VO8auqHJ8Bds="],"t1fHmw9Q6V4EvnKzu+aQg+ppMIg=":["8Ao5hWqaACiDr+zT0IeDfpDqatI=","uVbsQDXJXwwDSu3VO8auqHJ8Bds="],"6PPWfTMMoFHMzTMX6bFsyg6NFSU=":["8Ao5hWqaACiDr+zT0IeDfpDqatI=","5xU1kKysQlkKGD7jlIH6vLOsAI8="],"B9c04r+HtReBTpZjP4Bj7BcRLeE=":["8Ao5hWqaACiDr+zT0IeDfpDqatI=","uVbsQDXJXwwDSu3VO8auqHJ8Bds="],"7HtWn9!6TPjp9KNTeesSIzBJIEk=":["0PWDOlEh4DOtL2YgnzfFAKTW9eg="],"dgwVdfNUCQY!w+4MBpqTw9cKKjM=":["SPEmKNCu96GlnsB4tRDfy4IMfK4="],"HSyro1siamxkfMAcOvb+nnLOCnc=":["8Ao5hWqaACiDr+zT0IeDfpDqatI=","uVbsQDXJXwwDSu3VO8auqHJ8Bds="],"u87TkhE0+VLl9jyi37c4Hrw27yo=":["8Ao5hWqaACiDr+zT0IeDfpDqatI=","uVbsQDXJXwwDSu3VO8auqHJ8Bds="],"8rUomgzlfsnU1nu1V!LWGc9tZZQ=":["H9OwCKnttAG9MfDesYEXaRd0H!w=","MqeVrDxFPAt0xJOc2YnYlriO9SA="],"XhQDifJ5!P7KzOi!z9XWwXfz8gw=":["8Ao5hWqaACiDr+zT0IeDfpDqatI=","MTYqvyMhZBYMrypMNROS9TWBFpY="],"!h0RDHi2FZOY1f5kSlvfmb4VrR0=":["8Ao5hWqaACiDr+zT0IeDfpDqatI=","SNW!Dhmjv6F0QOxi1R1aoYtdYtU="],"KtGolv1fiheSo!YPUqOl54St0iY=":["8Ao5hWqaACiDr+zT0IeDfpDqatI=","uVbsQDXJXwwDSu3VO8auqHJ8Bds="],"BXPSv!zzJjl1FleNt!EH+ykQNjw=":["8Ao5hWqaACiDr+zT0IeDfpDqatI=","cDgVoy+1bGS7VuNa9xP!7XO3SOg=","GCDj6ZoJa1BF6osPfdTMnelKrRg="],"rHsZpxrqTCRVFMrfaadQhCMS+Xo=":["8Ao5hWqaACiDr+zT0IeDfpDqatI=","uVbsQDXJXwwDSu3VO8auqHJ8Bds="],"oZmWSM3B!aMVr7wG+nuIpKh!0Ds=":["yGeV5XShsf56sgbQ+osQR9!Ym0Y=","kgxKM7SCExxv7X9B0bwhfLJw3ak="],"y46m3LhW4VQMEQItBjWzirCK2m4=":["8Ao5hWqaACiDr+zT0IeDfpDqatI=","NyY+3k94WFa9ZL37aBzMn5kRT0A="],"blS8ffwKGBrBWTkwrVdYp8R48E0=":["8Ao5hWqaACiDr+zT0IeDfpDqatI=","uVbsQDXJXwwDSu3VO8auqHJ8Bds="],"Mnd9VUY5RTb2gkCcQCWu3Rk0xz0=":["8Ao5hWqaACiDr+zT0IeDfpDqatI=","uVbsQDXJXwwDSu3VO8auqHJ8Bds="],"c7pGdg2RjwG6FoVpxV0bjDuzTxQ=":["uVbsQDXJXwwDSu3VO8auqHJ8Bds="],"LNakE1sAQJZ6ykB9KEZMKgEfyvk=":["0PWDOlEh4DOtL2YgnzfFAKTW9eg="],"trSFLo24z2Rsi7ls56ezpc3Y+!s=":["uVbsQDXJXwwDSu3VO8auqHJ8Bds="],"5NW5XHz5yKuObrfIZNWSVBJ8egg=":["8Ao5hWqaACiDr+zT0IeDfpDqatI=","JKjPVc2kRUINV6AImCSCxy+VD0U="],"+iKf4PCWQE7PIU8SI+EOb9INYmQ=":["uVbsQDXJXwwDSu3VO8auqHJ8Bds="],"dYH6Qg2o7lz+eU+3G8mcbh1Btbc=":["8Ao5hWqaACiDr+zT0IeDfpDqatI=","5xU1kKysQlkKGD7jlIH6vLOsAI8="],"FdsktS4PF6weKKsNK95KvFPCeuk=":["8Ao5hWqaACiDr+zT0IeDfpDqatI=","SNW!Dhmjv6F0QOxi1R1aoYtdYtU="],"JeNEAsc78VK+RXnU8IceaW8Bv48=":["8Ao5hWqaACiDr+zT0IeDfpDqatI=","uVbsQDXJXwwDSu3VO8auqHJ8Bds="],"nS9hyVBJOJ7!1jslKFhnICPl0QM=":["SPEmKNCu96GlnsB4tRDfy4IMfK4="],"vdgtlKfnh1E+096uePfyg+cgsKU=":["jYKqcmyHJ!bbOmOMsW74+TpNuk0="],"hfBPXxgy+oB06b!3IJ3hHfT7FZ4=":["8Ao5hWqaACiDr+zT0IeDfpDqatI=","uVbsQDXJXwwDSu3VO8auqHJ8Bds="],"4afJLkoDpjLLyPjSsdCN9pC92BA=":["8Ao5hWqaACiDr+zT0IeDfpDqatI=","uVbsQDXJXwwDSu3VO8auqHJ8Bds="],"Oin0wR!l3KnbN+qubesAiLEV5JU=":["8Ao5hWqaACiDr+zT0IeDfpDqatI=","JKjPVc2kRUINV6AImCSCxy+VD0U="],"gJbM898b11mxTJdLnxiGf0v3siE=":["8Ao5hWqaACiDr+zT0IeDfpDqatI=","uVbsQDXJXwwDSu3VO8auqHJ8Bds="],"h2lt528ZluRh7ArxCPAAoiGgI9E=":["uVbsQDXJXwwDSu3VO8auqHJ8Bds="],"EkksT1r1YczfTYRMM6DlLOIhKv8=":["8Ao5hWqaACiDr+zT0IeDfpDqatI=","5xU1kKysQlkKGD7jlIH6vLOsAI8="],"hbcKDRxBgmtjtA5V7c6a9z7rzIM=":["8Ao5hWqaACiDr+zT0IeDfpDqatI="],"DeICNZ1AHfvDEuaKu3GbIUfj+GA=":["8Ao5hWqaACiDr+zT0IeDfpDqatI=","1eYNwmht+lvPmD20vtFSaGDxyR0="],"xp0hn31rqGHPEeoMiUpxmZAqbkM=":["8Ao5hWqaACiDr+zT0IeDfpDqatI="],"n+NQgo0MEsaFIEWtsTpXCxwfhfA=":["8Ao5hWqaACiDr+zT0IeDfpDqatI=","NyY+3k94WFa9ZL37aBzMn5kRT0A="],"CK4D5ltVYWc6xoFSndJVItqFrU4=":["8Ao5hWqaACiDr+zT0IeDfpDqatI=","8PW7nDfmp01XnanE+3Se2HurYwA="],"Z9+VdgzcLhlxcyho0p6zRKCz1Os=":["uVbsQDXJXwwDSu3VO8auqHJ8Bds="],"lG0AQZgCFkAw0O4+wRlWz7B01EQ=":["8Ao5hWqaACiDr+zT0IeDfpDqatI="],"BK428!0Dde9Tr9D6arfihzZbC40=":["8Ao5hWqaACiDr+zT0IeDfpDqatI=","NFUL4MqbOzYovi2ntKAWefqnn4w="],"VR1vNs3olhT8w8f7dwgacSKISC8=":["8Ao5hWqaACiDr+zT0IeDfpDqatI=","uVbsQDXJXwwDSu3VO8auqHJ8Bds="],"ErrudH+ernI9euZWn+NSpzpVo2c=":["8Ao5hWqaACiDr+zT0IeDfpDqatI=","uVbsQDXJXwwDSu3VO8auqHJ8Bds="],"Pz!HzIwW3dnrPSNXXN9QxIDJ+ec=":["8Ao5hWqaACiDr+zT0IeDfpDqatI=","uVbsQDXJXwwDSu3VO8auqHJ8Bds="],"dbkz0NEAGShUdWlS5OIQIBgueFQ=":["8Ao5hWqaACiDr+zT0IeDfpDqatI=","uVbsQDXJXwwDSu3VO8auqHJ8Bds="],"BKARpxkHi4DX0S5MqP+T2egbGOU=":["8Ao5hWqaACiDr+zT0IeDfpDqatI="],"pc24SPEtxDAAevt3nLQvvY2655E=":["8Ao5hWqaACiDr+zT0IeDfpDqatI=","uVbsQDXJXwwDSu3VO8auqHJ8Bds="],"lnBPJ0hIZDrgkw5lkUXUWPB9gf4=":["H9OwCKnttAG9MfDesYEXaRd0H!w=","SPEmKNCu96GlnsB4tRDfy4IMfK4="],"nEWRgiOGglWqD+cnva5Xswd0avA=":["8Ao5hWqaACiDr+zT0IeDfpDqatI=","qLSF5vu1qzmPCQjpVlM1089q6lU="],"O6BHaLpCEjFZgeI9963IFJP2jvs=":["8Ao5hWqaACiDr+zT0IeDfpDqatI="],"eDfQEM+KERz9HjkQXi5X0BcF1Ok=":["8Ao5hWqaACiDr+zT0IeDfpDqatI=","mj7yr5Qk4srRFOX92sPHFhdEdWQ="],"jAccnsaG6aNkeYRStKGY1utN+ok=":["8Ao5hWqaACiDr+zT0IeDfpDqatI=","uVbsQDXJXwwDSu3VO8auqHJ8Bds="],"3SATByHGH7Ps09yZKzy6lWLj+g4=":["8Ao5hWqaACiDr+zT0IeDfpDqatI="],"!SC4Kcs0rF9pROAb0phC3NWKH60=":["8Ao5hWqaACiDr+zT0IeDfpDqatI=","uVbsQDXJXwwDSu3VO8auqHJ8Bds="],"XDbSf03vwVRxM1ikE0zwYwbSJ3Q=":["8Ao5hWqaACiDr+zT0IeDfpDqatI="],"G7WIFJo8ZUhIbPov3ktAuAeS99U=":["IDVgew8nmTo4sny9uBXNUqhgEhM=","+RAqmynFeQqOCKjfKApN1fjc8Q8="],"IH3MPD4oT86QpdAYKBSS0bSYSgg=":["8Ao5hWqaACiDr+zT0IeDfpDqatI=","uVbsQDXJXwwDSu3VO8auqHJ8Bds="],"xJWnx!8QC3UJcpYPAfYNNCApQq0=":["8Ao5hWqaACiDr+zT0IeDfpDqatI=","pD3hEO6s+u4oT1xFi!xi95kw9sQ="],"1h70uP2tjh8v7WnkenisadsaXDg=":["8Ao5hWqaACiDr+zT0IeDfpDqatI=","uVbsQDXJXwwDSu3VO8auqHJ8Bds="],"i0GRkmH8zZe2glnCSMWShdBGNGk=":["8Ao5hWqaACiDr+zT0IeDfpDqatI=","uVbsQDXJXwwDSu3VO8auqHJ8Bds="],"D2S5PnsabFuHbpizweAgG8QJwn8=":["Rsq8AfhXn+C2WHrykrcuBLtKpHk="],"0sDe7+oJHLP+oRhb!ALQxiJWi4c=":["8Ao5hWqaACiDr+zT0IeDfpDqatI=","uVbsQDXJXwwDSu3VO8auqHJ8Bds="],"fObxPejBcXJUTaLARPOKsaxinek=":["8Ao5hWqaACiDr+zT0IeDfpDqatI=","uVbsQDXJXwwDSu3VO8auqHJ8Bds="],"UmP1M8pH7km!igDscoCmUFpAFLM=":["8Ao5hWqaACiDr+zT0IeDfpDqatI=","1eYNwmht+lvPmD20vtFSaGDxyR0="],"i4Xw8Hw1RkYHObO4NLNCst01gy4=":["kgxKM7SCExxv7X9B0bwhfLJw3ak="],"F6RXpzOVaOvAyRpEzrIbz4!oqrE=":["8Ao5hWqaACiDr+zT0IeDfpDqatI=","uVbsQDXJXwwDSu3VO8auqHJ8Bds="],"JImlE6xJcnKfLcvjdhPAo4XUHIo=":["IY2DWvzP73gF6JeZq!IyhV1c!nY="],"oZhyaV8fOl8inYuSuu63fSGjAfA=":["8Ao5hWqaACiDr+zT0IeDfpDqatI=","JKjPVc2kRUINV6AImCSCxy+VD0U="],"8Smixd93zH22iJ!jNBJ0GamiC10=":["8Ao5hWqaACiDr+zT0IeDfpDqatI=","uVbsQDXJXwwDSu3VO8auqHJ8Bds="],"FwCAzi9HE0B+NIPGJxho!T1lxpI=":["SPEmKNCu96GlnsB4tRDfy4IMfK4="],"DWQERac!rrEG8BqCztiYEtSJTkA=":["8Ao5hWqaACiDr+zT0IeDfpDqatI=","uVbsQDXJXwwDSu3VO8auqHJ8Bds="],"MmhXdAL1sRhSoiZkxAKU4X5lmok=":["8Ao5hWqaACiDr+zT0IeDfpDqatI=","uVbsQDXJXwwDSu3VO8auqHJ8Bds="],"dtSqj4DtKIb7dGr9T9OKzSJ3btw=":["8Ao5hWqaACiDr+zT0IeDfpDqatI=","MTYqvyMhZBYMrypMNROS9TWBFpY="],"HhBkaxCNzIBErW9PJiLpSdJXaW4=":["8Ao5hWqaACiDr+zT0IeDfpDqatI="],"REw3lGyS0neQbLtjIrpyKY2Tw28=":["8Ao5hWqaACiDr+zT0IeDfpDqatI=","uVbsQDXJXwwDSu3VO8auqHJ8Bds="],"L2BAKyFweVzXIITR7IDzEY0O0sU=":["SPEmKNCu96GlnsB4tRDfy4IMfK4="],"nO9RxO3ktSM!92UgYFpz0DK863U=":["8Ao5hWqaACiDr+zT0IeDfpDqatI=","mj7yr5Qk4srRFOX92sPHFhdEdWQ="],"bf5qD8BNdVw!HrhZgXQ6xdQy1as=":["dT1ZmkvFNZhZGiigkgJUEA4r!SM="],"TByjzp!RmQ3aTvEDh7xE!N34!zs=":["SPEmKNCu96GlnsB4tRDfy4IMfK4="],"AzUlH9MKbR9JkGDzZShsihYZwDg=":["dT1ZmkvFNZhZGiigkgJUEA4r!SM="],"EwxHOVNvQuO9OG3nHG+0A7w4Omo=":["uVbsQDXJXwwDSu3VO8auqHJ8Bds="],"j2JXl1l73rFSeCK7bVvLk+kbn38=":["8Ao5hWqaACiDr+zT0IeDfpDqatI=","0qBWDOzfvi1UZUh32evnHRBfR5I="],"4XnaXCenrlJfkyPN43Sa2vx!njQ=":["8Ao5hWqaACiDr+zT0IeDfpDqatI=","uVbsQDXJXwwDSu3VO8auqHJ8Bds="],"5VyCul2l+IiXCbZaGDxWhPoEQAQ=":["8Ao5hWqaACiDr+zT0IeDfpDqatI=","uVbsQDXJXwwDSu3VO8auqHJ8Bds="],"6Nwp7cmzFB8npzZebmBeiVUfeEU=":["flwgFdcz7ykke+iUNiUh6!DhO0M="],"P6b+SfT0p7Rlypnj5w5!Kbe9x40=":["8Ao5hWqaACiDr+zT0IeDfpDqatI="],"aSCr8T09a2Nmlyujin+NksvKaW0=":["uVbsQDXJXwwDSu3VO8auqHJ8Bds="],"OW36N3GolZYlfFohz!AbCpYYB48=":["uVbsQDXJXwwDSu3VO8auqHJ8Bds="],"jPWxXE8W0YYo1Y7mgDyxaNpvzBc=":["8Ao5hWqaACiDr+zT0IeDfpDqatI="],"mVDQ65r!LLJo6jjr+okD3dmD58o=":["8Ao5hWqaACiDr+zT0IeDfpDqatI="],"1X+opiwKknFLuppDw+jlcnI3ayg=":["8Ao5hWqaACiDr+zT0IeDfpDqatI="],"EilJvqLZiT5VPMt!8kWx+eRiAzY=":["8Ao5hWqaACiDr+zT0IeDfpDqatI="],"DGhlNDJPa6OJkKymROzo59JcAq0=":["uVbsQDXJXwwDSu3VO8auqHJ8Bds="],"CgZOZBvdaIcH6bmzKW8zaJLtzlE=":["8Ao5hWqaACiDr+zT0IeDfpDqatI="],"aS3rmBhBQxsF4rSun8fc+LOMOSI=":["8Ao5hWqaACiDr+zT0IeDfpDqatI="],"xes0h95ed0JsEB2l4Ibgq4M5t88=":["oMethhaIK3o!taFdntxGj3HBlqA="],"NpDyQiI5G+8SpaRxa4BydudVFI8=":["oMethhaIK3o!taFdntxGj3HBlqA="],"D6J6FCjX5tN5CeI0K!lMzqyGguI=":["a5q7HP1yo80Ti7DrQvtXft3aXAk="],"LGkgJP1YOSKhWm6PHH7Kmc6ybeY=":["yGeV5XShsf56sgbQ+osQR9!Ym0Y=","kgxKM7SCExxv7X9B0bwhfLJw3ak="],"KTo0tMpKP53j+pT8QcdPvBzJM6A=":["8Ao5hWqaACiDr+zT0IeDfpDqatI=","uVbsQDXJXwwDSu3VO8auqHJ8Bds="],"bWDM5Yt2U0JWIB00ZckTzxYsSQg=":["8Ao5hWqaACiDr+zT0IeDfpDqatI=","NyY+3k94WFa9ZL37aBzMn5kRT0A="],"2rFQGQcI2!YoP0JIgu4u6n!BVUs=":["8Ao5hWqaACiDr+zT0IeDfpDqatI=","uVbsQDXJXwwDSu3VO8auqHJ8Bds="],"DD6TmHwmCQRw82YRrPnVfRVi1Xk=":["8Ao5hWqaACiDr+zT0IeDfpDqatI=","uVbsQDXJXwwDSu3VO8auqHJ8Bds="],"+DjH2+mPa7FRg9Et!NIYdmAKJ+U=":["8Ao5hWqaACiDr+zT0IeDfpDqatI=","uVbsQDXJXwwDSu3VO8auqHJ8Bds="],"Ii7lTlnPt9sWeF4aUqi6S1nJzZc=":["8Ao5hWqaACiDr+zT0IeDfpDqatI=","uVbsQDXJXwwDSu3VO8auqHJ8Bds="],"HSodnaSz1s!je7nGTJTSiSXoMrw=":["8Ao5hWqaACiDr+zT0IeDfpDqatI=","uVbsQDXJXwwDSu3VO8auqHJ8Bds="],"sCUMkA!5tMkp4BTIc1ylqdqpiqs=":["SPEmKNCu96GlnsB4tRDfy4IMfK4="],"3pK+iAHhBnu313te25nKGZUEmK8=":["1ci!i6QiqFC6JW40LITW73M4CMc="],"QeBlDIeV17!6IyzbpOJSK1DwPaI=":["1ci!i6QiqFC6JW40LITW73M4CMc="],"aa1GPRG7npF25lScvgiKSAso25c=":["8Ao5hWqaACiDr+zT0IeDfpDqatI=","uVbsQDXJXwwDSu3VO8auqHJ8Bds="],"afB3NRjcR7itdZZ3rL0uTvi6BoM=":["8Ao5hWqaACiDr+zT0IeDfpDqatI=","uVbsQDXJXwwDSu3VO8auqHJ8Bds="],"PXttJUSYl0Cx!v!SYqLqR4vGuNc=":["JKjPVc2kRUINV6AImCSCxy+VD0U="],"vR5cX+Y5!D6tA+JLO7XUEPq9ZAg=":["SPEmKNCu96GlnsB4tRDfy4IMfK4="],"e4Vbfdq4pSzlNtMXVaDz37O5w9Q=":["5xU1kKysQlkKGD7jlIH6vLOsAI8="],"9JP1DbjOtGvo6Bni+caoF5YC6tY=":["8Ao5hWqaACiDr+zT0IeDfpDqatI="],"fwSu6Ro!u24RAObw5fXe1XP0Dx8=":["8Ao5hWqaACiDr+zT0IeDfpDqatI=","uVbsQDXJXwwDSu3VO8auqHJ8Bds="],"teK5mn!e6qfZeuIzlPD0zN9o4IA=":["8Ao5hWqaACiDr+zT0IeDfpDqatI=","GCDj6ZoJa1BF6osPfdTMnelKrRg="],"HWhIMmsrZrgxJ!mVAMCe4ljYX4w=":["q4OK7Xj8q9q7dfjaMoBDIG1tsuQ="],"IiOF6GUrv+Tj4mFMFTpmMz6N!Uc=":["8Ao5hWqaACiDr+zT0IeDfpDqatI=","uVbsQDXJXwwDSu3VO8auqHJ8Bds="],"2ub88yXgkK3EWKhZIqJOr5TQSl4=":["SPEmKNCu96GlnsB4tRDfy4IMfK4="],"Iv5LMIt1bgB4aGIt0rmXHvlDBJc=":["8Ao5hWqaACiDr+zT0IeDfpDqatI=","uVbsQDXJXwwDSu3VO8auqHJ8Bds="],"lP5ehIkMjJC!zsu3h26fT9MqTog=":["8Ao5hWqaACiDr+zT0IeDfpDqatI=","MTYqvyMhZBYMrypMNROS9TWBFpY="],"8i8uW8ngmfcStbh3rZaXlKeHISI=":["uVbsQDXJXwwDSu3VO8auqHJ8Bds="],"8i3RtPtGTlJAxrpx!ri47EGWw7I=":["8Ao5hWqaACiDr+zT0IeDfpDqatI=","uVbsQDXJXwwDSu3VO8auqHJ8Bds="],"BUdj9SizXM!wrEEvgafw9adbe64=":["uVbsQDXJXwwDSu3VO8auqHJ8Bds="],"0CjjADoV!xNegl!XSkb9AZmvQoo=":["8Ao5hWqaACiDr+zT0IeDfpDqatI=","uVbsQDXJXwwDSu3VO8auqHJ8Bds="],"zTKiidypycqfHRDKRf9hzABOLXA=":["8Ao5hWqaACiDr+zT0IeDfpDqatI=","uVbsQDXJXwwDSu3VO8auqHJ8Bds="],"zHk0NbxqCR4Jikl6bihTARmIzCA=":["8Ao5hWqaACiDr+zT0IeDfpDqatI=","uVbsQDXJXwwDSu3VO8auqHJ8Bds="],"37gd3eCfRgvpJ0Ja6JvLe2z8MT8=":["8Ao5hWqaACiDr+zT0IeDfpDqatI=","QABvsiNSRDYwezmxeIYr2Rp5j1s="],"EPkp1Xu87aXo0N95wKwG+H!EeSo=":["8Ao5hWqaACiDr+zT0IeDfpDqatI=","uVbsQDXJXwwDSu3VO8auqHJ8Bds="],"9w2sb3n1sgXkILjoTQ0n8jshEMY=":["8Ao5hWqaACiDr+zT0IeDfpDqatI=","uVbsQDXJXwwDSu3VO8auqHJ8Bds="],"LBDRjsifHRaTTSQsD0CBsNax9e8=":["8Ao5hWqaACiDr+zT0IeDfpDqatI=","uVbsQDXJXwwDSu3VO8auqHJ8Bds="],"hGuH!vrH5jjLEtRWceML8yZMHaw=":["8Ao5hWqaACiDr+zT0IeDfpDqatI=","uVbsQDXJXwwDSu3VO8auqHJ8Bds="],"9nSTofQd7ZQ3!jUMkcNN6s8CdYI=":["8Ao5hWqaACiDr+zT0IeDfpDqatI=","uVbsQDXJXwwDSu3VO8auqHJ8Bds="],"lH1+qrsGEw4YTYdPRpG!GgG9pzU=":["8Ao5hWqaACiDr+zT0IeDfpDqatI="],"FTQBXSU!kayAU0bQWECjobd6OSc=":["QVRzMF9qmNUz7exwJE4aNpG7c14="],"5ZrpU4zSAsrDpae7HzyKRBISghU=":["8vNHkUP0aunj17RTXFhnHZdoeXY="],"BFzZsphxr9zFg3q7DyAM2n!mWkI=":["8Ao5hWqaACiDr+zT0IeDfpDqatI=","uVbsQDXJXwwDSu3VO8auqHJ8Bds="],"gtFO9pKEepKJNCJkf+R1K1iWEUw=":["8Ao5hWqaACiDr+zT0IeDfpDqatI=","uVbsQDXJXwwDSu3VO8auqHJ8Bds="],"6Ll1JND8!c2pqsIOLz8jDsp8pho=":["a5q7HP1yo80Ti7DrQvtXft3aXAk="],"4dpILQ4ZVAXYI1TNnnIjFkbgrEE=":["8Ao5hWqaACiDr+zT0IeDfpDqatI=","NFUL4MqbOzYovi2ntKAWefqnn4w="],"JIcUF2AG3!qC9YlqZlgNaoJin2g=":["gIQZyZ752RYBttoAdhxgd6WaNvQ="],"!In!9fUpRDZHjCndOwF3l5EIFnY=":["8Ao5hWqaACiDr+zT0IeDfpDqatI=","uVbsQDXJXwwDSu3VO8auqHJ8Bds="],"HUYTrr2M53rxmKl7GesK+Wpn3aE=":["8Ao5hWqaACiDr+zT0IeDfpDqatI=","NFUL4MqbOzYovi2ntKAWefqnn4w="],"2cmxVx+2cLVR2+yD+pxYJXfxZdk=":["8Ao5hWqaACiDr+zT0IeDfpDqatI=","8PW7nDfmp01XnanE+3Se2HurYwA="],"bETqb!zE8OS9+0Y8CgDw3+T5zPY=":["8Ao5hWqaACiDr+zT0IeDfpDqatI=","uVbsQDXJXwwDSu3VO8auqHJ8Bds="],"KgwK9c!krJrJIJglQBMJH1wk!tM=":["8Ao5hWqaACiDr+zT0IeDfpDqatI=","uVbsQDXJXwwDSu3VO8auqHJ8Bds="],"cxaUkgWX+RKr7cv4WvdKsQfIoFs=":["8Ao5hWqaACiDr+zT0IeDfpDqatI=","uVbsQDXJXwwDSu3VO8auqHJ8Bds="],"xgWYJfoleqPNPZnM5fwZAmYACgQ=":["8Ao5hWqaACiDr+zT0IeDfpDqatI=","yGeV5XShsf56sgbQ+osQR9!Ym0Y=","kgxKM7SCExxv7X9B0bwhfLJw3ak="],"Mxra8HwKOcaF2G+qQAN0gbs1MW8=":["8Ao5hWqaACiDr+zT0IeDfpDqatI="],"UXNQeZJAMeE5cZJ0EiBXuPFb7WU=":["8Ao5hWqaACiDr+zT0IeDfpDqatI=","uVbsQDXJXwwDSu3VO8auqHJ8Bds="],"2eSBxFCPddw2qGb7KvVBwZ6oM9A=":["8Ao5hWqaACiDr+zT0IeDfpDqatI=","qLSF5vu1qzmPCQjpVlM1089q6lU="],"c7pYmcdiCPGSn!fbs2zltLS5BLM=":["+RAqmynFeQqOCKjfKApN1fjc8Q8=","IDVgew8nmTo4sny9uBXNUqhgEhM="],"zlRMAB9EBXX4voaofWSA8sluVsc=":["8Ao5hWqaACiDr+zT0IeDfpDqatI="],"XlFxofReiGCbX7GgUIVJLI8eu9s=":["8Ao5hWqaACiDr+zT0IeDfpDqatI=","uVbsQDXJXwwDSu3VO8auqHJ8Bds="],"1L22rmIXwS6x1JK3DhVR6LH9U6A=":["+RAqmynFeQqOCKjfKApN1fjc8Q8=","IDVgew8nmTo4sny9uBXNUqhgEhM="],"djlNnkgMKfrSriyb7uHYBb+7HQE=":["8Ao5hWqaACiDr+zT0IeDfpDqatI=","uVbsQDXJXwwDSu3VO8auqHJ8Bds="],"In6WEpQac1W0eEI5xeEtD47tkKc=":["JKjPVc2kRUINV6AImCSCxy+VD0U="],"uRcvOjsTP6CQdHFImw1ia2Eianc=":["NjDi0KOUnSBZDzREmrRTLU!64ww="],"CXHDA77h9pdLNTza6ejtZJdIOQk=":["8Ao5hWqaACiDr+zT0IeDfpDqatI=","uVbsQDXJXwwDSu3VO8auqHJ8Bds="],"Ufk1EFYWOnatJYH4RGxEm828K9M=":["8Ao5hWqaACiDr+zT0IeDfpDqatI=","uVbsQDXJXwwDSu3VO8auqHJ8Bds="],"WC+U!Ua+7e5peU8SPd1sT000vkI=":["8Ao5hWqaACiDr+zT0IeDfpDqatI=","uVbsQDXJXwwDSu3VO8auqHJ8Bds="],"het6TcRAz0GdkiqnXIxp7NrUgmM=":["8Ao5hWqaACiDr+zT0IeDfpDqatI=","uVbsQDXJXwwDSu3VO8auqHJ8Bds="],"Tnotefd0LXqdDTba9ZdAa88p6TU=":["8Ao5hWqaACiDr+zT0IeDfpDqatI=","uVbsQDXJXwwDSu3VO8auqHJ8Bds="],"uJc4pp4UunF7TNrQmfHa!pAcKzk=":["8Ao5hWqaACiDr+zT0IeDfpDqatI=","uVbsQDXJXwwDSu3VO8auqHJ8Bds="],"bSFBh4xEtD+NQO7YPK6pakxUlsU=":["8Ao5hWqaACiDr+zT0IeDfpDqatI=","uVbsQDXJXwwDSu3VO8auqHJ8Bds="],"PpGWcQRoJWlQvAfLv18ZT6iDasw=":["MTYqvyMhZBYMrypMNROS9TWBFpY="],"T23H7KMJlQAX1vrOzvTxtnTOpdg=":["8Ao5hWqaACiDr+zT0IeDfpDqatI=","uVbsQDXJXwwDSu3VO8auqHJ8Bds="],"hMt6QP8wGRTwOI530HMH5J6Z+JQ=":["8Ao5hWqaACiDr+zT0IeDfpDqatI=","uVbsQDXJXwwDSu3VO8auqHJ8Bds="],"vgx0E+y5qEWLWh7Y70WwwZHI0wQ=":["8Ao5hWqaACiDr+zT0IeDfpDqatI=","uVbsQDXJXwwDSu3VO8auqHJ8Bds="],"Cr8BjMTdCDDykR1q44JgM54gbSE=":["uVbsQDXJXwwDSu3VO8auqHJ8Bds="],"o884PUXFj!GMG4gqnK!go2b4czw=":["8Ao5hWqaACiDr+zT0IeDfpDqatI=","NFUL4MqbOzYovi2ntKAWefqnn4w="],"8RCYyrX2AhCxPmIf9QdutNzviNk=":["8Ao5hWqaACiDr+zT0IeDfpDqatI=","uVbsQDXJXwwDSu3VO8auqHJ8Bds="],"yY8GdTd5K71xhIIYZIuGoaq3Unk=":["1ci!i6QiqFC6JW40LITW73M4CMc="],"UhWz!bE7qhVPxsLdm7!Iw9miBtE=":["8Ao5hWqaACiDr+zT0IeDfpDqatI=","uVbsQDXJXwwDSu3VO8auqHJ8Bds="],"BIrpOWXcfHSiB1Nrmq!T0X4HMM0=":["8Ao5hWqaACiDr+zT0IeDfpDqatI=","uVbsQDXJXwwDSu3VO8auqHJ8Bds="],"HHgbekfe1hMFir2iZhNs!MSMbDM=":["8Ao5hWqaACiDr+zT0IeDfpDqatI=","uVbsQDXJXwwDSu3VO8auqHJ8Bds="],"BjM1Bid3Sn!GaKFv6i1Hq7rjqMg=":["8Ao5hWqaACiDr+zT0IeDfpDqatI=","uVbsQDXJXwwDSu3VO8auqHJ8Bds="],"7AVa0F8L18aCt5QpQA4L29itzPI=":["8Ao5hWqaACiDr+zT0IeDfpDqatI=","NyY+3k94WFa9ZL37aBzMn5kRT0A="],"3JRzjMKJFju0uSbjX4Zvp8zhzrw=":["8Ao5hWqaACiDr+zT0IeDfpDqatI="],"1wa4hmYX+NukmdkSdflKI0vABZw=":["8Ao5hWqaACiDr+zT0IeDfpDqatI=","uVbsQDXJXwwDSu3VO8auqHJ8Bds="],"wT11pTclO3eqxcO3SybEFbAQbyo=":["a5q7HP1yo80Ti7DrQvtXft3aXAk="],"qt8zr3+La72beEvbA5GwL5VV27Q=":["a5q7HP1yo80Ti7DrQvtXft3aXAk="],"lnsmi7asSrUWAS6pYE7qcFe91uc=":["8Ao5hWqaACiDr+zT0IeDfpDqatI="],"suLcXfq7gbkpyficxTt5vSjVr+Q=":["5xU1kKysQlkKGD7jlIH6vLOsAI8="],"3k087PJFcY4QtF5GXGJDV6T5Z9w=":["8Ao5hWqaACiDr+zT0IeDfpDqatI=","uVbsQDXJXwwDSu3VO8auqHJ8Bds="],"K8eG6xQndOzjmGySavjXHTJFX6c=":["8Ao5hWqaACiDr+zT0IeDfpDqatI=","MTYqvyMhZBYMrypMNROS9TWBFpY="],"dW62ds2pJO4OTgd!ofXKmbkpQxk=":["8Ao5hWqaACiDr+zT0IeDfpDqatI=","uVbsQDXJXwwDSu3VO8auqHJ8Bds="],"Z0Sub2RwcIFR0wVloK5E7AcWzdk=":["8Ao5hWqaACiDr+zT0IeDfpDqatI=","NyY+3k94WFa9ZL37aBzMn5kRT0A="],"9YIXN7eaxfxGGPBG1bNeVr54vQY=":["IY2DWvzP73gF6JeZq!IyhV1c!nY="],"6+jtXU1yGHwXsZB8xKRxgEg!7Y0=":["8Ao5hWqaACiDr+zT0IeDfpDqatI=","uVbsQDXJXwwDSu3VO8auqHJ8Bds="],"4SN0p4T3TS4kCZdkTgsS8hJp92g=":["8Ao5hWqaACiDr+zT0IeDfpDqatI=","uVbsQDXJXwwDSu3VO8auqHJ8Bds="],"1ybXGVnv6eFHmt2pyK34UgcZw!I=":["8Ao5hWqaACiDr+zT0IeDfpDqatI=","uVbsQDXJXwwDSu3VO8auqHJ8Bds="],"BkYjkvY9TZqlpxpQH1sld57h9ks=":["8Ao5hWqaACiDr+zT0IeDfpDqatI=","uVbsQDXJXwwDSu3VO8auqHJ8Bds=","8Ao5hWqaACiDr+zT0IeDfpDqatI=","uVbsQDXJXwwDSu3VO8auqHJ8Bds="],"IqX6BTQrDQyK5fAPBjMqCLwsZGc=":["8Ao5hWqaACiDr+zT0IeDfpDqatI=","uVbsQDXJXwwDSu3VO8auqHJ8Bds="],"rZ6BfLKuHQzaacMuiJhGhjtlCV0=":["8Ao5hWqaACiDr+zT0IeDfpDqatI=","uVbsQDXJXwwDSu3VO8auqHJ8Bds="],"6f6muiVBzgnM!ECoz3G3OEbTY0U=":["8Ao5hWqaACiDr+zT0IeDfpDqatI=","JKjPVc2kRUINV6AImCSCxy+VD0U="],"!PUmJDlTzw8EsKbE7YKJ9rELYR0=":["MTYqvyMhZBYMrypMNROS9TWBFpY="],"Sw+TzCsiAwrN9UXbxghLeGGDSrs=":["8Ao5hWqaACiDr+zT0IeDfpDqatI=","8PW7nDfmp01XnanE+3Se2HurYwA="],"IL5DCjHo5T2Ik+TqjFY7xhdUMoA=":["8Ao5hWqaACiDr+zT0IeDfpDqatI=","uVbsQDXJXwwDSu3VO8auqHJ8Bds="],"wuNl8GXi4yYBVtDzN6kjMCvvITs=":["8Ao5hWqaACiDr+zT0IeDfpDqatI=","uVbsQDXJXwwDSu3VO8auqHJ8Bds="],"j0jVDwp3pssnku!9+8H2IUrgpwE=":["8Ao5hWqaACiDr+zT0IeDfpDqatI=","uVbsQDXJXwwDSu3VO8auqHJ8Bds="],"3o1v4xZQuMPuNPAKVEUT2ilTzdA=":["8Ao5hWqaACiDr+zT0IeDfpDqatI=","uVbsQDXJXwwDSu3VO8auqHJ8Bds="],"Z3+ZTIg5GH6rk7tx9PKK5MryoMs=":["8Ao5hWqaACiDr+zT0IeDfpDqatI=","uVbsQDXJXwwDSu3VO8auqHJ8Bds="],"3LXerU5VwaErAp7mD3qRaiWhHPw=":["8Ao5hWqaACiDr+zT0IeDfpDqatI=","uVbsQDXJXwwDSu3VO8auqHJ8Bds="],"ScH+jFwhLDAS2hLIccJzMCjgbdo=":["8Ao5hWqaACiDr+zT0IeDfpDqatI=","uVbsQDXJXwwDSu3VO8auqHJ8Bds="],"kBkTho2JhftE!VUjoX2JqRmhCrY=":["8Ao5hWqaACiDr+zT0IeDfpDqatI=","NFUL4MqbOzYovi2ntKAWefqnn4w="],"RCxe8UunYbOaTYNmFlQ4CRxnQ!o=":["8Ao5hWqaACiDr+zT0IeDfpDqatI=","uVbsQDXJXwwDSu3VO8auqHJ8Bds="],"SYaCqCn2G1Ckh2jvBWQeDVbCM70=":["8Ao5hWqaACiDr+zT0IeDfpDqatI=","8PW7nDfmp01XnanE+3Se2HurYwA="],"XaP07D5+2cXP+IwUbekAz6pPm7A=":["8PW7nDfmp01XnanE+3Se2HurYwA="],"a3Fngr2Y9qC1i4BAbWXCriOXKSA=":["yGeV5XShsf56sgbQ+osQR9!Ym0Y=","kgxKM7SCExxv7X9B0bwhfLJw3ak="],"SrO+Oxp2iFKkRCCL9xMS045KI2c=":["8Ao5hWqaACiDr+zT0IeDfpDqatI=","uVbsQDXJXwwDSu3VO8auqHJ8Bds="],"+AUzZri4wsmvb2J20tKyrlVe+NQ=":["8Ao5hWqaACiDr+zT0IeDfpDqatI=","uVbsQDXJXwwDSu3VO8auqHJ8Bds="],"SnIAHjOya8RfTGOP1D7bpJQ48Js=":["8Ao5hWqaACiDr+zT0IeDfpDqatI="],"qCqiyZyc53PwwUeQmcWFRf5i3sU=":["8Ao5hWqaACiDr+zT0IeDfpDqatI=","uVbsQDXJXwwDSu3VO8auqHJ8Bds="],"!jLp16Sx3iFK!Zctzdd6feGZILQ=":["8Ao5hWqaACiDr+zT0IeDfpDqatI=","uVbsQDXJXwwDSu3VO8auqHJ8Bds="],"ySbJj9Qwpbtbrc126sSSeJUqgR8=":["8Ao5hWqaACiDr+zT0IeDfpDqatI=","uVbsQDXJXwwDSu3VO8auqHJ8Bds="],"XWqKWarD3shB7roze514HL6oGuw=":["8Ao5hWqaACiDr+zT0IeDfpDqatI=","uVbsQDXJXwwDSu3VO8auqHJ8Bds="],"lNRraSrOkAS841OCHGkElUs!2sA=":["uVbsQDXJXwwDSu3VO8auqHJ8Bds="],"x4dPvpg!yyFlnW0br32vuAofyCU=":["8Ao5hWqaACiDr+zT0IeDfpDqatI=","uVbsQDXJXwwDSu3VO8auqHJ8Bds="],"pXYB6+Fm!3cBuuH8tUaD80YIW6M=":["++zYUCU+tnYLOYgP7tVyBSXOSfo="],"EfYa2RoaY6akGH!w4KS2HF9j9yk=":["SPEmKNCu96GlnsB4tRDfy4IMfK4="],"FvTJLMju2AkcnXdWJVKCQUXPGoo=":["8Ao5hWqaACiDr+zT0IeDfpDqatI="],"kgnRe8edgop3vRI3vphQ8TK1f+8=":["8Ao5hWqaACiDr+zT0IeDfpDqatI=","uVbsQDXJXwwDSu3VO8auqHJ8Bds="],"JFsf3t18E+RiLMghxHhAKo+UmN4=":["8Ao5hWqaACiDr+zT0IeDfpDqatI=","uVbsQDXJXwwDSu3VO8auqHJ8Bds="],"U767ToLI50ByvcSdoXT8fCwrHno=":["8Ao5hWqaACiDr+zT0IeDfpDqatI=","uVbsQDXJXwwDSu3VO8auqHJ8Bds="],"s787KIc2oHNCR+3r+em42L5Yaow=":["8Ao5hWqaACiDr+zT0IeDfpDqatI=","uVbsQDXJXwwDSu3VO8auqHJ8Bds="],"LNMKYtAnS+6rFG77FlUxnBOBJiU=":["8Ao5hWqaACiDr+zT0IeDfpDqatI="],"bICb4+fqm1yxquJwDXkuPiuXzAw=":["8Ao5hWqaACiDr+zT0IeDfpDqatI=","uVbsQDXJXwwDSu3VO8auqHJ8Bds="],"mDWd2MAmCYh57S+PbwpmkAvOczk=":["8Ao5hWqaACiDr+zT0IeDfpDqatI=","uVbsQDXJXwwDSu3VO8auqHJ8Bds="],"D3nR+KIfX9hlCnX7qyAYL7fFSfw=":["8Ao5hWqaACiDr+zT0IeDfpDqatI=","NyY+3k94WFa9ZL37aBzMn5kRT0A="],"OQLTFn5Bg563E6VuUiQtEQH84Oc=":["8Ao5hWqaACiDr+zT0IeDfpDqatI=","uVbsQDXJXwwDSu3VO8auqHJ8Bds="],"EdUucdvrlX51DgbgbSXo0jVy6H8=":["q4OK7Xj8q9q7dfjaMoBDIG1tsuQ=","7pA!Jp6aX+8pKVuHA6ITt!UrWa0=","a5q7HP1yo80Ti7DrQvtXft3aXAk="],"iTfWqEzT0k5USO5AZU9wGFJ3mws=":["0PWDOlEh4DOtL2YgnzfFAKTW9eg="],"8I8d82WYvJr01nI4VMMp9KgBMxQ=":["uVbsQDXJXwwDSu3VO8auqHJ8Bds="],"aaemlQXz594G2MstYZkJ1qdGrqA=":["uVbsQDXJXwwDSu3VO8auqHJ8Bds="],"rCAj5zX0zy!Ul47fYcppfkPP0bE=":["a5q7HP1yo80Ti7DrQvtXft3aXAk="],"ckNNVrF2HLvCXaFAuXEmf1RH0bs=":["dT1ZmkvFNZhZGiigkgJUEA4r!SM="],"D5g+GO2P3T91Q1k2pLHRQq97ITY=":["uVbsQDXJXwwDSu3VO8auqHJ8Bds="],"wPJyLCYNgQDePZ+KmwzL5OEeODU=":["uVbsQDXJXwwDSu3VO8auqHJ8Bds="],"FtaqIJoyMfSSzqtN005x!uha+Qw=":["uVbsQDXJXwwDSu3VO8auqHJ8Bds="],"VTqWXfOI6aH2MIXSp+rk+BVe7w4=":["3W!hIqexdbwN2ZMZ1uJ6xGOZr3c="],"hp30GfK6OTYEId7mxR4Ydsp9zOg=":["7pA!Jp6aX+8pKVuHA6ITt!UrWa0="],"hmpfAeCiGif1Zt0CUBVr5YLPnxk=":["MqeVrDxFPAt0xJOc2YnYlriO9SA="],"a4tJq3KuNyxpsFqrvlC08DHgxTo=":["UV1oWmbtfD5RB6N6krFxr0wOkcg="],"S5XqmPMekG6Wbr4NkAovkLoadTg=":["UV1oWmbtfD5RB6N6krFxr0wOkcg="],"vm4QkMIhZeg4XKtHlxFaTUUB3Q4=":["UV1oWmbtfD5RB6N6krFxr0wOkcg=","Xc1bkFTsbeC0XOOwPyaXXHvTnWs="],"CH2w8fc6GWTXynFZeTyEKO8PouQ=":["NjDi0KOUnSBZDzREmrRTLU!64ww="],"pRh5f8n!CWRA9ohAm2X06jlL05Q=":["gm0Dk3q8ARZYMxbsTXIImXQ3sVQ="],"KM1sMh!FF6CVXXGRuqwB3I600UU=":["gm0Dk3q8ARZYMxbsTXIImXQ3sVQ="],"OW8ea+GEMBSpnIdqcjUYl6iwI!Q=":["7pA!Jp6aX+8pKVuHA6ITt!UrWa0="],"sqj!4jmlRiyu6RgipxFfhWJlk30=":["0PWDOlEh4DOtL2YgnzfFAKTW9eg="],"!pvZIbiSwfmME!ikEvj4KC694t4=":["uVbsQDXJXwwDSu3VO8auqHJ8Bds="],"kAMjAaxVmbU!I2Nftama!CfZzP0=":["a5q7HP1yo80Ti7DrQvtXft3aXAk="],"dN4xMdo1pn6phBuPbQhk3n3ic1c=":["uVbsQDXJXwwDSu3VO8auqHJ8Bds="],"+iZGhHpDqbUJJboZgw+wid8DHMk=":["Xc1bkFTsbeC0XOOwPyaXXHvTnWs="],"oxtfup3MQ7Gq!jGP8Uh4dNObQUo=":["MqeVrDxFPAt0xJOc2YnYlriO9SA="],"zQAjIy8YTPNKuUSML8DtJzL!e88=":["Xc1bkFTsbeC0XOOwPyaXXHvTnWs="],"XqW1yC!yDu4sOhbdmsMOzh9fu7I=":["MqeVrDxFPAt0xJOc2YnYlriO9SA="],"f6BNJDT5ggU+uCdULI1NY+8mxso=":["MqeVrDxFPAt0xJOc2YnYlriO9SA="],"CySdy75iJEPcv8D8kfQjHTUxIIs=":["IY2DWvzP73gF6JeZq!IyhV1c!nY="],"RncyNoE4XRxiY6!2JlHIW2wr1cQ=":["SNW!Dhmjv6F0QOxi1R1aoYtdYtU="],"X67iyuKvhy+7nq+4g1qL6rafu04=":["MqeVrDxFPAt0xJOc2YnYlriO9SA="],"s5XNTDRkffECUCfwn3vBiC7uLEc=":["7yZAx2uRA1LIQ+Dzz1XTuNrncxw="],"q+vce+iiT!raQFlmJa!+Gn1UhHY=":["+RAqmynFeQqOCKjfKApN1fjc8Q8="],"5PjXyIUpx7!VbqGDeOYmKQASOes=":["a5q7HP1yo80Ti7DrQvtXft3aXAk="],"nboLNAZg7N6F5ynpyFo0zM1!KD8=":["+RAqmynFeQqOCKjfKApN1fjc8Q8=","IDVgew8nmTo4sny9uBXNUqhgEhM="],"3zKLOBGHKiI0W1wvZIPAMKTWTik=":["+RAqmynFeQqOCKjfKApN1fjc8Q8=","IDVgew8nmTo4sny9uBXNUqhgEhM="],"6QMMR+yatimdnidZ0o3WBVP44YQ=":["a5q7HP1yo80Ti7DrQvtXft3aXAk="],"oW8quENk+9q3wNq85uPx4aLXoP4=":["a5q7HP1yo80Ti7DrQvtXft3aXAk="],"!GUDG3TzoKEiCcVbtyYpyJqncec=":["IDVgew8nmTo4sny9uBXNUqhgEhM=","a5q7HP1yo80Ti7DrQvtXft3aXAk="],"H8MUIj6KSAymvO2ntMYSNtOhxpU=":["7pA!Jp6aX+8pKVuHA6ITt!UrWa0="],"Ex!Rg66ieDfIt3pxOxumRGPKCHc=":["0PWDOlEh4DOtL2YgnzfFAKTW9eg=","NjDi0KOUnSBZDzREmrRTLU!64ww="],"zDX8As771n75Rk30wStc5mhg5hs=":["a5q7HP1yo80Ti7DrQvtXft3aXAk="],"RAum86ssDRseMX5OThjnXwBnTbs=":["flwgFdcz7ykke+iUNiUh6!DhO0M="],"jM6KevUw9+znWQIRRO0FI1YLWik=":["pzNvUDPZ56p4NxqcKybseCi9mI0="],"YyWxxVsrEpYV7Pr7IontseiUpC8=":["MqeVrDxFPAt0xJOc2YnYlriO9SA="],"ONNd0ut3JdJiX8pPBo5ZurlZg+U=":["gm0Dk3q8ARZYMxbsTXIImXQ3sVQ="],"GTRJj9DhX8JkzqGwsAVoOz6qFM0=":["SPEmKNCu96GlnsB4tRDfy4IMfK4="],"6KCn1w!F8glnOqXeXE+CWjd9fpo=":["0PWDOlEh4DOtL2YgnzfFAKTW9eg="],"lScVEw0iAJivooYvDwR5coF4hng=":["Rsq8AfhXn+C2WHrykrcuBLtKpHk="],"l+N+bdiQXmwGnQvEFxakF8pmRyE=":["a5q7HP1yo80Ti7DrQvtXft3aXAk="],"47rfRi!gFR7Ci2v1SSJtLrBcfOc=":["+A9DKHY9aKy30nAorCnC!!lHjN4="],"XDATSWvN+DATki!5wXKQlvG!vO0=":["a5q7HP1yo80Ti7DrQvtXft3aXAk="],"t09s7F2Ltq8DA89pIwJhT0hyVi8=":["a5q7HP1yo80Ti7DrQvtXft3aXAk="],"fj+rFamvbJGrNT3JyqVRce4n2tY=":["5FdfWpSPloYzM!bp+swyE0Qm+O8="],"!h7YF0opNvI3zzqjjWqOp11z3nU=":["SPEmKNCu96GlnsB4tRDfy4IMfK4="],"uesdKLUsqtZq8B7sVprnINhfOH0=":["7pA!Jp6aX+8pKVuHA6ITt!UrWa0="],"JkTu54u5ZA3JS!pdBGj84U!JfDw=":["a5q7HP1yo80Ti7DrQvtXft3aXAk="],"8Hqtzp6+gLDAqxOqcJlnVPDiRP4=":["q4OK7Xj8q9q7dfjaMoBDIG1tsuQ="],"luxz3or0yHO!FdJfzKdXL+hm!BE=":["iH8tyAJspSOFVsJO6HOhkuIVgDw="],"KRbvAS6trolQgQDR5yoV8aMm!68=":["+RAqmynFeQqOCKjfKApN1fjc8Q8="],"peMoUwDHF7sBCx+2C7t3wXDP4B8=":["7pA!Jp6aX+8pKVuHA6ITt!UrWa0="],"j8kNtUTFK+Aavffp7c4mViTBFuk=":["7yZAx2uRA1LIQ+Dzz1XTuNrncxw="],"Oqec7U2GGlM5++W1dWHaP2nisxY=":["gm0Dk3q8ARZYMxbsTXIImXQ3sVQ="],"ZrZwiaohIFP1+hWJYUYh8jNeXig=":["cSGeYDr!bieKF0qx33Zp+zcGZSY="],"iY4G8UMD0reOaNW+qQjxGmPFzPY=":["gm0Dk3q8ARZYMxbsTXIImXQ3sVQ="],"lLGUk3DwE5QOOWR7832FgYYkVRE=":["cSGeYDr!bieKF0qx33Zp+zcGZSY="],"VS1hgPjtTdzUQFu4zuJl7ebikfc=":["7pA!Jp6aX+8pKVuHA6ITt!UrWa0="],"0CNJCr!st0k06!3tI8J8imqAhoA=":["NjDi0KOUnSBZDzREmrRTLU!64ww="],"pzO!6U89kdQzI0I4En6B3AtWeCc=":["oMethhaIK3o!taFdntxGj3HBlqA="],"MSFpmee6yIwd!JCj6rsAXsJOnJw=":["MqeVrDxFPAt0xJOc2YnYlriO9SA="],"83D1+tTMxa0GscbDsPVO51xpxs0=":["NFUL4MqbOzYovi2ntKAWefqnn4w="],"uXDbyDaKA7BFfvQoQ3fStcpoAhs=":["Rsq8AfhXn+C2WHrykrcuBLtKpHk="],"orEeTy0qbe+OF!uHRSs1Ikm9klc=":["7pA!Jp6aX+8pKVuHA6ITt!UrWa0="],"hPzmMuJQfkyzSHLSKJzZ4eL47Ds=":["cSGeYDr!bieKF0qx33Zp+zcGZSY="],"xT8HP0SEJmgmQdQBm79mWQj+zHw=":["a5q7HP1yo80Ti7DrQvtXft3aXAk="],"JxT+iMMTUMWr6K5o9GZ6cQodoiI=":["0PWDOlEh4DOtL2YgnzfFAKTW9eg="],"Qz6i9a!p!nvMylcqHSz0di+8f28=":["MqeVrDxFPAt0xJOc2YnYlriO9SA="],"EzLj4b7u8RzkNgrFf5U500hSYL0=":["uVbsQDXJXwwDSu3VO8auqHJ8Bds="],"fanBH0liuikamo+BX+sEPTa9Rrc=":["gm0Dk3q8ARZYMxbsTXIImXQ3sVQ="],"2pFDoXyeI1pdzEI7lKhCLEvSiUc=":["gm0Dk3q8ARZYMxbsTXIImXQ3sVQ="],"qk6hVXGwaXpaBMCTZnQAfr2dN+Q=":["tL35h1qMzg1iriC+4mj4s7ervmI="],"+CEKpu5bK9qWDiN2cxONgpjtjuY=":["gm0Dk3q8ARZYMxbsTXIImXQ3sVQ="],"xxc!7SW6vSJen!yQh+Wo5tEc0Ms=":["cSGeYDr!bieKF0qx33Zp+zcGZSY="],"dqNOmrMLPkvMElcr!gYzeOuYuuo=":["a5q7HP1yo80Ti7DrQvtXft3aXAk="],"0jv6bu1!sdHPO4rrct3fozgtIYM=":["NFUL4MqbOzYovi2ntKAWefqnn4w="],"63XOdOUfxTIVcurolJGWUpbHIO4=":["cSGeYDr!bieKF0qx33Zp+zcGZSY="],"i6jL6bhQC2YLPWZHXMDkeBrFmwQ=":["SPEmKNCu96GlnsB4tRDfy4IMfK4="],"D7s+HjM8DtDVqmZ!2zBmrutioWI=":["fcLozqIUhccXZmRWhwgStpjRV2c="],"q4rnfrrd3AxofuesRiVOiF2CgPM=":["fcLozqIUhccXZmRWhwgStpjRV2c="],"Rat7z1eewi5tU40jLQ99wDI5UnA=":["LBZfNF!4CtsvZMS45BQOwhIDsss="],"6mTLTpX9sBRsE2aivNlf9udJWV8=":["+RAqmynFeQqOCKjfKApN1fjc8Q8="],"bFmIEx9KD2aIB!xWefZdtiR+65Q=":["oMethhaIK3o!taFdntxGj3HBlqA="],"mEljR0uZ3IX1aHANjdBHJ2V5Dm4=":["oMethhaIK3o!taFdntxGj3HBlqA="],"VnRTx1g0UqiIFZuSko6Mj303xHk=":["NjDi0KOUnSBZDzREmrRTLU!64ww="],"t0o14VIRqpTfFUcfLbzapmdOfKE=":["MqeVrDxFPAt0xJOc2YnYlriO9SA="],"+qmTEhreTjamh4+vEdtQb+x33BI=":["GCDj6ZoJa1BF6osPfdTMnelKrRg="],"LqdLMPEaDLIzxwYlFFm368BMWfo=":["7pA!Jp6aX+8pKVuHA6ITt!UrWa0="],"RG1n83lPBZL8ihEQIRlG9m71IoI=":["q4OK7Xj8q9q7dfjaMoBDIG1tsuQ="],"yxSoFh+ZDFmFfKvDX31jGqGHOG0=":["flwgFdcz7ykke+iUNiUh6!DhO0M="],"gBnnU2vaHq+waqVzUi28+nOq23M=":["Rsq8AfhXn+C2WHrykrcuBLtKpHk="],"MsLtcUc+ZdSbK4jCiURzAhjLJcQ=":["+RAqmynFeQqOCKjfKApN1fjc8Q8="],"R2CYfcpZ37d0mbt1uD+rT!FzVW0=":["uVbsQDXJXwwDSu3VO8auqHJ8Bds="],"!Noysw+9!5cTs9!QNeSO4TgwpC0=":["SPEmKNCu96GlnsB4tRDfy4IMfK4="],"crud89BEx3VAspc728vGskyS46E=":["yGeV5XShsf56sgbQ+osQR9!Ym0Y=","kgxKM7SCExxv7X9B0bwhfLJw3ak="],"QTuOQODinPkwVcsx9Ljr55+cEco=":["0PWDOlEh4DOtL2YgnzfFAKTW9eg="],"sjqDahLCTx4H1fxNmQyEXicP50I=":["SPEmKNCu96GlnsB4tRDfy4IMfK4="],"tJ8+03JBt3PoaTsBMNHCWxIFyFI=":["SPEmKNCu96GlnsB4tRDfy4IMfK4="],"KoHronhvCfgC4k2!nPey60zulzA=":["zlmei6IkXsSs+En9V1z0pInPoDk="],"jYyahrbh1E6I5w64sWROwLJlj9U=":["SPEmKNCu96GlnsB4tRDfy4IMfK4="],"xDGd6t+4PL1tjy0Qg6!RwFhCDRI=":["7pA!Jp6aX+8pKVuHA6ITt!UrWa0="],"KZz5SCvEgK3aMTIgeUiU!DS9EMM=":["cSGeYDr!bieKF0qx33Zp+zcGZSY="],"b9o6QLfh4XqClFveKp3ru36DOh0=":["cSGeYDr!bieKF0qx33Zp+zcGZSY="],"YQ3lLbCu4zfBJ+jqgs5MHC4WHx4=":["0PWDOlEh4DOtL2YgnzfFAKTW9eg="],"9u7YyHOF4zBq9UqXISLD3lGVzjY=":["Xc1bkFTsbeC0XOOwPyaXXHvTnWs="],"ubV3g!P4guokJOs+Ws1D!VFzwLs=":["SPEmKNCu96GlnsB4tRDfy4IMfK4="],"dyreJ2w8SJur72F7ZYHSCdDzAyw=":["SPEmKNCu96GlnsB4tRDfy4IMfK4="],"YNcqslp0HqWexgb75n37KpiJJEc=":["7pA!Jp6aX+8pKVuHA6ITt!UrWa0="],"NFswOgta5Ogh0stVlyejxaJ+Mhk=":["7pA!Jp6aX+8pKVuHA6ITt!UrWa0="],"C5E+BZQy2vIpeUbxVlWBoAs6pL4=":["7yZAx2uRA1LIQ+Dzz1XTuNrncxw="],"lhF2BXUWvo0hcPpINZLndM6N1M8=":["Rsq8AfhXn+C2WHrykrcuBLtKpHk="],"HAvAh2ZJIBCHvPyPBx19xvp9RBk=":["+A9DKHY9aKy30nAorCnC!!lHjN4="],"F+ITLYmuKVprcHNX3Do9!6TjSME=":["gm0Dk3q8ARZYMxbsTXIImXQ3sVQ="],"tVqhTl3n6ZjPI+dzagDgFLLxWw4=":["8vNHkUP0aunj17RTXFhnHZdoeXY="],"F4zw2svNehvqO5hAGBZDgczZVB0=":["a5q7HP1yo80Ti7DrQvtXft3aXAk="],"f13OYjwCPM6hKPoU9NSOAXb7ngc=":["7pA!Jp6aX+8pKVuHA6ITt!UrWa0="],"ZCnkk2HVhyFQaiN6yFC8OnY+ItY=":["a5q7HP1yo80Ti7DrQvtXft3aXAk="],"jsEh4nuQ8aPer0KM8WdA13028zI=":["a5q7HP1yo80Ti7DrQvtXft3aXAk="],"bqIeuk9Ydi0ixBOTn1pzFHHwPoU=":["7pA!Jp6aX+8pKVuHA6ITt!UrWa0="],"5hZKHw2ImWpLUMf!q6URcqx1sFE=":["7yZAx2uRA1LIQ+Dzz1XTuNrncxw="],"dxbs07PwOlpZl3rowU839Z+lYjU=":["+RAqmynFeQqOCKjfKApN1fjc8Q8="],"qyJmdKHPX0m1ZayXeTgAJzx+gck=":["7pA!Jp6aX+8pKVuHA6ITt!UrWa0="],"c!aDftE+sqlo4L3aTSTA8ZdSUJU=":["7pA!Jp6aX+8pKVuHA6ITt!UrWa0="],"kwgKfKhWrcV8jd9nZoHUWFGBTHo=":["SPEmKNCu96GlnsB4tRDfy4IMfK4="],"D25BCyKXnRUvwdT4PCDKd4qjIkY=":["gIQZyZ752RYBttoAdhxgd6WaNvQ="],"YhjpNjtdyqLjsFSmLPpH15C8snw=":["SPEmKNCu96GlnsB4tRDfy4IMfK4="],"XDMkSBKDXBozAmgu0xVBAqfEeqA=":["uVbsQDXJXwwDSu3VO8auqHJ8Bds="],"wSDJGss2rzNHNCy9LRtxl3JHKOQ=":["Xc1bkFTsbeC0XOOwPyaXXHvTnWs="],"CZLz!yNgs8xhd!NhtCYwqZ4gW9Y=":["a5q7HP1yo80Ti7DrQvtXft3aXAk="],"k7VjIDDapT3Sr7YvKGIQ18cw17g=":["IDVgew8nmTo4sny9uBXNUqhgEhM=","+RAqmynFeQqOCKjfKApN1fjc8Q8="],"e6vcIKYD2hozOG!DcU+C0A1LEMc=":["SPEmKNCu96GlnsB4tRDfy4IMfK4="],"g8XX5A3xdwrLAvW3QOfT6QnCgH0=":["NjDi0KOUnSBZDzREmrRTLU!64ww="],"M43oZ7wtkyLo4+x!XNxb3RS9TKU=":["a5q7HP1yo80Ti7DrQvtXft3aXAk="],"3!8x9rLG10JO1vkC78Pwf!eelBI=":["+A9DKHY9aKy30nAorCnC!!lHjN4="],"IVx0blpO62MnbdJ+KudEfHrpBb0=":["Rsq8AfhXn+C2WHrykrcuBLtKpHk="],"t!iGT458Dh6CpfG3HnYtrhmc9Ek=":["Xc1bkFTsbeC0XOOwPyaXXHvTnWs="],"JyZCxBLBVw5qCRfY9MawX4mwdVk=":["Xc1bkFTsbeC0XOOwPyaXXHvTnWs="],"UFGEarzd3agWZHr4QUAqv2gVnPU=":["a5q7HP1yo80Ti7DrQvtXft3aXAk="],"MLYibfuYSLKVpZsWWpycl8rRFVQ=":["a5q7HP1yo80Ti7DrQvtXft3aXAk="],"50gKN8K82WzkC9RVTvqBuwAhLzM=":["gm0Dk3q8ARZYMxbsTXIImXQ3sVQ="],"cTa0zsHWyH0OVuH6z8rn!Lq8Qjw=":["7pA!Jp6aX+8pKVuHA6ITt!UrWa0="],"MdGu0Tc03gnRhNrjRowr2UCM4!s=":["0PWDOlEh4DOtL2YgnzfFAKTW9eg="],"SUgezMtLdC46QMoHMeaAHe69GPQ=":["NjDi0KOUnSBZDzREmrRTLU!64ww="],"sco+l7NlECx3pYdbKB1cW8mVCb4=":["7pA!Jp6aX+8pKVuHA6ITt!UrWa0="],"DO7roVlJuuhbACHg8ysdkCgtM4E=":["0PWDOlEh4DOtL2YgnzfFAKTW9eg="],"cfwkTCCWc!jbMgvWaN8OdkxeRrU=":["0PWDOlEh4DOtL2YgnzfFAKTW9eg="],"SI0FbgZaJwp1EpYA4R+VzPm2v5E=":["NjDi0KOUnSBZDzREmrRTLU!64ww="],"KnvY98rlCoJqasuEFVKlqWKJJo0=":["QABvsiNSRDYwezmxeIYr2Rp5j1s="],"Ummwu3WoIyqTOIUDPf2XnpqZeOc=":["QABvsiNSRDYwezmxeIYr2Rp5j1s="],"0nenTrR8OyZj64lx2cj8swpDcP0=":["7pA!Jp6aX+8pKVuHA6ITt!UrWa0="],"b1IYvkcLnJJCcfT6Jo5hP6O!PlY=":["7pA!Jp6aX+8pKVuHA6ITt!UrWa0="],"t1t4AVU9nC!V+DLi8+7bbXtn0Dk=":["uVbsQDXJXwwDSu3VO8auqHJ8Bds="],"msKW7jaFq6AFxzpT+xuD9DefF+s=":["pzNvUDPZ56p4NxqcKybseCi9mI0="],"wXtpXQmimx8kbDCd0ouY!1gBjXc=":["+RAqmynFeQqOCKjfKApN1fjc8Q8="],"rPyVRjaJwLbTHFZxb1uen5rhuoQ=":["uVbsQDXJXwwDSu3VO8auqHJ8Bds="],"314Tw8mbGSjiq+iyfV6GbFvk3hw=":["7pA!Jp6aX+8pKVuHA6ITt!UrWa0="],"hL!NFeE!rJ2XagrV3O8wPNEcm6k=":["a5q7HP1yo80Ti7DrQvtXft3aXAk="],"84kCJiE657C72Xm2jwxSaxKfFgk=":["gm0Dk3q8ARZYMxbsTXIImXQ3sVQ="],"EiOKTnH+9eCrzghQuqRaoFtsOYk=":["gm0Dk3q8ARZYMxbsTXIImXQ3sVQ="],"Esvl0qRpvAassXd5MRH35ISJc2I=":["cSGeYDr!bieKF0qx33Zp+zcGZSY="],"O5zya+glbis+8wRnQYpHuUJGLIs=":["NFUL4MqbOzYovi2ntKAWefqnn4w="],"8MPaomLJCS7XHRwdOsWWhH8xnn0=":["MqeVrDxFPAt0xJOc2YnYlriO9SA="],"g!KuLfS2Xra7L8ZiEkNvpw7znLM=":["flwgFdcz7ykke+iUNiUh6!DhO0M="],"rrKqYQlNssU3RlhViLO!zdRegfg=":["2VC!wHx9PYzAcr5Qo8XX2OXEycA="],"Kwe0kD2BvgZhKospoVsYFZiuca4=":["a5q7HP1yo80Ti7DrQvtXft3aXAk="],"fcNdYdIqs0DUuTAmQY8AX1i82ho=":["uVbsQDXJXwwDSu3VO8auqHJ8Bds="],"O7Nage!5PxVlRRdDVJL7G2CUmAk=":["Rsq8AfhXn+C2WHrykrcuBLtKpHk="],"xAGOLashOg0Gt4jD6IHri9r7Wck=":["IDVgew8nmTo4sny9uBXNUqhgEhM=","+RAqmynFeQqOCKjfKApN1fjc8Q8="],"voIam9+IC6rmlkBrXyTBudVGhRU=":["IDVgew8nmTo4sny9uBXNUqhgEhM=","+RAqmynFeQqOCKjfKApN1fjc8Q8="],"1mceK1kpyuy+iRwIuUd0oKCATRA=":["IDVgew8nmTo4sny9uBXNUqhgEhM=","+RAqmynFeQqOCKjfKApN1fjc8Q8="],"EPi5kT7TfdZh6nkiWVQ4fh7yjYQ=":["IDVgew8nmTo4sny9uBXNUqhgEhM=","+RAqmynFeQqOCKjfKApN1fjc8Q8="],"qWyforHymSFYyxXlLRntC8gp!Ek=":["v!s7!r2vzQRGbf4YThHRAtS8o1M="],"fW7W7cxosBS!EkOx243WkZGowlc=":["q4OK7Xj8q9q7dfjaMoBDIG1tsuQ="],"WXdOuPqjVHL8L8F4SjKeqcR1DrI=":["OuFjHvH3G9nqnb!B0Kcl!QSbEW8="],"QKavbYo+6Zqi9s5LvOmVUBWSUhs=":["IY2DWvzP73gF6JeZq!IyhV1c!nY="],"WnUsde68OPbbEbCZtKJ9FpU!kXU=":["NjDi0KOUnSBZDzREmrRTLU!64ww="],"MB7!qil25R+jVbXkoOyl+LHPuaI=":["a5q7HP1yo80Ti7DrQvtXft3aXAk="],"mWoNQDqGrbGABzwoULNVBnvzBxA=":["q4OK7Xj8q9q7dfjaMoBDIG1tsuQ="],"4xQ9mXsMtS9Ds9O9kTvFCkBoZ9w=":["0PWDOlEh4DOtL2YgnzfFAKTW9eg="],"VDwI5czaem2Q0sXz0QfvzejE3mo=":["Rsq8AfhXn+C2WHrykrcuBLtKpHk="],"fovy5TPK!ChyNJKXNQzGVZ09iUY=":["Xc1bkFTsbeC0XOOwPyaXXHvTnWs="],"fanPknQFkwACsYHAC5k25RcGSPE=":["cSGeYDr!bieKF0qx33Zp+zcGZSY="],"QhI70xokMynK9ElJuTSInFhEwqM=":["uVbsQDXJXwwDSu3VO8auqHJ8Bds="],"1rfDLmiLC!XjtO4BKxg32Onpi78=":["7yZAx2uRA1LIQ+Dzz1XTuNrncxw="],"A65NrxA1guphWhB6l5cUc9wqee4=":["NjDi0KOUnSBZDzREmrRTLU!64ww="],"!7tEvClrTinMttq5e6Q992blxy0=":["GCDj6ZoJa1BF6osPfdTMnelKrRg="],"753OJCdaFdBFY8s1ath39tQMuh8=":["q4OK7Xj8q9q7dfjaMoBDIG1tsuQ="],"HUXY38U6tOrGFzNwkmL3pmEbTs8=":["0PWDOlEh4DOtL2YgnzfFAKTW9eg="],"HkEMsyxFHe+6h0gbWjLXidX!Q54=":["Rsq8AfhXn+C2WHrykrcuBLtKpHk="],"8dfIyHyLxV40xYQ9RpyuudhPC7A=":["Rsq8AfhXn+C2WHrykrcuBLtKpHk="],"bHQjkWTzl6iOLfvK4abKSyoPZb4=":["OuFjHvH3G9nqnb!B0Kcl!QSbEW8="],"68BQd5RQNlplAC!pxO0ZSZrLkjY=":["flwgFdcz7ykke+iUNiUh6!DhO0M="],"jlw5Kum!PJJnohqxwEoPnHGtT8E=":["MqeVrDxFPAt0xJOc2YnYlriO9SA="],"Nr2wat1d5mAh7cr4AmcUSFx1CaA=":["MqeVrDxFPAt0xJOc2YnYlriO9SA="],"qgZHx8rZqgqGCM9pglfTuJYEUm0=":["MqeVrDxFPAt0xJOc2YnYlriO9SA="],"nggD+a+7UxbkAPdrwN1GnPz5PHo=":["5FdfWpSPloYzM!bp+swyE0Qm+O8="],"W+MXCGXhqeVQypBuEP2IDlkZgtk=":["tL35h1qMzg1iriC+4mj4s7ervmI="],"fKS2990Vo6!xja0Y5ICx4bQ!Tvc=":["LYXZRv!UoN2vCFTbeyy51NjozA8="],"Bsy3HNv3Y9EwCYy761cUv+6kXSI=":["5FdfWpSPloYzM!bp+swyE0Qm+O8="],"EyeyCJKzKaIZD6fdsqIlfqaQE8o=":["LYXZRv!UoN2vCFTbeyy51NjozA8="],"3sQRHYIIWl3scFCHcgVXFX4aK90=":["7pA!Jp6aX+8pKVuHA6ITt!UrWa0="],"RvYmG6jZLBrEJTi1Gx3SmnIvucw=":["+A9DKHY9aKy30nAorCnC!!lHjN4="],"d6BgDGEz7v8JXu3hVormu8y8S!k=":["MqeVrDxFPAt0xJOc2YnYlriO9SA="],"RNB9CS8uMYREZAQ+!zHlXExzaO4=":["MqeVrDxFPAt0xJOc2YnYlriO9SA="],"BnpROxYiEKH2VmZMHGB3edlI2EM=":["Rsq8AfhXn+C2WHrykrcuBLtKpHk="],"h8lXHh!SqKPIbuotlUgIAA8!OfI=":["7pA!Jp6aX+8pKVuHA6ITt!UrWa0="],"aucOyFwSyzS7N33QssTBbcN9jtI=":["+RAqmynFeQqOCKjfKApN1fjc8Q8="],"ldpyg9hmTq7rXu3CO9jUW3VBj5M=":["a5q7HP1yo80Ti7DrQvtXft3aXAk="],"KOZ4bpcF7b1yrAZFk+kvwqLewJ4=":["LBZfNF!4CtsvZMS45BQOwhIDsss="],"YTzC99hNB6cUcl+2sjJrpcLHngE=":["flwgFdcz7ykke+iUNiUh6!DhO0M="],"LSumlfwT+VvpE492Y6R2IbrzFkI=":["gm0Dk3q8ARZYMxbsTXIImXQ3sVQ="],"XUl6yv!Fh7qi8SaE79hVedS1LxQ=":["gm0Dk3q8ARZYMxbsTXIImXQ3sVQ="],"T9BFkYXMb6+KcktSxr43Xsadjvk=":["SPEmKNCu96GlnsB4tRDfy4IMfK4="],"Go0kcW7h1dEm6tpUm2MNqGhTU70=":["q4OK7Xj8q9q7dfjaMoBDIG1tsuQ="],"4oQd6tznWoMWD5uXwc2gcmUm1d8=":["Rsq8AfhXn+C2WHrykrcuBLtKpHk="],"Ewy6wgIZuMt!h0eJLrTyiKHGsR8=":["IDVgew8nmTo4sny9uBXNUqhgEhM=","+RAqmynFeQqOCKjfKApN1fjc8Q8="],"747L6F8c+aM4dnzYKG4OpBbRgns=":["IDVgew8nmTo4sny9uBXNUqhgEhM=","+RAqmynFeQqOCKjfKApN1fjc8Q8="],"bc0WjnnHn3JpiGELIby6d7VYmco=":["0PWDOlEh4DOtL2YgnzfFAKTW9eg="],"JIrbF07iZtE9hvFgOTnN9!pFcYc=":["SPEmKNCu96GlnsB4tRDfy4IMfK4="],"h3j8xSl2+Eqk5y4jp!4NvxU5bA0=":["Rsq8AfhXn+C2WHrykrcuBLtKpHk="],"e1+Eezs4pNDvOYrdLYXpMIEGfMw=":["SPEmKNCu96GlnsB4tRDfy4IMfK4="],"YzLWCewrrDoE1!OUXPyzHXgnqeY=":["SPEmKNCu96GlnsB4tRDfy4IMfK4="],"np5SGI6cihbiFrWZxGRRmtZYqBk=":["7yZAx2uRA1LIQ+Dzz1XTuNrncxw="],"ZsuXHO3xVnhKN+RJVEna4EFsiHc=":["NFUL4MqbOzYovi2ntKAWefqnn4w="],"YhAUjTesGlgdLFzG!2plNptHSc0=":["iH8tyAJspSOFVsJO6HOhkuIVgDw="],"OX6RTX9722KbLmtwR5Mi!lwFNhU=":["cSGeYDr!bieKF0qx33Zp+zcGZSY="],"X6Zh42eylmvkcCmntQzxmN+oZlI=":["cSGeYDr!bieKF0qx33Zp+zcGZSY="],"LwoOHBvT1ZKvYGQkz0oZ82IRFDY=":["OuFjHvH3G9nqnb!B0Kcl!QSbEW8="],"tqIqIo7sfrnk3o6JWFGx74K3oxE=":["+RAqmynFeQqOCKjfKApN1fjc8Q8="],"IC!brNkZz!J7!Oa4eFRXQHqecbI=":["oMethhaIK3o!taFdntxGj3HBlqA="],"fCam+mbp91wjKBFkobcHvsokfV8=":["NjDi0KOUnSBZDzREmrRTLU!64ww="],"L1N9bVVtyUCSmD5v2nF!xkG4lIE=":["MqeVrDxFPAt0xJOc2YnYlriO9SA="],"vDf4k1S9Ef24YhKxw+GuU3INqxw=":["oMethhaIK3o!taFdntxGj3HBlqA="],"!Cdm3d7ESsjbcPnsHwN!HIvoHoI=":["MTYqvyMhZBYMrypMNROS9TWBFpY="],"BLSQzuabCD290aSXgjFkj4rnIE4=":["uVbsQDXJXwwDSu3VO8auqHJ8Bds="],"7OlhPXAltaMHdgx9tnmx8r6L6q8=":["cSGeYDr!bieKF0qx33Zp+zcGZSY="],"ClKC0APPolGVmcYQOVTjLXhKwvU=":["Rsq8AfhXn+C2WHrykrcuBLtKpHk="],"eJ4xDa8hDOliO+YqKZUPZZ!YWLU=":["IY2DWvzP73gF6JeZq!IyhV1c!nY="],"UOKWCxn1bLhwlvq88mP2pIwyZQE=":["O2Y5YzGAO5cyHR9DBskVgQIBOuM="],"N5n2FIAvlij1FRPPq4F1NEBF0gs=":["Xc1bkFTsbeC0XOOwPyaXXHvTnWs="],"buswTJAb!uozPrhqbk5iAoLGwoQ=":["7pA!Jp6aX+8pKVuHA6ITt!UrWa0="],"zkV1ORiJkNTzsJFAFAImcet5q6Y=":["O2Y5YzGAO5cyHR9DBskVgQIBOuM="],"!UMsUWFpCB2!Jv2xtJmO1pou0gw=":["Xc1bkFTsbeC0XOOwPyaXXHvTnWs="],"8uKwn9zJoihrQd8OHY8euFZO03E=":["a5q7HP1yo80Ti7DrQvtXft3aXAk="],"KcbWxEV475nCV0MzvNw8nb3MDic=":["+A9DKHY9aKy30nAorCnC!!lHjN4="],"iMXPO0tvE7pmHiXtfid4GihM5bw=":["SPEmKNCu96GlnsB4tRDfy4IMfK4="],"WBy3Dbze8E93hIpVBbqccib1vqI=":["IDVgew8nmTo4sny9uBXNUqhgEhM=","+RAqmynFeQqOCKjfKApN1fjc8Q8="],"FzejQyrSgdZA2!sLuIW4f1QV5dU=":["IDVgew8nmTo4sny9uBXNUqhgEhM=","+RAqmynFeQqOCKjfKApN1fjc8Q8="],"Z3JY7uvpGt!lGhIjUDOBYFyik5g=":["7yZAx2uRA1LIQ+Dzz1XTuNrncxw="],"iuBq2Rr+Ogj1gctPyxCqWTt3KCc=":["q4OK7Xj8q9q7dfjaMoBDIG1tsuQ="],"jBpWNl0FRV3EZxOCi6OCAZOXsyU=":["7pA!Jp6aX+8pKVuHA6ITt!UrWa0="],"VuAzm6tXRlUYoVfi+AqwPByvc9U=":["a5q7HP1yo80Ti7DrQvtXft3aXAk="],"QjEwq8!pZQ4k7sa+9zB9ycaPiJo=":["a5q7HP1yo80Ti7DrQvtXft3aXAk="],"OsMYSaohAPedujIfdkuDEf8TnVo=":["+A9DKHY9aKy30nAorCnC!!lHjN4="],"Mph!qogpZYbmWYxGgeECT683BXI=":["+A9DKHY9aKy30nAorCnC!!lHjN4="],"Cmk3vR4i1imC5ucSMtVcimW0uug=":["1ci!i6QiqFC6JW40LITW73M4CMc="],"Otf9Iud33uHpJc4vjsKJRxm0UuM=":["+A9DKHY9aKy30nAorCnC!!lHjN4="],"khyv!BUa3mKgjhuScIObyEd1U8Y=":["8Ao5hWqaACiDr+zT0IeDfpDqatI=","uVbsQDXJXwwDSu3VO8auqHJ8Bds="],"l8VquCN9mssDv0DGVLOM0CkZ4Uo=":["Rsq8AfhXn+C2WHrykrcuBLtKpHk="],"GkCBHTqnQ6nDK9GYQ77q!SYWDbg=":["uVbsQDXJXwwDSu3VO8auqHJ8Bds="],"riyyeS+cSFj2D3oRfNEONRs23mE=":["uVbsQDXJXwwDSu3VO8auqHJ8Bds="],"QVcfBmMFwz2LEKR+LwatlMS11tg=":["NyY+3k94WFa9ZL37aBzMn5kRT0A="],"Irpz2P9ZUYnfNddJxok9umQtmW0=":["NyY+3k94WFa9ZL37aBzMn5kRT0A="],"Ruhl9NFILkTMMaOUawZsBc64dd8=":["eezy3WsfS56M1jYl0xwjbxQTyCk="]}