{"NZJKhnGTcGiXnFkaDi54AFeVcQA=":0,"1!rL2uD5w8re7b3zPfcDwIwzcPU=":0,"QGnywnv85i3!YNPRS1u4fybbMNk=":0,"TIV!XA4HGPbgk51Spv41yv8GINs=":0,"bV!!Ft+XcTQhWb0EkbnMf1iTadY=":0,"KMys3iwtc!Opdks6MOU5jMvx64c=":0,"iYki!oP97ngIJM8u1jMOLtNBXs4=":0,"otcUcmC6wOtTC29SZkj8fOIEneg=":0,"7fY6m28G1dXhchYs4ZgB5qk2Xkk=":0,"D8SDKAUp0GQXbWnQqqDWZbe2Gmo=":0,"16Sp0PdVCfQBpIKp40+qqIiizbA=":0,"nFh2BbdtY1mvdQalsnNFptaecmM=":0,"NSFmsYI4X6UFNZsCJWKGrObz!z8=":0,"TR2b2JZ7nYvZDeuWvmUs9810tNY=":0,"487hZ5VZDdf70MbcxcjZHqu9Ej0=":0,"IzsbYHcc52ypa3k7aJM9JPx0Jp4=":0,"c0!KUxQGgf1GFHZhjvvj!rPv1wo=":0,"ueEn1n9C29Hk3GD2vi6gR8i8+ik=":0,"P9qZq51YPL5UYiomxJQxoGZ1N!E=":0,"MGwJ7Yq4pBcst7Z9HJQwV6Q7I9E=":0,"FK05Dcl74NFOp37hyX9KECMA!h8=":0,"9K45P3T3sXDOJ6wk7F0iunZk0dk=":0,"4x0K9Gts333v1xgwd+6!Wabakdk=":0,"qDyCbE3shQLqcD4JcAbvzHm85p0=":0,"nNHhnNkBF14hvgKzSqA3oD0jeZY=":0,"4Omm7Js!!SPSdshuVuxpCzj2XRc=":0,"MCyQrbeHAnHcvxJeRPV64omq4BU=":0,"9m0vTjUcvnOX8ZhSRscOO2BSOAQ=":0,"UR0iGCzSyFWtYIhl+1IGyZeRMYg=":0,"W8Ky!LoWIswxqOFkWn8dRcTo0VI=":0,"iYGqHETIwre0r7Y6jyVZ1yb!EGs=":0,"zdtvW7SS7UuFl0Oatv8wfrwj8CI=":0,"XEA01uLy!4wBCxOm6YdegP1gZiw=":0,"wnCdTOmhnx22VGEWyIrE5WX6ohA=":0,"nzy6xB3!v4dh70UoBaSnV0RxfWY=":0,"HagGtP6qxoaj+6eNAkvqXD5rP+k=":0,"tQ2VbCs!gU2ypkUriXjd+XYg9TY=":0,"foa7q0MsYQBFrNxM4S9zOYgbM6U=":0,"QwFtfFsoqjDKL1Lkk72HH!7cjvE=":0,"7Nq96Dat7EjAM7TmxEAPwqHCqa8=":0,"TJb!zBu+zu424xqLPk4dJYYydjY=":0,"UcHychzAN5hxZIDKFCEVecS1SF4=":0,"4Q6UGQzAe!ym5KPL0MDQ3psNeuA=":0,"PNuh9O!m8FF8zKNQ7sWoTdESklk=":0,"iB5rlWdIuIz!GewC8YzshzPOWqg=":0,"ykCll3EQT91dBQiE+nJOaxWUsMk=":1,"v6qNHAl0qghDZOzixNSEWE2VkVM=":0,"Qm9MnJ4xw4drYLSFtQRl5jamZAs=":0,"01rBsOKoWt69gvEiqWkqysDn3eo=":0,"hD6PO92MhZtR8!q82Rw4KPltIOg=":0,"9pl!jfLvTsb2NNH9z0uAuQja5X0=":0,"GL2FpUW7VC1D22e4rSDj!uYq0DM=":0,"xUQTu6sVAvxT0T+6mdhWlvYzOq4=":0,"i11LQjoe1nqgP9eD4d4!OTbuk+0=":0,"7zih19nXkFKwzoaqheTyl1RHBgQ=":0,"1f!nkSSdlKUIgxphJ4CpU4EoIFU=":0,"vh8gDzY!71wGHH1D!iJ!ny4JQxY=":0,"!vFzpeU+WUSkSOgpnh+T84aaaOU=":0,"15CaRB3!hKwfVYrhwRr8!ueaaww=":0,"+aRU3gxpQPLJXl+isA8cLzvWQdQ=":0,"Z37Dcq1iGIpCoRTFqZO3TdsBq!k=":0,"xaKVmreHCMb3XXdsWK4k9OlShsU=":0,"Icgu!GMhOnr!p4F0tiQzharRaEM=":0,"SY130fGuIjO9vujx2fNxxGtqWHw=":0,"tdJyRB!IAhet!24RS2NJ5jnNPgY=":0,"uIT7wdlkoJ4cGavSZ2oWW6y9zWs=":0,"OITorbUSlMn!+oLyrANrUc+VlvM=":0,"8A1UH4X5hnyN0QIllI+QATAywCI=":0,"hVn8i8dkCPGiNvKZLMuDjxtbW7c=":0,"UaBoUncCQ!!lgC!IJyGdU9oEQFU=":0,"EyXLQ+2Sw7OwhPSL!nM37xELc1c=":0,"M2RROX3YHBMt!cuTqb6U0wNbcrs=":0,"KZjKxg7kTl58mWPFfmLoqG09i30=":0,"+umMX5aHoxoBAPFuUMiMVoK3Rd8=":0,"bdAPZyu1ME+AMg8AnY3uARGULjs=":0,"zto6BzHHexFKWSEu!bcZ8wP!qYQ=":0,"hoTjPtBWmiBO6IDt3OwqW67p9X0=":0,"RzW5oMVM4TNDC299UDRuFL7GDIM=":0,"cNPwr3I+JfuqdxlcvJ!F3Tmf9Rc=":0,"TnaKPNQ!F4R!9Ey92S7UvIyeTGM=":0,"nKh3ox!!ZNSJQ6M3fFYHOtIWRCo=":0,"TorPtE85Fau2Ofx8htpi5X1OiAo=":1,"eiOE8849V6kgml5zqe6P0GQcwaE=":0,"lrj0SKNY1ir3EhsF4x3OrpdVqTE=":0,"9xGDyuvAWtNR02ePmHcRKtYtNVM=":0,"lMPe+I5!nVpfTWFejiSvJ2uvpyE=":0,"s0CwlkMkq9m17VCFZczgz53gmX4=":0,"aYa9BPwDk4xQBrMWivef8ahnOy4=":0,"aQSxDKpflO3!6YJtKGHiqXo1eyA=":0,"IW5j3KucaHUgMYClt6z+iFaa7uA=":1,"!6FSl7xDlZdj3f2kKxacwz1cm9Q=":0,"Up3DDr7y!2LnOf+a81wJVx!Sxek=":0,"VjfWbNzq2uEBrB!UdE6KYWFGzv8=":0,"1Svps!Tl+GquVgMuNcfjrdpNjTo=":0,"3Zn401ctOhy0TWYzPIsPMpYKP58=":0,"PgbQ9rrhCLp4ojlLa5Oz+W76bH0=":0,"QMlxeIgPgOGE9DxuvRAvfpJxkTQ=":0,"mvbqSXEhhgsLYdkcgZANJFJTtdQ=":0,"QJ+mYYsJR0hs06iR8gQRvZPpCOE=":0,"C+xWZwkOZvLqOb1ZmI2li9JVjLU=":0,"DyRjwYmgHLNT67Sir5smGqNPoTc=":0,"9KxlRAolTPdFKBRnWWYUSs2N6yE=":0,"OMvDK9BS2Fc7IsFKpF1!F2sBWKQ=":0,"UcuOZmT0MIfJF3eBn8Dqc+cCpYw=":0,"wcgevcvoEPPC31jBsPDti035CaU=":0,"tN6UZYxlXt4B7Zc7BrWJvbYiLqI=":0,"I0tAwJZAZd1fUA!NL3CYbLCd5fQ=":0,"lK70Z2lovqMwmxgqfdn4cdTpo28=":0,"XZS6xU7kzHntjSkcge0zhCyl4H0=":0,"7BFQkKSmBGt5BoqHsYboPVAbTJg=":0,"vPNKU1MeIgv8MmOPDdufPPxZyZg=":1,"By3HKrPoVOew0+xfzSyVJ0YThvY=":1,"rbsfm5txhCr!SakaNTsFYrXjVG8=":0,"xWaU4QmBOkFKDwK16FgWvHmr2LM=":0,"BfNTUpN8FyU5IIxjs6uwCgRrjEw=":0,"TLZJH5MMwzVkGiURo4LRyvCcIbo=":8,"oHehmVOu2QOXIFUamsSdRTrwQi0=":4,"BTdFABoWAolL+d48qg6sctTIGUs=":12,"JflClDZIaqY3BWq7DCb9v5u56aE=":16,"ZuiRjwBQqtsFS8k0dBzeEgyANGs=":16,"SNW!Dhmjv6F0QOxi1R1aoYtdYtU=":0,"NjDi0KOUnSBZDzREmrRTLU!64ww=":0,"1eYNwmht+lvPmD20vtFSaGDxyR0=":0,"7qkRNiTOBR94mPMCHIlKRaxOHAE=":0,"MqeVrDxFPAt0xJOc2YnYlriO9SA=":0,"8vNHkUP0aunj17RTXFhnHZdoeXY=":0,"cDgVoy+1bGS7VuNa9xP!7XO3SOg=":0,"Yl60xQY7AqgOWehg1yDSXRh1NRM=":0,"7yZAx2uRA1LIQ+Dzz1XTuNrncxw=":0,"dT1ZmkvFNZhZGiigkgJUEA4r!SM=":0,"SgaUniTw+De+PGqUinicfeufitA=":0,"SPEmKNCu96GlnsB4tRDfy4IMfK4=":2,"PFTk!kpMe4ugQrDjc90WyREJz5w=":0,"1ci!i6QiqFC6JW40LITW73M4CMc=":2,"H9OwCKnttAG9MfDesYEXaRd0H!w=":0,"yGeV5XShsf56sgbQ+osQR9!Ym0Y=":0,"jYKqcmyHJ!bbOmOMsW74+TpNuk0=":0,"a5q7HP1yo80Ti7DrQvtXft3aXAk=":0,"iH8tyAJspSOFVsJO6HOhkuIVgDw=":0,"NFUL4MqbOzYovi2ntKAWefqnn4w=":0,"kgxKM7SCExxv7X9B0bwhfLJw3ak=":0,"pD3hEO6s+u4oT1xFi!xi95kw9sQ=":0,"0PWDOlEh4DOtL2YgnzfFAKTW9eg=":0,"OuFjHvH3G9nqnb!B0Kcl!QSbEW8=":0,"+A9DKHY9aKy30nAorCnC!!lHjN4=":0,"IDVgew8nmTo4sny9uBXNUqhgEhM=":0,"ScymTvwJgWWl1+Svz0dN0rRHUhc=":0,"2VC!wHx9PYzAcr5Qo8XX2OXEycA=":2,"c4u+IVKRUeN5geUeoSmk5mi7jeI=":0,"LBZfNF!4CtsvZMS45BQOwhIDsss=":2,"oMethhaIK3o!taFdntxGj3HBlqA=":0,"5FdfWpSPloYzM!bp+swyE0Qm+O8=":0,"NyY+3k94WFa9ZL37aBzMn5kRT0A=":0,"gIQZyZ752RYBttoAdhxgd6WaNvQ=":0,"7pA!Jp6aX+8pKVuHA6ITt!UrWa0=":0,"QABvsiNSRDYwezmxeIYr2Rp5j1s=":0,"8PW7nDfmp01XnanE+3Se2HurYwA=":0,"qLSF5vu1qzmPCQjpVlM1089q6lU=":0,"GCDj6ZoJa1BF6osPfdTMnelKrRg=":0,"MTYqvyMhZBYMrypMNROS9TWBFpY=":0,"ZQ5EpY2OFHkkEdb182YV9Jp41yc=":0,"Xc1bkFTsbeC0XOOwPyaXXHvTnWs=":2,"++zYUCU+tnYLOYgP7tVyBSXOSfo=":0,"fFlNsynQSBz3euUyqPDDUDpomv8=":0,"v!s7!r2vzQRGbf4YThHRAtS8o1M=":2,"uVbsQDXJXwwDSu3VO8auqHJ8Bds=":0,"8Ao5hWqaACiDr+zT0IeDfpDqatI=":0,"v8gnv9iO0CnpjjcIAJoX0OUPBiA=":0,"Rsq8AfhXn+C2WHrykrcuBLtKpHk=":2,"UV1oWmbtfD5RB6N6krFxr0wOkcg=":0,"5xU1kKysQlkKGD7jlIH6vLOsAI8=":0,"KdFX0scjKc7d7zCGoQto8GnefVk=":0,"flwgFdcz7ykke+iUNiUh6!DhO0M=":2,"pzNvUDPZ56p4NxqcKybseCi9mI0=":0,"rUMfJfKzw2wEJpgl7dMLtyzfmDU=":0,"IY2DWvzP73gF6JeZq!IyhV1c!nY=":2,"zlmei6IkXsSs+En9V1z0pInPoDk=":0,"mj7yr5Qk4srRFOX92sPHFhdEdWQ=":0,"0qBWDOzfvi1UZUh32evnHRBfR5I=":0,"QVRzMF9qmNUz7exwJE4aNpG7c14=":0,"tL35h1qMzg1iriC+4mj4s7ervmI=":0,"3W!hIqexdbwN2ZMZ1uJ6xGOZr3c=":0,"aXKt8l0njNu7zaxNyOBtgm6+X0Y=":0,"JKjPVc2kRUINV6AImCSCxy+VD0U=":2,"+RAqmynFeQqOCKjfKApN1fjc8Q8=":0,"LYXZRv!UoN2vCFTbeyy51NjozA8=":0,"fcLozqIUhccXZmRWhwgStpjRV2c=":0,"gm0Dk3q8ARZYMxbsTXIImXQ3sVQ=":0,"q4OK7Xj8q9q7dfjaMoBDIG1tsuQ=":0,"cSGeYDr!bieKF0qx33Zp+zcGZSY=":0,"FrQ+VjiHd+HgTbY7Zs5xS2CUgm4=":0,"+eK6t2fadzetVNriA3v0skfboYI=":0,"C+KGj+6obWG4ctULWiLvEPNzjjA=":2,"8ZaY+I!f+xhx5!aeleu2fDDsaDE=":0,"O2Y5YzGAO5cyHR9DBskVgQIBOuM=":2,"eezy3WsfS56M1jYl0xwjbxQTyCk=":0,"pJaeJdyFhWVz8JYrRN3NvLax+Js=":0}