{
  "frames": {
    "achievement-1": {
      "frame": {
        "x": 0,
        "y": 0,
        "w": 24,
        "h": 24
      },
      "rotated": false,
      "trimmed": false,
      "spriteSourceSize": {
        "x": 0,
        "y": 0,
        "w": 24,
        "h": 24
      },
      "sourceSize": {
        "w": 24,
        "h": 24
      }
    },
    "achievement-2": {
      "frame": {
        "x": 26,
        "y": 0,
        "w": 24,
        "h": 24
      },
      "rotated": false,
      "trimmed": false,
      "spriteSourceSize": {
        "x": 0,
        "y": 0,
        "w": 24,
        "h": 24
      },
      "sourceSize": {
        "w": 24,
        "h": 24
      }
    },
    "achievement-3": {
      "frame": {
        "x": 0,
        "y": 26,
        "w": 24,
        "h": 24
      },
      "rotated": false,
      "trimmed": false,
      "spriteSourceSize": {
        "x": 0,
        "y": 0,
        "w": 24,
        "h": 24
      },
      "sourceSize": {
        "w": 24,
        "h": 24
      }
    },
    "achievement-4": {
      "frame": {
        "x": 26,
        "y": 26,
        "w": 24,
        "h": 24
      },
      "rotated": false,
      "trimmed": false,
      "spriteSourceSize": {
        "x": 0,
        "y": 0,
        "w": 24,
        "h": 24
      },
      "sourceSize": {
        "w": 24,
        "h": 24
      }
    },
    "achievement-5": {
      "frame": {
        "x": 52,
        "y": 0,
        "w": 24,
        "h": 24
      },
      "rotated": false,
      "trimmed": false,
      "spriteSourceSize": {
        "x": 0,
        "y": 0,
        "w": 24,
        "h": 24
      },
      "sourceSize": {
        "w": 24,
        "h": 24
      }
    },
    "achievement-6": {
      "frame": {
        "x": 52,
        "y": 26,
        "w": 24,
        "h": 24
      },
      "rotated": false,
      "trimmed": false,
      "spriteSourceSize": {
        "x": 0,
        "y": 0,
        "w": 24,
        "h": 24
      },
      "sourceSize": {
        "w": 24,
        "h": 24
      }
    }
  },
  "meta": {
    "image": "AchievementIcons.png",
    "scale": "1",
    "size": {
      "w": 76,
      "h": 50
    }
  }
}